{
  "type": "FeatureCollection",
  "provider": "spen",
  "generatedAt": "2026-08-22T13:51:50.547Z",
  "stale": false,
  "features": [
    {
      "type": "Feature",
      "id": "spen:current:incd-1410049-s",
      "geometry": {
        "type": "Point",
        "coordinates": [
          -4.6142759,
          55.49987789999999
        ]
      },
      "properties": {
        "providerId": "spen",
        "provider": "SP Energy Networks",
        "feedIds": [
          "live"
        ],
        "reference": "INCD-1410049-s",
        "category": "current",
        "status": "Live Power Cut",
        "type": "current",
        "area": "PRESTWICK",
        "areas": [
          "PRESTWICK"
        ],
        "postcodes": [
          "KA9 1QG",
          "KA9 1QH",
          "KA9 1QS",
          "KA9 1QL",
          "KA9 1PN",
          "KA9 1QY",
          "KA9 1QT",
          "KA9 1PJ",
          "KA9 1AA",
          "KA9 1GG",
          "KA9 1LT"
        ],
        "groupedLocations": [
          {
            "area": "KA9 1QG",
            "lat": 55.500898,
            "lon": -4.617173,
            "reference": "INCD-1410049-s",
            "status": "Live Power Cut",
            "type": "current"
          },
          {
            "area": "KA9 1QH",
            "lat": 55.501356,
            "lon": -4.615098,
            "reference": "INCD-1410049-s",
            "status": "Live Power Cut",
            "type": "current"
          },
          {
            "area": "KA9 1QS",
            "lat": 55.499924,
            "lon": -4.616491,
            "reference": "INCD-1410049-s",
            "status": "Live Power Cut",
            "type": "current"
          },
          {
            "area": "KA9 1QL",
            "lat": 55.499459,
            "lon": -4.618899,
            "reference": "INCD-1410049-s",
            "status": "Live Power Cut",
            "type": "current"
          },
          {
            "area": "KA9 1PN",
            "lat": 55.498973,
            "lon": -4.61429,
            "reference": "INCD-1410049-s",
            "status": "Live Power Cut",
            "type": "current"
          },
          {
            "area": "KA9 1QY",
            "lat": 55.499089,
            "lon": -4.615628,
            "reference": "INCD-1410049-s",
            "status": "Live Power Cut",
            "type": "current"
          },
          {
            "area": "KA9 1QT",
            "lat": 55.500056,
            "lon": -4.614964,
            "reference": "INCD-1410049-s",
            "status": "Live Power Cut",
            "type": "current"
          },
          {
            "area": "KA9 1PJ",
            "lat": 55.499955,
            "lon": -4.612946,
            "reference": "INCD-1410049-s",
            "status": "Live Power Cut",
            "type": "current"
          },
          {
            "area": "KA9 1AA",
            "lat": 55.501144,
            "lon": -4.610729,
            "reference": "INCD-1410049-s",
            "status": "Live Power Cut",
            "type": "current"
          },
          {
            "area": "KA9 1LT",
            "lat": 55.497925,
            "lon": -4.606541,
            "reference": "INCD-1410049-s",
            "status": "Live Power Cut",
            "type": "current"
          }
        ],
        "startedAt": "2026-08-22T13:32:43.000Z",
        "restoreAt": "2026-08-22T17:47:00.000Z",
        "restoreAtText": "22/08/2026, 17:47",
        "updatedAt": "2026-08-22T13:27:14.000Z",
        "officialUrl": "https://powercuts.spenergynetworks.co.uk/map",
        "locationQuality": "postcode_lookup",
        "rawRecordCount": 10,
        "coordinateSpreadKm": 0.533
      }
    },
    {
      "type": "Feature",
      "id": "spen:current:incd-2499356-i",
      "geometry": {
        "type": "Point",
        "coordinates": [
          -4.0899855,
          53.285313
        ]
      },
      "properties": {
        "providerId": "spen",
        "provider": "SP Energy Networks",
        "feedIds": [
          "live"
        ],
        "reference": "INCD-2499356-i",
        "category": "current",
        "status": "Live Power Cut",
        "type": "current",
        "area": "LL58",
        "areas": [
          "LL58"
        ],
        "postcodes": [
          "LL58 8RH",
          "LL58 8LR"
        ],
        "groupedLocations": [
          {
            "area": "LL58 8RH",
            "lat": 53.28518,
            "lon": -4.088104,
            "reference": "INCD-2499356-i",
            "status": "Live Power Cut",
            "type": "current"
          },
          {
            "area": "LL58 8LR",
            "lat": 53.285446,
            "lon": -4.091867,
            "reference": "INCD-2499356-i",
            "status": "Live Power Cut",
            "type": "current"
          }
        ],
        "startedAt": "2026-08-22T04:55:24.000Z",
        "restoreAt": "2026-08-22T16:00:00.000Z",
        "restoreAtText": "22/08/2026, 16:00",
        "updatedAt": "2026-08-22T11:35:00.000Z",
        "officialUrl": "https://powercuts.spenergynetworks.co.uk/map",
        "locationQuality": "postcode_lookup",
        "rawRecordCount": 2,
        "coordinateSpreadKm": 0.126
      }
    },
    {
      "type": "Feature",
      "id": "spen:current:incd-2499218-i",
      "geometry": {
        "type": "Point",
        "coordinates": [
          -2.6859655,
          53.324123
        ]
      },
      "properties": {
        "providerId": "spen",
        "provider": "SP Energy Networks",
        "feedIds": [
          "live"
        ],
        "reference": "INCD-2499218-i",
        "category": "current",
        "status": "Live Power Cut",
        "type": "current",
        "area": "RUNCORN",
        "areas": [
          "RUNCORN"
        ],
        "postcodes": [
          "WA7 2QW",
          "WA7 2QD"
        ],
        "groupedLocations": [
          {
            "area": "WA7 2QW",
            "lat": 53.32361,
            "lon": -2.68607,
            "reference": "INCD-2499218-i",
            "status": "Live Power Cut",
            "type": "current"
          },
          {
            "area": "WA7 2QD",
            "lat": 53.324636,
            "lon": -2.685861,
            "reference": "INCD-2499218-i",
            "status": "Live Power Cut",
            "type": "current"
          }
        ],
        "startedAt": "2026-08-21T15:49:30.000Z",
        "restoreAt": "2026-08-24T08:00:00.000Z",
        "restoreAtText": "24/08/2026, 08:00",
        "updatedAt": "2026-08-22T06:10:12.000Z",
        "officialUrl": "https://powercuts.spenergynetworks.co.uk/map",
        "locationQuality": "postcode_lookup",
        "rawRecordCount": 2,
        "coordinateSpreadKm": 0.057
      }
    },
    {
      "type": "Feature",
      "id": "spen:current:incd-2498702-i",
      "geometry": {
        "type": "Point",
        "coordinates": [
          -3.2625231240310084,
          52.50026159689924
        ]
      },
      "properties": {
        "providerId": "spen",
        "provider": "SP Energy Networks",
        "feedIds": [
          "live"
        ],
        "reference": "INCD-2498702-i",
        "category": "current",
        "status": "Live Power Cut",
        "type": "current",
        "area": "NEWTOWN",
        "areas": [
          "NEWTOWN"
        ],
        "postcodes": [
          "SY16 4BW",
          "SY16 4AH",
          "SY16 4AL",
          "SY16 4AJ",
          "SY16 4BN",
          "SY16 4AS",
          "SY16 4AZ",
          "SY16 4AA",
          "SY16 4AD",
          "SY16 4BG",
          "SY16 4BQ",
          "SY16 3AD",
          "SY16 3AA",
          "SY16 3AB",
          "SY16 4AU",
          "SY16 4AT",
          "SY16 4AB",
          "SY16 4DW",
          "SY16 4PN",
          "SY16 4PW",
          "SY16 4DN",
          "SY16 4PA",
          "SY16 4NY",
          "SY16 3HH",
          "SY16 4PR",
          "SY16 4DU",
          "SY16 4PS",
          "SY16 4NU",
          "SY16 4NS",
          "SY16 4DR",
          "SY16 4DZ",
          "SY16 4DY",
          "SY16 4NQ",
          "SY16 4PJ",
          "SY16 4PD",
          "SY16 4PE",
          "SY16 4PB",
          "SY16 4LH",
          "SY16 4NG",
          "SY15 6NR",
          "SY15 6NS",
          "SY15 6NT",
          "SY7 8PS",
          "SY16 4PH",
          "SY16 4DH",
          "SY16 4PF",
          "SY16 4PQ",
          "SY16 4NH",
          "SY16 4ND",
          "SY16 4NE",
          "SY16 4NB",
          "SY15 6NW",
          "SY15 6NN",
          "SY7 8PR",
          "SY16 4LU",
          "SY16 4LS",
          "SY16 4LT",
          "SY16 4EG",
          "SY16 4LR",
          "SY16 4NA",
          "SY16 4LX",
          "SY16 4HN",
          "SY16 4EQ",
          "SY16 4LY",
          "SY15 6LW",
          "SY16 4HL",
          "SY16 4HW",
          "SY16 4LZ",
          "SY16 4EX",
          "SY16 4HP",
          "SY16 4EY",
          "SY15 6LR",
          "SY16 4EU",
          "SY16 4EP",
          "SY16 4ED",
          "SY16 4EA",
          "SY16 4DL",
          "SY16 4DA",
          "SY16 4DE",
          "SY16 4DD",
          "SY16 4DB",
          "SY16 4NP",
          "SY16 4DF",
          "SY16 4FD",
          "SY16 4FB",
          "SY16 4FA",
          "SY16 4AX",
          "SY16 4JR",
          "SY16 4DX",
          "SY16 3EH",
          "SY16 4NR",
          "SY16 4NT",
          "SY16 4PP",
          "SY16 4EB",
          "SY16 4NX",
          "SY16 4NJ",
          "SY16 4AP",
          "SY16 4AY",
          "SY16 4DT",
          "SY16 4JW",
          "SY16 4DQ",
          "SY16 4PL",
          "SY16 3DN",
          "SY16 4LW",
          "SY16 1BA",
          "SY16 3AH",
          "SY16 4HJ",
          "SY16 4EE",
          "SY16 4DP",
          "SY16 4JP",
          "SY16 3AE",
          "SY16 4BL",
          "SY16 4LP",
          "SY16 4EF",
          "SY16 4PG",
          "SY16 4BH",
          "SY16 4NZ",
          "SY16 4BP",
          "SY16 4NF",
          "SY16 4LN",
          "SY16 4DS",
          "SY16 1AZ",
          "SY16 1JP",
          "SY16 1FE",
          "SY15 6NL",
          "SY15 6LS",
          "SY16 4LJ",
          "SY16 4LL",
          "SY16 4AG"
        ],
        "groupedLocations": [
          {
            "area": "SY16 4BW",
            "lat": 52.459097,
            "lon": -3.34468,
            "reference": "INCD-2498702-i",
            "status": "Live Power Cut",
            "type": "current"
          },
          {
            "area": "SY16 4AH",
            "lat": 52.47188,
            "lon": -3.343289,
            "reference": "INCD-2498702-i",
            "status": "Live Power Cut",
            "type": "current"
          },
          {
            "area": "SY16 4AL",
            "lat": 52.467413,
            "lon": -3.328844,
            "reference": "INCD-2498702-i",
            "status": "Live Power Cut",
            "type": "current"
          },
          {
            "area": "SY16 4AJ",
            "lat": 52.463616,
            "lon": -3.33787,
            "reference": "INCD-2498702-i",
            "status": "Live Power Cut",
            "type": "current"
          },
          {
            "area": "SY16 4BN",
            "lat": 52.475385,
            "lon": -3.320205,
            "reference": "INCD-2498702-i",
            "status": "Live Power Cut",
            "type": "current"
          },
          {
            "area": "SY16 4AS",
            "lat": 52.478445,
            "lon": -3.308591,
            "reference": "INCD-2498702-i",
            "status": "Live Power Cut",
            "type": "current"
          },
          {
            "area": "SY16 4AZ",
            "lat": 52.465888,
            "lon": -3.318066,
            "reference": "INCD-2498702-i",
            "status": "Live Power Cut",
            "type": "current"
          },
          {
            "area": "SY16 4AA",
            "lat": 52.477079,
            "lon": -3.317473,
            "reference": "INCD-2498702-i",
            "status": "Live Power Cut",
            "type": "current"
          },
          {
            "area": "SY16 4AD",
            "lat": 52.490298,
            "lon": -3.314009,
            "reference": "INCD-2498702-i",
            "status": "Live Power Cut",
            "type": "current"
          },
          {
            "area": "SY16 4BG",
            "lat": 52.501167,
            "lon": -3.31647,
            "reference": "INCD-2498702-i",
            "status": "Live Power Cut",
            "type": "current"
          },
          {
            "area": "SY16 4BQ",
            "lat": 52.497146,
            "lon": -3.324717,
            "reference": "INCD-2498702-i",
            "status": "Live Power Cut",
            "type": "current"
          },
          {
            "area": "SY16 3AD",
            "lat": 52.498598,
            "lon": -3.313859,
            "reference": "INCD-2498702-i",
            "status": "Live Power Cut",
            "type": "current"
          },
          {
            "area": "SY16 3AA",
            "lat": 52.508792,
            "lon": -3.316388,
            "reference": "INCD-2498702-i",
            "status": "Live Power Cut",
            "type": "current"
          },
          {
            "area": "SY16 3AB",
            "lat": 52.503502,
            "lon": -3.31595,
            "reference": "INCD-2498702-i",
            "status": "Live Power Cut",
            "type": "current"
          },
          {
            "area": "SY16 4AU",
            "lat": 52.470892,
            "lon": -3.309544,
            "reference": "INCD-2498702-i",
            "status": "Live Power Cut",
            "type": "current"
          },
          {
            "area": "SY16 4AT",
            "lat": 52.479399,
            "lon": -3.300432,
            "reference": "INCD-2498702-i",
            "status": "Live Power Cut",
            "type": "current"
          },
          {
            "area": "SY16 4AB",
            "lat": 52.496034,
            "lon": -3.307522,
            "reference": "INCD-2498702-i",
            "status": "Live Power Cut",
            "type": "current"
          },
          {
            "area": "SY16 4DW",
            "lat": 52.493801,
            "lon": -3.283181,
            "reference": "INCD-2498702-i",
            "status": "Live Power Cut",
            "type": "current"
          },
          {
            "area": "SY16 4PN",
            "lat": 52.484344,
            "lon": -3.267222,
            "reference": "INCD-2498702-i",
            "status": "Live Power Cut",
            "type": "current"
          },
          {
            "area": "SY16 4PW",
            "lat": 52.491268,
            "lon": -3.268849,
            "reference": "INCD-2498702-i",
            "status": "Live Power Cut",
            "type": "current"
          },
          {
            "area": "SY16 4DN",
            "lat": 52.503846,
            "lon": -3.26793,
            "reference": "INCD-2498702-i",
            "status": "Live Power Cut",
            "type": "current"
          },
          {
            "area": "SY16 4PA",
            "lat": 52.490814,
            "lon": -3.256567,
            "reference": "INCD-2498702-i",
            "status": "Live Power Cut",
            "type": "current"
          },
          {
            "area": "SY16 4NY",
            "lat": 52.498288,
            "lon": -3.255528,
            "reference": "INCD-2498702-i",
            "status": "Live Power Cut",
            "type": "current"
          },
          {
            "area": "SY16 3HH",
            "lat": 52.513101,
            "lon": -3.35993,
            "reference": "INCD-2498702-i",
            "status": "Live Power Cut",
            "type": "current"
          },
          {
            "area": "SY16 4PR",
            "lat": 52.500073,
            "lon": -3.255063,
            "reference": "INCD-2498702-i",
            "status": "Live Power Cut",
            "type": "current"
          },
          {
            "area": "SY16 4DU",
            "lat": 52.511902,
            "lon": -3.276311,
            "reference": "INCD-2498702-i",
            "status": "Live Power Cut",
            "type": "current"
          },
          {
            "area": "SY16 4PS",
            "lat": 52.497977,
            "lon": -3.255991,
            "reference": "INCD-2498702-i",
            "status": "Live Power Cut",
            "type": "current"
          },
          {
            "area": "SY16 4NU",
            "lat": 52.501285,
            "lon": -3.259385,
            "reference": "INCD-2498702-i",
            "status": "Live Power Cut",
            "type": "current"
          },
          {
            "area": "SY16 4NS",
            "lat": 52.503527,
            "lon": -3.255751,
            "reference": "INCD-2498702-i",
            "status": "Live Power Cut",
            "type": "current"
          },
          {
            "area": "SY16 4DR",
            "lat": 52.507977,
            "lon": -3.294173,
            "reference": "INCD-2498702-i",
            "status": "Live Power Cut",
            "type": "current"
          },
          {
            "area": "SY16 4DZ",
            "lat": 52.499917,
            "lon": -3.260421,
            "reference": "INCD-2498702-i",
            "status": "Live Power Cut",
            "type": "current"
          },
          {
            "area": "SY16 4DY",
            "lat": 52.505685,
            "lon": -3.253146,
            "reference": "INCD-2498702-i",
            "status": "Live Power Cut",
            "type": "current"
          },
          {
            "area": "SY16 4NQ",
            "lat": 52.516121,
            "lon": -3.256744,
            "reference": "INCD-2498702-i",
            "status": "Live Power Cut",
            "type": "current"
          },
          {
            "area": "SY16 4PJ",
            "lat": 52.479909,
            "lon": -3.244682,
            "reference": "INCD-2498702-i",
            "status": "Live Power Cut",
            "type": "current"
          },
          {
            "area": "SY16 4PD",
            "lat": 52.493141,
            "lon": -3.246573,
            "reference": "INCD-2498702-i",
            "status": "Live Power Cut",
            "type": "current"
          },
          {
            "area": "SY16 4PE",
            "lat": 52.491947,
            "lon": -3.244683,
            "reference": "INCD-2498702-i",
            "status": "Live Power Cut",
            "type": "current"
          },
          {
            "area": "SY16 4PB",
            "lat": 52.49517,
            "lon": -3.251919,
            "reference": "INCD-2498702-i",
            "status": "Live Power Cut",
            "type": "current"
          },
          {
            "area": "SY16 4LH",
            "lat": 52.502203,
            "lon": -3.246564,
            "reference": "INCD-2498702-i",
            "status": "Live Power Cut",
            "type": "current"
          },
          {
            "area": "SY16 4NG",
            "lat": 52.517508,
            "lon": -3.24629,
            "reference": "INCD-2498702-i",
            "status": "Live Power Cut",
            "type": "current"
          },
          {
            "area": "SY15 6NR",
            "lat": 52.526228,
            "lon": -3.240331,
            "reference": "INCD-2498702-i",
            "status": "Live Power Cut",
            "type": "current"
          },
          {
            "area": "SY15 6NS",
            "lat": 52.527296,
            "lon": -3.241364,
            "reference": "INCD-2498702-i",
            "status": "Live Power Cut",
            "type": "current"
          },
          {
            "area": "SY15 6NT",
            "lat": 52.536464,
            "lon": -3.250999,
            "reference": "INCD-2498702-i",
            "status": "Live Power Cut",
            "type": "current"
          },
          {
            "area": "SY7 8PS",
            "lat": 52.464475,
            "lon": -3.236622,
            "reference": "INCD-2498702-i",
            "status": "Live Power Cut",
            "type": "current"
          },
          {
            "area": "SY16 4PH",
            "lat": 52.476689,
            "lon": -3.231885,
            "reference": "INCD-2498702-i",
            "status": "Live Power Cut",
            "type": "current"
          },
          {
            "area": "SY16 4DH",
            "lat": 52.502113,
            "lon": -3.261,
            "reference": "INCD-2498702-i",
            "status": "Live Power Cut",
            "type": "current"
          },
          {
            "area": "SY16 4PF",
            "lat": 52.485529,
            "lon": -3.239421,
            "reference": "INCD-2498702-i",
            "status": "Live Power Cut",
            "type": "current"
          },
          {
            "area": "SY16 4PQ",
            "lat": 52.489923,
            "lon": -3.220634,
            "reference": "INCD-2498702-i",
            "status": "Live Power Cut",
            "type": "current"
          },
          {
            "area": "SY16 4NH",
            "lat": 52.509872,
            "lon": -3.239782,
            "reference": "INCD-2498702-i",
            "status": "Live Power Cut",
            "type": "current"
          },
          {
            "area": "SY16 4ND",
            "lat": 52.51586,
            "lon": -3.224211,
            "reference": "INCD-2498702-i",
            "status": "Live Power Cut",
            "type": "current"
          },
          {
            "area": "SY16 4NE",
            "lat": 52.51561,
            "lon": -3.225737,
            "reference": "INCD-2498702-i",
            "status": "Live Power Cut",
            "type": "current"
          },
          {
            "area": "SY16 4NB",
            "lat": 52.517934,
            "lon": -3.22617,
            "reference": "INCD-2498702-i",
            "status": "Live Power Cut",
            "type": "current"
          },
          {
            "area": "SY15 6NW",
            "lat": 52.524617,
            "lon": -3.22587,
            "reference": "INCD-2498702-i",
            "status": "Live Power Cut",
            "type": "current"
          },
          {
            "area": "SY15 6NN",
            "lat": 52.532312,
            "lon": -3.225907,
            "reference": "INCD-2498702-i",
            "status": "Live Power Cut",
            "type": "current"
          },
          {
            "area": "SY7 8PR",
            "lat": 52.457949,
            "lon": -3.215746,
            "reference": "INCD-2498702-i",
            "status": "Live Power Cut",
            "type": "current"
          },
          {
            "area": "SY16 4LU",
            "lat": 52.511185,
            "lon": -3.226749,
            "reference": "INCD-2498702-i",
            "status": "Live Power Cut",
            "type": "current"
          },
          {
            "area": "SY16 4LS",
            "lat": 52.49549,
            "lon": -3.210859,
            "reference": "INCD-2498702-i",
            "status": "Live Power Cut",
            "type": "current"
          },
          {
            "area": "SY16 4LT",
            "lat": 52.510929,
            "lon": -3.222822,
            "reference": "INCD-2498702-i",
            "status": "Live Power Cut",
            "type": "current"
          },
          {
            "area": "SY16 4EG",
            "lat": 52.504477,
            "lon": -3.212963,
            "reference": "INCD-2498702-i",
            "status": "Live Power Cut",
            "type": "current"
          },
          {
            "area": "SY16 4LR",
            "lat": 52.501851,
            "lon": -3.212154,
            "reference": "INCD-2498702-i",
            "status": "Live Power Cut",
            "type": "current"
          },
          {
            "area": "SY16 4NA",
            "lat": 52.520981,
            "lon": -3.21579,
            "reference": "INCD-2498702-i",
            "status": "Live Power Cut",
            "type": "current"
          },
          {
            "area": "SY16 4LX",
            "lat": 52.512443,
            "lon": -3.210205,
            "reference": "INCD-2498702-i",
            "status": "Live Power Cut",
            "type": "current"
          },
          {
            "area": "SY16 4HN",
            "lat": 52.495382,
            "lon": -3.194977,
            "reference": "INCD-2498702-i",
            "status": "Live Power Cut",
            "type": "current"
          },
          {
            "area": "SY16 4EQ",
            "lat": 52.505081,
            "lon": -3.190688,
            "reference": "INCD-2498702-i",
            "status": "Live Power Cut",
            "type": "current"
          },
          {
            "area": "SY16 4LY",
            "lat": 52.512038,
            "lon": -3.198818,
            "reference": "INCD-2498702-i",
            "status": "Live Power Cut",
            "type": "current"
          },
          {
            "area": "SY15 6LW",
            "lat": 52.532802,
            "lon": -3.203659,
            "reference": "INCD-2498702-i",
            "status": "Live Power Cut",
            "type": "current"
          },
          {
            "area": "SY16 4HL",
            "lat": 52.498399,
            "lon": -3.184556,
            "reference": "INCD-2498702-i",
            "status": "Live Power Cut",
            "type": "current"
          },
          {
            "area": "SY16 4HW",
            "lat": 52.505791,
            "lon": -3.182633,
            "reference": "INCD-2498702-i",
            "status": "Live Power Cut",
            "type": "current"
          },
          {
            "area": "SY16 4LZ",
            "lat": 52.51369,
            "lon": -3.19372,
            "reference": "INCD-2498702-i",
            "status": "Live Power Cut",
            "type": "current"
          },
          {
            "area": "SY16 4EX",
            "lat": 52.513268,
            "lon": -3.182907,
            "reference": "INCD-2498702-i",
            "status": "Live Power Cut",
            "type": "current"
          },
          {
            "area": "SY16 4HP",
            "lat": 52.510253,
            "lon": -3.184977,
            "reference": "INCD-2498702-i",
            "status": "Live Power Cut",
            "type": "current"
          },
          {
            "area": "SY16 4EY",
            "lat": 52.5237,
            "lon": -3.183438,
            "reference": "INCD-2498702-i",
            "status": "Live Power Cut",
            "type": "current"
          },
          {
            "area": "SY15 6LR",
            "lat": 52.527837,
            "lon": -3.193175,
            "reference": "INCD-2498702-i",
            "status": "Live Power Cut",
            "type": "current"
          },
          {
            "area": "SY16 4EU",
            "lat": 52.51357,
            "lon": -3.174206,
            "reference": "INCD-2498702-i",
            "status": "Live Power Cut",
            "type": "current"
          },
          {
            "area": "SY16 4EP",
            "lat": 52.523402,
            "lon": -3.16188,
            "reference": "INCD-2498702-i",
            "status": "Live Power Cut",
            "type": "current"
          },
          {
            "area": "SY16 4ED",
            "lat": 52.499903,
            "lon": -3.262586,
            "reference": "INCD-2498702-i",
            "status": "Live Power Cut",
            "type": "current"
          },
          {
            "area": "SY16 4EA",
            "lat": 52.500108,
            "lon": -3.262754,
            "reference": "INCD-2498702-i",
            "status": "Live Power Cut",
            "type": "current"
          },
          {
            "area": "SY16 4DL",
            "lat": 52.500841,
            "lon": -3.261464,
            "reference": "INCD-2498702-i",
            "status": "Live Power Cut",
            "type": "current"
          },
          {
            "area": "SY16 4DA",
            "lat": 52.501763,
            "lon": -3.26015,
            "reference": "INCD-2498702-i",
            "status": "Live Power Cut",
            "type": "current"
          },
          {
            "area": "SY16 4DE",
            "lat": 52.502171,
            "lon": -3.259852,
            "reference": "INCD-2498702-i",
            "status": "Live Power Cut",
            "type": "current"
          },
          {
            "area": "SY16 4DD",
            "lat": 52.501568,
            "lon": -3.259894,
            "reference": "INCD-2498702-i",
            "status": "Live Power Cut",
            "type": "current"
          },
          {
            "area": "SY16 4DB",
            "lat": 52.502413,
            "lon": -3.262437,
            "reference": "INCD-2498702-i",
            "status": "Live Power Cut",
            "type": "current"
          },
          {
            "area": "SY16 4NP",
            "lat": 52.501814,
            "lon": -3.256218,
            "reference": "INCD-2498702-i",
            "status": "Live Power Cut",
            "type": "current"
          },
          {
            "area": "SY16 4DF",
            "lat": 52.501189,
            "lon": -3.262564,
            "reference": "INCD-2498702-i",
            "status": "Live Power Cut",
            "type": "current"
          },
          {
            "area": "SY16 4FD",
            "lat": 52.500434,
            "lon": -3.262499,
            "reference": "INCD-2498702-i",
            "status": "Live Power Cut",
            "type": "current"
          },
          {
            "area": "SY16 4FB",
            "lat": 52.500396,
            "lon": -3.264398,
            "reference": "INCD-2498702-i",
            "status": "Live Power Cut",
            "type": "current"
          },
          {
            "area": "SY16 4FA",
            "lat": 52.499998,
            "lon": -3.263768,
            "reference": "INCD-2498702-i",
            "status": "Live Power Cut",
            "type": "current"
          },
          {
            "area": "SY16 4AX",
            "lat": 52.46895,
            "lon": -3.295619,
            "reference": "INCD-2498702-i",
            "status": "Live Power Cut",
            "type": "current"
          },
          {
            "area": "SY16 4JR",
            "lat": 52.464102,
            "lon": -3.354357,
            "reference": "INCD-2498702-i",
            "status": "Live Power Cut",
            "type": "current"
          },
          {
            "area": "SY16 4DX",
            "lat": 52.512225,
            "lon": -3.262085,
            "reference": "INCD-2498702-i",
            "status": "Live Power Cut",
            "type": "current"
          },
          {
            "area": "SY16 3EH",
            "lat": 52.578774,
            "lon": -3.334866,
            "reference": "INCD-2498702-i",
            "status": "Live Power Cut",
            "type": "current"
          },
          {
            "area": "SY16 4NR",
            "lat": 52.501536,
            "lon": -3.256947,
            "reference": "INCD-2498702-i",
            "status": "Live Power Cut",
            "type": "current"
          },
          {
            "area": "SY16 4NT",
            "lat": 52.501386,
            "lon": -3.257517,
            "reference": "INCD-2498702-i",
            "status": "Live Power Cut",
            "type": "current"
          },
          {
            "area": "SY16 4PP",
            "lat": 52.500788,
            "lon": -3.256306,
            "reference": "INCD-2498702-i",
            "status": "Live Power Cut",
            "type": "current"
          },
          {
            "area": "SY16 4EB",
            "lat": 52.499982,
            "lon": -3.258479,
            "reference": "INCD-2498702-i",
            "status": "Live Power Cut",
            "type": "current"
          },
          {
            "area": "SY16 4NX",
            "lat": 52.500252,
            "lon": -3.257647,
            "reference": "INCD-2498702-i",
            "status": "Live Power Cut",
            "type": "current"
          },
          {
            "area": "SY16 4NJ",
            "lat": 52.500419,
            "lon": -3.259699,
            "reference": "INCD-2498702-i",
            "status": "Live Power Cut",
            "type": "current"
          },
          {
            "area": "SY16 4AP",
            "lat": 52.500899,
            "lon": -3.25768,
            "reference": "INCD-2498702-i",
            "status": "Live Power Cut",
            "type": "current"
          },
          {
            "area": "SY16 4AY",
            "lat": 52.452705,
            "lon": -3.312669,
            "reference": "INCD-2498702-i",
            "status": "Live Power Cut",
            "type": "current"
          },
          {
            "area": "SY16 4DT",
            "lat": 52.507111,
            "lon": -3.266167,
            "reference": "INCD-2498702-i",
            "status": "Live Power Cut",
            "type": "current"
          },
          {
            "area": "SY16 4JW",
            "lat": 52.474367,
            "lon": -3.367923,
            "reference": "INCD-2498702-i",
            "status": "Live Power Cut",
            "type": "current"
          },
          {
            "area": "SY16 4DQ",
            "lat": 52.511225,
            "lon": -3.176825,
            "reference": "INCD-2498702-i",
            "status": "Live Power Cut",
            "type": "current"
          },
          {
            "area": "SY16 4PL",
            "lat": 52.483193,
            "lon": -3.2504,
            "reference": "INCD-2498702-i",
            "status": "Live Power Cut",
            "type": "current"
          },
          {
            "area": "SY16 3DN",
            "lat": 52.515262,
            "lon": -3.286444,
            "reference": "INCD-2498702-i",
            "status": "Live Power Cut",
            "type": "current"
          },
          {
            "area": "SY16 4LW",
            "lat": 52.504761,
            "lon": -3.233244,
            "reference": "INCD-2498702-i",
            "status": "Live Power Cut",
            "type": "current"
          },
          {
            "area": "SY16 1BA",
            "lat": 52.511019,
            "lon": -3.315865,
            "reference": "INCD-2498702-i",
            "status": "Live Power Cut",
            "type": "current"
          },
          {
            "area": "SY16 3AH",
            "lat": 52.516502,
            "lon": -3.298845,
            "reference": "INCD-2498702-i",
            "status": "Live Power Cut",
            "type": "current"
          },
          {
            "area": "SY16 4HJ",
            "lat": 52.498536,
            "lon": -3.178092,
            "reference": "INCD-2498702-i",
            "status": "Live Power Cut",
            "type": "current"
          },
          {
            "area": "SY16 4EE",
            "lat": 52.512864,
            "lon": -3.29943,
            "reference": "INCD-2498702-i",
            "status": "Live Power Cut",
            "type": "current"
          },
          {
            "area": "SY16 4DP",
            "lat": 52.501538,
            "lon": -3.298374,
            "reference": "INCD-2498702-i",
            "status": "Live Power Cut",
            "type": "current"
          },
          {
            "area": "SY16 4JP",
            "lat": 52.463422,
            "lon": -3.37749,
            "reference": "INCD-2498702-i",
            "status": "Live Power Cut",
            "type": "current"
          },
          {
            "area": "SY16 3AE",
            "lat": 52.508638,
            "lon": -3.305185,
            "reference": "INCD-2498702-i",
            "status": "Live Power Cut",
            "type": "current"
          },
          {
            "area": "SY16 4BL",
            "lat": 52.479429,
            "lon": -3.338807,
            "reference": "INCD-2498702-i",
            "status": "Live Power Cut",
            "type": "current"
          },
          {
            "area": "SY16 4LP",
            "lat": 52.502086,
            "lon": -3.222473,
            "reference": "INCD-2498702-i",
            "status": "Live Power Cut",
            "type": "current"
          },
          {
            "area": "SY16 4EF",
            "lat": 52.511931,
            "lon": -3.281086,
            "reference": "INCD-2498702-i",
            "status": "Live Power Cut",
            "type": "current"
          },
          {
            "area": "SY16 4PG",
            "lat": 52.495592,
            "lon": -3.235742,
            "reference": "INCD-2498702-i",
            "status": "Live Power Cut",
            "type": "current"
          },
          {
            "area": "SY16 4BH",
            "lat": 52.492921,
            "lon": -3.331056,
            "reference": "INCD-2498702-i",
            "status": "Live Power Cut",
            "type": "current"
          },
          {
            "area": "SY16 4NZ",
            "lat": 52.495675,
            "lon": -3.258532,
            "reference": "INCD-2498702-i",
            "status": "Live Power Cut",
            "type": "current"
          },
          {
            "area": "SY16 4BP",
            "lat": 52.446598,
            "lon": -3.378422,
            "reference": "INCD-2498702-i",
            "status": "Live Power Cut",
            "type": "current"
          },
          {
            "area": "SY16 4NF",
            "lat": 52.519155,
            "lon": -3.234959,
            "reference": "INCD-2498702-i",
            "status": "Live Power Cut",
            "type": "current"
          },
          {
            "area": "SY16 4LN",
            "lat": 52.501452,
            "lon": -3.23682,
            "reference": "INCD-2498702-i",
            "status": "Live Power Cut",
            "type": "current"
          },
          {
            "area": "SY16 4DS",
            "lat": 52.507006,
            "lon": -3.281753,
            "reference": "INCD-2498702-i",
            "status": "Live Power Cut",
            "type": "current"
          },
          {
            "area": "SY16 1AZ",
            "lat": 52.504595,
            "lon": -3.32276,
            "reference": "INCD-2498702-i",
            "status": "Live Power Cut",
            "type": "current"
          },
          {
            "area": "SY16 1JP",
            "lat": 52.505791,
            "lon": -3.321882,
            "reference": "INCD-2498702-i",
            "status": "Live Power Cut",
            "type": "current"
          },
          {
            "area": "SY16 1FE",
            "lat": 52.504363,
            "lon": -3.324182,
            "reference": "INCD-2498702-i",
            "status": "Live Power Cut",
            "type": "current"
          },
          {
            "area": "SY15 6NL",
            "lat": 52.542559,
            "lon": -3.23044,
            "reference": "INCD-2498702-i",
            "status": "Live Power Cut",
            "type": "current"
          },
          {
            "area": "SY15 6LS",
            "lat": 52.52428,
            "lon": -3.196439,
            "reference": "INCD-2498702-i",
            "status": "Live Power Cut",
            "type": "current"
          },
          {
            "area": "SY16 4LJ",
            "lat": 52.499103,
            "lon": -3.243913,
            "reference": "INCD-2498702-i",
            "status": "Live Power Cut",
            "type": "current"
          },
          {
            "area": "SY16 4LL",
            "lat": 52.498058,
            "lon": -3.243236,
            "reference": "INCD-2498702-i",
            "status": "Live Power Cut",
            "type": "current"
          },
          {
            "area": "SY16 4AG",
            "lat": 52.480223,
            "lon": -3.334575,
            "reference": "INCD-2498702-i",
            "status": "Live Power Cut",
            "type": "current"
          }
        ],
        "startedAt": "2026-08-20T16:12:02.000Z",
        "restoreAt": "2026-08-20T18:12:00.000Z",
        "restoreAtText": "20/08/2026, 18:12",
        "updatedAt": "2026-08-20T18:29:08.000Z",
        "officialUrl": "https://powercuts.spenergynetworks.co.uk/map",
        "locationQuality": "postcode_lookup",
        "rawRecordCount": 129,
        "coordinateSpreadKm": 10.008
      }
    },
    {
      "type": "Feature",
      "id": "spen:planned:incd-2493344-i",
      "geometry": {
        "type": "Point",
        "coordinates": [
          -2.523299058823529,
          53.36355611764705
        ]
      },
      "properties": {
        "providerId": "spen",
        "provider": "SP Energy Networks",
        "feedIds": [
          "live"
        ],
        "reference": "INCD-2493344-i",
        "category": "planned",
        "status": "Live Power Cut",
        "type": "current",
        "area": "WA4, WA13, CW7",
        "areas": [
          "WA4, WA13, CW7"
        ],
        "postcodes": [
          "WA4 3JP",
          "WA4 3LD",
          "WA4 3AA",
          "WA4 2TS",
          "WA4 3LE",
          "WA4 3JN",
          "WA4 3JL",
          "WA4 3JU",
          "WA4 3JT",
          "WA4 3JG",
          "WA4 3JQ",
          "WA4 3JS",
          "WA4 3JR",
          "WA4 3JJ",
          "WA4 3JW",
          "WA4 3JH",
          "WA13 0PH",
          "CW7 2DZ"
        ],
        "groupedLocations": [
          {
            "area": "WA4 3JP",
            "lat": 53.374172,
            "lon": -2.52094,
            "reference": "INCD-2493344-i",
            "status": "Live Power Cut",
            "type": "current"
          },
          {
            "area": "WA4 3LD",
            "lat": 53.37267,
            "lon": -2.533502,
            "reference": "INCD-2493344-i",
            "status": "Live Power Cut",
            "type": "current"
          },
          {
            "area": "WA4 3AA",
            "lat": 53.372531,
            "lon": -2.532313,
            "reference": "INCD-2493344-i",
            "status": "Live Power Cut",
            "type": "current"
          },
          {
            "area": "WA4 2TS",
            "lat": 53.374687,
            "lon": -2.53267,
            "reference": "INCD-2493344-i",
            "status": "Live Power Cut",
            "type": "current"
          },
          {
            "area": "WA4 3LE",
            "lat": 53.37307,
            "lon": -2.532515,
            "reference": "INCD-2493344-i",
            "status": "Live Power Cut",
            "type": "current"
          },
          {
            "area": "WA4 3JN",
            "lat": 53.374478,
            "lon": -2.516825,
            "reference": "INCD-2493344-i",
            "status": "Live Power Cut",
            "type": "current"
          },
          {
            "area": "WA4 3JL",
            "lat": 53.372485,
            "lon": -2.516154,
            "reference": "INCD-2493344-i",
            "status": "Live Power Cut",
            "type": "current"
          },
          {
            "area": "WA4 3JU",
            "lat": 53.373571,
            "lon": -2.531003,
            "reference": "INCD-2493344-i",
            "status": "Live Power Cut",
            "type": "current"
          },
          {
            "area": "WA4 3JT",
            "lat": 53.374327,
            "lon": -2.530847,
            "reference": "INCD-2493344-i",
            "status": "Live Power Cut",
            "type": "current"
          },
          {
            "area": "WA4 3JG",
            "lat": 53.376324,
            "lon": -2.51823,
            "reference": "INCD-2493344-i",
            "status": "Live Power Cut",
            "type": "current"
          },
          {
            "area": "WA4 3JS",
            "lat": 53.374155,
            "lon": -2.529041,
            "reference": "INCD-2493344-i",
            "status": "Live Power Cut",
            "type": "current"
          },
          {
            "area": "WA4 3JR",
            "lat": 53.374649,
            "lon": -2.527153,
            "reference": "INCD-2493344-i",
            "status": "Live Power Cut",
            "type": "current"
          },
          {
            "area": "WA4 3JJ",
            "lat": 53.373577,
            "lon": -2.513267,
            "reference": "INCD-2493344-i",
            "status": "Live Power Cut",
            "type": "current"
          },
          {
            "area": "WA4 3JW",
            "lat": 53.375232,
            "lon": -2.516999,
            "reference": "INCD-2493344-i",
            "status": "Live Power Cut",
            "type": "current"
          },
          {
            "area": "WA4 3JH",
            "lat": 53.375516,
            "lon": -2.51574,
            "reference": "INCD-2493344-i",
            "status": "Live Power Cut",
            "type": "current"
          },
          {
            "area": "WA13 0PH",
            "lat": 53.375658,
            "lon": -2.507971,
            "reference": "INCD-2493344-i",
            "status": "Live Power Cut",
            "type": "current"
          },
          {
            "area": "CW7 2DZ",
            "lat": 53.193352,
            "lon": -2.520914,
            "reference": "INCD-2493344-i",
            "status": "Live Power Cut",
            "type": "current"
          }
        ],
        "startedAt": "2026-08-04T11:37:59.000Z",
        "restoreAt": null,
        "restoreAtText": "We have repaired the problem with the electricity supply in your area. There may still be some tidying up to do, and any details have been passed to our Maintenance department, who will attend to it as soon as possibl...",
        "updatedAt": "2026-08-05T00:56:58.000Z",
        "officialUrl": "https://powercuts.spenergynetworks.co.uk/map",
        "locationQuality": "postcode_lookup",
        "rawRecordCount": 17,
        "coordinateSpreadKm": 18.926
      }
    },
    {
      "type": "Feature",
      "id": "spen:planned:incd-655066-r",
      "geometry": {
        "type": "Point",
        "coordinates": [
          -3.9122673333333338,
          52.954327666666664
        ]
      },
      "properties": {
        "providerId": "spen",
        "provider": "SP Energy Networks",
        "feedIds": [
          "live"
        ],
        "reference": "INCD-655066-r",
        "category": "planned",
        "status": "In Progress",
        "type": "planned",
        "area": "LL41",
        "areas": [
          "LL41"
        ],
        "postcodes": [
          "LL41 4PY",
          "LL41 4PS",
          "LL41 4PT"
        ],
        "groupedLocations": [
          {
            "area": "LL41 4PY",
            "lat": 52.948579,
            "lon": -3.912341,
            "reference": "INCD-655066-r",
            "status": "In Progress",
            "type": "planned"
          },
          {
            "area": "LL41 4PS",
            "lat": 52.962083,
            "lon": -3.915081,
            "reference": "INCD-655066-r",
            "status": "In Progress",
            "type": "planned"
          },
          {
            "area": "LL41 4PT",
            "lat": 52.952321,
            "lon": -3.90938,
            "reference": "INCD-655066-r",
            "status": "In Progress",
            "type": "planned"
          }
        ],
        "startedAt": "2026-07-27T09:27:00.000Z",
        "restoreAt": "2026-08-22T13:30:00.000Z",
        "restoreAtText": "22/08/2026, 13:30",
        "updatedAt": null,
        "officialUrl": "https://powercuts.spenergynetworks.co.uk/map",
        "locationQuality": "postcode_lookup",
        "rawRecordCount": 3,
        "coordinateSpreadKm": 0.883
      }
    },
    {
      "type": "Feature",
      "id": "spen:restored:incd-2499422-i",
      "geometry": {
        "type": "Point",
        "coordinates": [
          -3.052444,
          53.266466
        ]
      },
      "properties": {
        "providerId": "spen",
        "provider": "SP Energy Networks",
        "feedIds": [
          "live"
        ],
        "reference": "INCD-2499422-i",
        "category": "restored",
        "status": "Restored",
        "type": "restored",
        "area": "BURTON and NESTON",
        "areas": [
          "BURTON and NESTON"
        ],
        "postcodes": [
          "CH64 0TG"
        ],
        "groupedLocations": [
          {
            "area": "CH64 0TG",
            "lat": 53.266466,
            "lon": -3.052444,
            "reference": "INCD-2499422-i",
            "status": "Restored",
            "type": "restored"
          }
        ],
        "startedAt": "2026-08-22T12:21:55.000Z",
        "restoreAt": "2026-08-22T14:21:00.000Z",
        "restoreAtText": "22/08/2026, 14:21",
        "updatedAt": "2026-08-22T11:22:39.000Z",
        "officialUrl": "https://powercuts.spenergynetworks.co.uk/map",
        "locationQuality": "postcode_lookup",
        "rawRecordCount": 1,
        "coordinateSpreadKm": 0
      }
    },
    {
      "type": "Feature",
      "id": "spen:restored:incd-660094-r",
      "geometry": {
        "type": "Point",
        "coordinates": [
          -3.4918126999999997,
          53.3191326
        ]
      },
      "properties": {
        "providerId": "spen",
        "provider": "SP Energy Networks",
        "feedIds": [
          "live"
        ],
        "reference": "INCD-660094-r",
        "category": "restored",
        "status": "Restored",
        "type": "restored",
        "area": "RHYL",
        "areas": [
          "RHYL"
        ],
        "postcodes": [
          "LL18 1BW",
          "LL18 1BP",
          "LL18 1SP",
          "LL18 1SW",
          "LL18 1BA",
          "LL18 1BD",
          "LL18 1BN",
          "LL18 1AB",
          "LL18 1AG",
          "LL18 1BX"
        ],
        "groupedLocations": [
          {
            "area": "LL18 1BW",
            "lat": 53.318805,
            "lon": -3.491417,
            "reference": "INCD-660094-r",
            "status": "Restored",
            "type": "restored"
          },
          {
            "area": "LL18 1BP",
            "lat": 53.31834,
            "lon": -3.491941,
            "reference": "INCD-660094-r",
            "status": "Restored",
            "type": "restored"
          },
          {
            "area": "LL18 1SP",
            "lat": 53.320174,
            "lon": -3.492636,
            "reference": "INCD-660094-r",
            "status": "Restored",
            "type": "restored"
          },
          {
            "area": "LL18 1SW",
            "lat": 53.31971,
            "lon": -3.492379,
            "reference": "INCD-660094-r",
            "status": "Restored",
            "type": "restored"
          },
          {
            "area": "LL18 1BA",
            "lat": 53.31938,
            "lon": -3.491467,
            "reference": "INCD-660094-r",
            "status": "Restored",
            "type": "restored"
          },
          {
            "area": "LL18 1BD",
            "lat": 53.318938,
            "lon": -3.492292,
            "reference": "INCD-660094-r",
            "status": "Restored",
            "type": "restored"
          },
          {
            "area": "LL18 1BN",
            "lat": 53.319077,
            "lon": -3.492643,
            "reference": "INCD-660094-r",
            "status": "Restored",
            "type": "restored"
          },
          {
            "area": "LL18 1AB",
            "lat": 53.319829,
            "lon": -3.491498,
            "reference": "INCD-660094-r",
            "status": "Restored",
            "type": "restored"
          },
          {
            "area": "LL18 1AG",
            "lat": 53.318358,
            "lon": -3.491191,
            "reference": "INCD-660094-r",
            "status": "Restored",
            "type": "restored"
          },
          {
            "area": "LL18 1BX",
            "lat": 53.318715,
            "lon": -3.490663,
            "reference": "INCD-660094-r",
            "status": "Restored",
            "type": "restored"
          }
        ],
        "startedAt": "2026-08-22T12:16:56.000Z",
        "restoreAt": "2026-08-22T16:31:00.000Z",
        "restoreAtText": "22/08/2026, 16:31",
        "updatedAt": "2026-08-22T12:40:45.000Z",
        "officialUrl": "https://powercuts.spenergynetworks.co.uk/map",
        "locationQuality": "postcode_lookup",
        "rawRecordCount": 10,
        "coordinateSpreadKm": 0.128
      }
    },
    {
      "type": "Feature",
      "id": "spen:restored:incd-1410031-s",
      "geometry": {
        "type": "Point",
        "coordinates": [
          -4.0600685,
          54.9977315
        ]
      },
      "properties": {
        "providerId": "spen",
        "provider": "SP Energy Networks",
        "feedIds": [
          "live"
        ],
        "reference": "INCD-1410031-s",
        "category": "restored",
        "status": "Restored",
        "type": "restored",
        "area": "CASTLE DOUGLAS",
        "areas": [
          "CASTLE DOUGLAS"
        ],
        "postcodes": [
          "DG7 2NE",
          "DG7 2LZ"
        ],
        "groupedLocations": [
          {
            "area": "DG7 2NE",
            "lat": 55.005585,
            "lon": -4.072924,
            "reference": "INCD-1410031-s",
            "status": "Restored",
            "type": "restored"
          },
          {
            "area": "DG7 2LZ",
            "lat": 54.989878,
            "lon": -4.047213,
            "reference": "INCD-1410031-s",
            "status": "Restored",
            "type": "restored"
          }
        ],
        "startedAt": "2026-08-22T12:09:13.000Z",
        "restoreAt": "2026-08-22T14:09:00.000Z",
        "restoreAtText": "22/08/2026, 14:09",
        "updatedAt": "2026-08-22T11:10:19.000Z",
        "officialUrl": "https://powercuts.spenergynetworks.co.uk/map",
        "locationQuality": "postcode_lookup",
        "rawRecordCount": 2,
        "coordinateSpreadKm": 1.198
      }
    },
    {
      "type": "Feature",
      "id": "spen:restored:incd-2499392-i",
      "geometry": {
        "type": "Point",
        "coordinates": [
          -4.1179068,
          53.23172470000001
        ]
      },
      "properties": {
        "providerId": "spen",
        "provider": "SP Energy Networks",
        "feedIds": [
          "live"
        ],
        "reference": "INCD-2499392-i",
        "category": "restored",
        "status": "Restored",
        "type": "restored",
        "area": "LL57",
        "areas": [
          "LL57"
        ],
        "postcodes": [
          "LL57 1BT",
          "LL57 1BL",
          "LL57 1DE",
          "LL57 1DF",
          "LL57 1BU",
          "LL57 1DG",
          "LL57 1DB",
          "LL57 1DL",
          "LL57 1DD",
          "LL57 1DH"
        ],
        "groupedLocations": [
          {
            "area": "LL57 1BT",
            "lat": 53.232371,
            "lon": -4.119561,
            "reference": "INCD-2499392-i",
            "status": "Restored",
            "type": "restored"
          },
          {
            "area": "LL57 1BL",
            "lat": 53.231538,
            "lon": -4.118367,
            "reference": "INCD-2499392-i",
            "status": "Restored",
            "type": "restored"
          },
          {
            "area": "LL57 1DE",
            "lat": 53.231576,
            "lon": -4.117769,
            "reference": "INCD-2499392-i",
            "status": "Restored",
            "type": "restored"
          },
          {
            "area": "LL57 1DF",
            "lat": 53.231905,
            "lon": -4.117995,
            "reference": "INCD-2499392-i",
            "status": "Restored",
            "type": "restored"
          },
          {
            "area": "LL57 1BU",
            "lat": 53.232807,
            "lon": -4.119328,
            "reference": "INCD-2499392-i",
            "status": "Restored",
            "type": "restored"
          },
          {
            "area": "LL57 1DG",
            "lat": 53.232072,
            "lon": -4.117704,
            "reference": "INCD-2499392-i",
            "status": "Restored",
            "type": "restored"
          },
          {
            "area": "LL57 1DB",
            "lat": 53.231287,
            "lon": -4.11786,
            "reference": "INCD-2499392-i",
            "status": "Restored",
            "type": "restored"
          },
          {
            "area": "LL57 1DL",
            "lat": 53.231166,
            "lon": -4.116071,
            "reference": "INCD-2499392-i",
            "status": "Restored",
            "type": "restored"
          },
          {
            "area": "LL57 1DD",
            "lat": 53.23123,
            "lon": -4.117497,
            "reference": "INCD-2499392-i",
            "status": "Restored",
            "type": "restored"
          },
          {
            "area": "LL57 1DH",
            "lat": 53.231295,
            "lon": -4.116916,
            "reference": "INCD-2499392-i",
            "status": "Restored",
            "type": "restored"
          }
        ],
        "startedAt": "2026-08-22T10:34:11.000Z",
        "restoreAt": "2026-08-22T15:00:00.000Z",
        "restoreAtText": "22/08/2026, 15:00",
        "updatedAt": "2026-08-22T12:57:11.000Z",
        "officialUrl": "https://powercuts.spenergynetworks.co.uk/map",
        "locationQuality": "postcode_lookup",
        "rawRecordCount": 10,
        "coordinateSpreadKm": 0.153
      }
    },
    {
      "type": "Feature",
      "id": "spen:restored:incd-660070-r",
      "geometry": {
        "type": "Point",
        "coordinates": [
          -3.093022999999999,
          52.962521416666675
        ]
      },
      "properties": {
        "providerId": "spen",
        "provider": "SP Energy Networks",
        "feedIds": [
          "live"
        ],
        "reference": "INCD-660070-r",
        "category": "restored",
        "status": "Restored",
        "type": "restored",
        "area": "LLANGOLLEN",
        "areas": [
          "LLANGOLLEN"
        ],
        "postcodes": [
          "LL20 7RR",
          "LL20 7PU",
          "LL20 7SU",
          "LL20 7RW",
          "LL20 7SF",
          "LL20 7RS",
          "LL20 7RN",
          "LL20 7SG",
          "LL20 7SH",
          "LL20 7RP",
          "LL20 7PY",
          "LL20 7PT"
        ],
        "groupedLocations": [
          {
            "area": "LL20 7RR",
            "lat": 52.961037,
            "lon": -3.096611,
            "reference": "INCD-660070-r",
            "status": "Restored",
            "type": "restored"
          },
          {
            "area": "LL20 7PU",
            "lat": 52.961849,
            "lon": -3.097257,
            "reference": "INCD-660070-r",
            "status": "Restored",
            "type": "restored"
          },
          {
            "area": "LL20 7SU",
            "lat": 52.9632,
            "lon": -3.087226,
            "reference": "INCD-660070-r",
            "status": "Restored",
            "type": "restored"
          },
          {
            "area": "LL20 7RW",
            "lat": 52.963571,
            "lon": -3.086953,
            "reference": "INCD-660070-r",
            "status": "Restored",
            "type": "restored"
          },
          {
            "area": "LL20 7SF",
            "lat": 52.962562,
            "lon": -3.089131,
            "reference": "INCD-660070-r",
            "status": "Restored",
            "type": "restored"
          },
          {
            "area": "LL20 7RS",
            "lat": 52.961228,
            "lon": -3.093444,
            "reference": "INCD-660070-r",
            "status": "Restored",
            "type": "restored"
          },
          {
            "area": "LL20 7RN",
            "lat": 52.963456,
            "lon": -3.086682,
            "reference": "INCD-660070-r",
            "status": "Restored",
            "type": "restored"
          },
          {
            "area": "LL20 7SG",
            "lat": 52.962774,
            "lon": -3.089523,
            "reference": "INCD-660070-r",
            "status": "Restored",
            "type": "restored"
          },
          {
            "area": "LL20 7SH",
            "lat": 52.962526,
            "lon": -3.090098,
            "reference": "INCD-660070-r",
            "status": "Restored",
            "type": "restored"
          },
          {
            "area": "LL20 7RP",
            "lat": 52.963112,
            "lon": -3.090946,
            "reference": "INCD-660070-r",
            "status": "Restored",
            "type": "restored"
          },
          {
            "area": "LL20 7PY",
            "lat": 52.963791,
            "lon": -3.088388,
            "reference": "INCD-660070-r",
            "status": "Restored",
            "type": "restored"
          },
          {
            "area": "LL20 7PT",
            "lat": 52.961151,
            "lon": -3.120017,
            "reference": "INCD-660070-r",
            "status": "Restored",
            "type": "restored"
          }
        ],
        "startedAt": "2026-08-22T09:59:29.000Z",
        "restoreAt": "2026-08-22T11:59:00.000Z",
        "restoreAtText": "22/08/2026, 11:59",
        "updatedAt": "2026-08-22T11:16:50.000Z",
        "officialUrl": "https://powercuts.spenergynetworks.co.uk/map",
        "locationQuality": "postcode_lookup",
        "rawRecordCount": 12,
        "coordinateSpreadKm": 1.814
      }
    },
    {
      "type": "Feature",
      "id": "spen:restored:incd-2499368-i",
      "geometry": {
        "type": "Point",
        "coordinates": [
          -3.975856857142858,
          53.25010142857143
        ]
      },
      "properties": {
        "providerId": "spen",
        "provider": "SP Energy Networks",
        "feedIds": [
          "live"
        ],
        "reference": "INCD-2499368-i",
        "category": "restored",
        "status": "Restored",
        "type": "restored",
        "area": "LLANFAIRFECHAN",
        "areas": [
          "LLANFAIRFECHAN"
        ],
        "postcodes": [
          "LL33 0UU",
          "LL33 0UT",
          "LL33 0UR",
          "LL33 0EB",
          "LL33 0UW",
          "LL33 0AA",
          "LL33 0HP"
        ],
        "groupedLocations": [
          {
            "area": "LL33 0UU",
            "lat": 53.248838,
            "lon": -3.974317,
            "reference": "INCD-2499368-i",
            "status": "Restored",
            "type": "restored"
          },
          {
            "area": "LL33 0UT",
            "lat": 53.249166,
            "lon": -3.975096,
            "reference": "INCD-2499368-i",
            "status": "Restored",
            "type": "restored"
          },
          {
            "area": "LL33 0UR",
            "lat": 53.249574,
            "lon": -3.97489,
            "reference": "INCD-2499368-i",
            "status": "Restored",
            "type": "restored"
          },
          {
            "area": "LL33 0EB",
            "lat": 53.248291,
            "lon": -3.9769,
            "reference": "INCD-2499368-i",
            "status": "Restored",
            "type": "restored"
          },
          {
            "area": "LL33 0UW",
            "lat": 53.250073,
            "lon": -3.976277,
            "reference": "INCD-2499368-i",
            "status": "Restored",
            "type": "restored"
          },
          {
            "area": "LL33 0AA",
            "lat": 53.252798,
            "lon": -3.975114,
            "reference": "INCD-2499368-i",
            "status": "Restored",
            "type": "restored"
          },
          {
            "area": "LL33 0HP",
            "lat": 53.25197,
            "lon": -3.978404,
            "reference": "INCD-2499368-i",
            "status": "Restored",
            "type": "restored"
          }
        ],
        "startedAt": "2026-08-22T06:56:53.000Z",
        "restoreAt": "2026-08-22T11:15:00.000Z",
        "restoreAtText": "22/08/2026, 11:15",
        "updatedAt": "2026-08-22T08:55:15.000Z",
        "officialUrl": "https://powercuts.spenergynetworks.co.uk/map",
        "locationQuality": "postcode_lookup",
        "rawRecordCount": 7,
        "coordinateSpreadKm": 0.304
      }
    },
    {
      "type": "Feature",
      "id": "spen:restored:incd-1409923-s",
      "geometry": {
        "type": "Point",
        "coordinates": [
          -3.764487,
          55.9713836
        ]
      },
      "properties": {
        "providerId": "spen",
        "provider": "SP Energy Networks",
        "feedIds": [
          "live"
        ],
        "reference": "INCD-1409923-s",
        "category": "restored",
        "status": "Restored",
        "type": "restored",
        "area": "FK1, FK2",
        "areas": [
          "FK1, FK2"
        ],
        "postcodes": [
          "FK1 2EP",
          "FK1 2EY",
          "FK1 2EX",
          "FK1 2EU",
          "FK2 0LH",
          "FK1 2HA",
          "FK1 2HD",
          "FK1 2DZ",
          "FK1 2DT",
          "FK1 2EF"
        ],
        "groupedLocations": [
          {
            "area": "FK1 2EP",
            "lat": 55.971211,
            "lon": -3.775595,
            "reference": "INCD-1409923-s",
            "status": "Restored",
            "type": "restored"
          },
          {
            "area": "FK1 2EY",
            "lat": 55.970447,
            "lon": -3.774342,
            "reference": "INCD-1409923-s",
            "status": "Restored",
            "type": "restored"
          },
          {
            "area": "FK1 2EX",
            "lat": 55.972151,
            "lon": -3.775831,
            "reference": "INCD-1409923-s",
            "status": "Restored",
            "type": "restored"
          },
          {
            "area": "FK1 2EU",
            "lat": 55.970896,
            "lon": -3.776222,
            "reference": "INCD-1409923-s",
            "status": "Restored",
            "type": "restored"
          },
          {
            "area": "FK2 0LH",
            "lat": 55.972108,
            "lon": -3.700562,
            "reference": "INCD-1409923-s",
            "status": "Restored",
            "type": "restored"
          },
          {
            "area": "FK1 2HA",
            "lat": 55.970758,
            "lon": -3.771424,
            "reference": "INCD-1409923-s",
            "status": "Restored",
            "type": "restored"
          },
          {
            "area": "FK1 2HD",
            "lat": 55.970422,
            "lon": -3.771713,
            "reference": "INCD-1409923-s",
            "status": "Restored",
            "type": "restored"
          },
          {
            "area": "FK1 2DZ",
            "lat": 55.972679,
            "lon": -3.762202,
            "reference": "INCD-1409923-s",
            "status": "Restored",
            "type": "restored"
          },
          {
            "area": "FK1 2DT",
            "lat": 55.971409,
            "lon": -3.766775,
            "reference": "INCD-1409923-s",
            "status": "Restored",
            "type": "restored"
          },
          {
            "area": "FK1 2EF",
            "lat": 55.971755,
            "lon": -3.770204,
            "reference": "INCD-1409923-s",
            "status": "Restored",
            "type": "restored"
          }
        ],
        "startedAt": "2026-08-22T00:08:40.000Z",
        "restoreAt": "2026-08-22T13:30:00.000Z",
        "restoreAtText": "22/08/2026, 13:30",
        "updatedAt": "2026-08-22T11:28:23.000Z",
        "officialUrl": "https://powercuts.spenergynetworks.co.uk/map",
        "locationQuality": "postcode_lookup",
        "rawRecordCount": 10,
        "coordinateSpreadKm": 3.979
      }
    },
    {
      "type": "Feature",
      "id": "spen:restored:incd-1409917-s",
      "geometry": {
        "type": "Point",
        "coordinates": [
          -3.103955,
          56.174168
        ]
      },
      "properties": {
        "providerId": "spen",
        "provider": "SP Energy Networks",
        "feedIds": [
          "live"
        ],
        "reference": "INCD-1409917-s",
        "category": "restored",
        "status": "Restored",
        "type": "restored",
        "area": "KY1",
        "areas": [
          "KY1"
        ],
        "postcodes": [
          "KY1 4TH"
        ],
        "groupedLocations": [
          {
            "area": "KY1 4TH",
            "lat": 56.174168,
            "lon": -3.103955,
            "reference": "INCD-1409917-s",
            "status": "Restored",
            "type": "restored"
          }
        ],
        "startedAt": "2026-08-21T23:46:15.000Z",
        "restoreAt": "2026-08-22T01:46:00.000Z",
        "restoreAtText": "22/08/2026, 01:46",
        "updatedAt": "2026-08-21T22:46:50.000Z",
        "officialUrl": "https://powercuts.spenergynetworks.co.uk/map",
        "locationQuality": "postcode_lookup",
        "rawRecordCount": 1,
        "coordinateSpreadKm": 0
      }
    },
    {
      "type": "Feature",
      "id": "spen:restored:incd-1409911-s",
      "geometry": {
        "type": "Point",
        "coordinates": [
          -4.203597352941176,
          55.80745647058824
        ]
      },
      "properties": {
        "providerId": "spen",
        "provider": "SP Energy Networks",
        "feedIds": [
          "live"
        ],
        "reference": "INCD-1409911-s",
        "category": "restored",
        "status": "Restored",
        "type": "restored",
        "area": "GLASGOW",
        "areas": [
          "GLASGOW"
        ],
        "postcodes": [
          "G73 4BT",
          "G73 4HL",
          "G73 4HQ",
          "G73 4HP",
          "G73 4HN",
          "G73 4BS",
          "G73 4HW",
          "G73 4AR",
          "G73 4DF",
          "G73 4DE",
          "G73 4DD",
          "G73 4DG",
          "G73 4DB",
          "G73 4FH",
          "G73 4DJ",
          "G73 4FL",
          "G73 4DQ",
          "G73 4EQ",
          "G73 4FP"
        ],
        "groupedLocations": [
          {
            "area": "G73 4BT",
            "lat": 55.807599,
            "lon": -4.204003,
            "reference": "INCD-1409911-s",
            "status": "Restored",
            "type": "restored"
          },
          {
            "area": "G73 4HL",
            "lat": 55.808201,
            "lon": -4.202984,
            "reference": "INCD-1409911-s",
            "status": "Restored",
            "type": "restored"
          },
          {
            "area": "G73 4HQ",
            "lat": 55.807671,
            "lon": -4.198981,
            "reference": "INCD-1409911-s",
            "status": "Restored",
            "type": "restored"
          },
          {
            "area": "G73 4HP",
            "lat": 55.807423,
            "lon": -4.199764,
            "reference": "INCD-1409911-s",
            "status": "Restored",
            "type": "restored"
          },
          {
            "area": "G73 4HN",
            "lat": 55.807835,
            "lon": -4.202868,
            "reference": "INCD-1409911-s",
            "status": "Restored",
            "type": "restored"
          },
          {
            "area": "G73 4BS",
            "lat": 55.807157,
            "lon": -4.198553,
            "reference": "INCD-1409911-s",
            "status": "Restored",
            "type": "restored"
          },
          {
            "area": "G73 4HW",
            "lat": 55.807831,
            "lon": -4.201591,
            "reference": "INCD-1409911-s",
            "status": "Restored",
            "type": "restored"
          },
          {
            "area": "G73 4AR",
            "lat": 55.806403,
            "lon": -4.204032,
            "reference": "INCD-1409911-s",
            "status": "Restored",
            "type": "restored"
          },
          {
            "area": "G73 4DF",
            "lat": 55.806658,
            "lon": -4.206871,
            "reference": "INCD-1409911-s",
            "status": "Restored",
            "type": "restored"
          },
          {
            "area": "G73 4DE",
            "lat": 55.806663,
            "lon": -4.204062,
            "reference": "INCD-1409911-s",
            "status": "Restored",
            "type": "restored"
          },
          {
            "area": "G73 4DD",
            "lat": 55.807308,
            "lon": -4.202694,
            "reference": "INCD-1409911-s",
            "status": "Restored",
            "type": "restored"
          },
          {
            "area": "G73 4FH",
            "lat": 55.808835,
            "lon": -4.205206,
            "reference": "INCD-1409911-s",
            "status": "Restored",
            "type": "restored"
          },
          {
            "area": "G73 4DJ",
            "lat": 55.80724,
            "lon": -4.206967,
            "reference": "INCD-1409911-s",
            "status": "Restored",
            "type": "restored"
          },
          {
            "area": "G73 4FL",
            "lat": 55.807641,
            "lon": -4.207166,
            "reference": "INCD-1409911-s",
            "status": "Restored",
            "type": "restored"
          },
          {
            "area": "G73 4DQ",
            "lat": 55.806983,
            "lon": -4.205772,
            "reference": "INCD-1409911-s",
            "status": "Restored",
            "type": "restored"
          },
          {
            "area": "G73 4EQ",
            "lat": 55.808083,
            "lon": -4.205547,
            "reference": "INCD-1409911-s",
            "status": "Restored",
            "type": "restored"
          },
          {
            "area": "G73 4FP",
            "lat": 55.807229,
            "lon": -4.204094,
            "reference": "INCD-1409911-s",
            "status": "Restored",
            "type": "restored"
          }
        ],
        "startedAt": "2026-08-21T23:43:55.000Z",
        "restoreAt": "2026-08-22T01:43:00.000Z",
        "restoreAtText": "22/08/2026, 01:43",
        "updatedAt": "2026-08-22T01:26:36.000Z",
        "officialUrl": "https://powercuts.spenergynetworks.co.uk/map",
        "locationQuality": "postcode_lookup",
        "rawRecordCount": 17,
        "coordinateSpreadKm": 0.317
      }
    },
    {
      "type": "Feature",
      "id": "spen:restored:incd-2499338-i",
      "geometry": {
        "type": "Point",
        "coordinates": [
          -2.580035,
          52.997817
        ]
      },
      "properties": {
        "providerId": "spen",
        "provider": "SP Energy Networks",
        "feedIds": [
          "live"
        ],
        "reference": "INCD-2499338-i",
        "category": "restored",
        "status": "Restored",
        "type": "restored",
        "area": "NANTWICH and NEWHALL",
        "areas": [
          "NANTWICH and NEWHALL"
        ],
        "postcodes": [
          "CW5 8DP"
        ],
        "groupedLocations": [
          {
            "area": "CW5 8DP",
            "lat": 52.997817,
            "lon": -2.580035,
            "reference": "INCD-2499338-i",
            "status": "Restored",
            "type": "restored"
          }
        ],
        "startedAt": "2026-08-21T23:06:18.000Z",
        "restoreAt": "2026-08-22T01:06:00.000Z",
        "restoreAtText": "22/08/2026, 01:06",
        "updatedAt": "2026-08-21T22:41:43.000Z",
        "officialUrl": "https://powercuts.spenergynetworks.co.uk/map",
        "locationQuality": "postcode_lookup",
        "rawRecordCount": 1,
        "coordinateSpreadKm": 0
      }
    },
    {
      "type": "Feature",
      "id": "spen:restored:incd-2499296-i",
      "geometry": {
        "type": "Point",
        "coordinates": [
          -3.833344882352941,
          53.29553752941177
        ]
      },
      "properties": {
        "providerId": "spen",
        "provider": "SP Energy Networks",
        "feedIds": [
          "live"
        ],
        "reference": "INCD-2499296-i",
        "category": "restored",
        "status": "Restored",
        "type": "restored",
        "area": "LL31",
        "areas": [
          "LL31"
        ],
        "postcodes": [
          "LL31 9BY",
          "LL31 9EX",
          "LL31 9DZ",
          "LL31 9DW",
          "LL31 9EJ",
          "LL31 9DB",
          "LL31 9DF",
          "LL31 9DH",
          "LL31 9PJ",
          "LL31 9HJ",
          "LL31 9DG",
          "LL31 9BU",
          "LL31 9HX",
          "LL31 9DD",
          "LL31 9UR",
          "LL31 9DJ",
          "LL31 9PX",
          "LL31 9FA",
          "LL31 9DA"
        ],
        "groupedLocations": [
          {
            "area": "LL31 9BY",
            "lat": 53.295622,
            "lon": -3.837118,
            "reference": "INCD-2499296-i",
            "status": "Restored",
            "type": "restored"
          },
          {
            "area": "LL31 9EX",
            "lat": 53.294534,
            "lon": -3.831265,
            "reference": "INCD-2499296-i",
            "status": "Restored",
            "type": "restored"
          },
          {
            "area": "LL31 9DZ",
            "lat": 53.293771,
            "lon": -3.827661,
            "reference": "INCD-2499296-i",
            "status": "Restored",
            "type": "restored"
          },
          {
            "area": "LL31 9DW",
            "lat": 53.295398,
            "lon": -3.836478,
            "reference": "INCD-2499296-i",
            "status": "Restored",
            "type": "restored"
          },
          {
            "area": "LL31 9EJ",
            "lat": 53.294982,
            "lon": -3.833129,
            "reference": "INCD-2499296-i",
            "status": "Restored",
            "type": "restored"
          },
          {
            "area": "LL31 9DF",
            "lat": 53.295514,
            "lon": -3.834788,
            "reference": "INCD-2499296-i",
            "status": "Restored",
            "type": "restored"
          },
          {
            "area": "LL31 9DH",
            "lat": 53.296384,
            "lon": -3.836056,
            "reference": "INCD-2499296-i",
            "status": "Restored",
            "type": "restored"
          },
          {
            "area": "LL31 9PJ",
            "lat": 53.297345,
            "lon": -3.832645,
            "reference": "INCD-2499296-i",
            "status": "Restored",
            "type": "restored"
          },
          {
            "area": "LL31 9HJ",
            "lat": 53.297385,
            "lon": -3.834703,
            "reference": "INCD-2499296-i",
            "status": "Restored",
            "type": "restored"
          },
          {
            "area": "LL31 9DG",
            "lat": 53.298821,
            "lon": -3.835455,
            "reference": "INCD-2499296-i",
            "status": "Restored",
            "type": "restored"
          },
          {
            "area": "LL31 9BU",
            "lat": 53.295682,
            "lon": -3.836701,
            "reference": "INCD-2499296-i",
            "status": "Restored",
            "type": "restored"
          },
          {
            "area": "LL31 9HX",
            "lat": 53.294133,
            "lon": -3.828712,
            "reference": "INCD-2499296-i",
            "status": "Restored",
            "type": "restored"
          },
          {
            "area": "LL31 9DD",
            "lat": 53.296115,
            "lon": -3.836059,
            "reference": "INCD-2499296-i",
            "status": "Restored",
            "type": "restored"
          },
          {
            "area": "LL31 9UR",
            "lat": 53.293395,
            "lon": -3.82697,
            "reference": "INCD-2499296-i",
            "status": "Restored",
            "type": "restored"
          },
          {
            "area": "LL31 9DJ",
            "lat": 53.292945,
            "lon": -3.828796,
            "reference": "INCD-2499296-i",
            "status": "Restored",
            "type": "restored"
          },
          {
            "area": "LL31 9PX",
            "lat": 53.296406,
            "lon": -3.834616,
            "reference": "INCD-2499296-i",
            "status": "Restored",
            "type": "restored"
          },
          {
            "area": "LL31 9FA",
            "lat": 53.295706,
            "lon": -3.835711,
            "reference": "INCD-2499296-i",
            "status": "Restored",
            "type": "restored"
          }
        ],
        "startedAt": "2026-08-21T21:39:30.000Z",
        "restoreAt": "2026-08-22T01:54:00.000Z",
        "restoreAtText": "22/08/2026, 01:54",
        "updatedAt": "2026-08-21T22:35:03.000Z",
        "officialUrl": "https://powercuts.spenergynetworks.co.uk/map",
        "locationQuality": "postcode_lookup",
        "rawRecordCount": 17,
        "coordinateSpreadKm": 0.486
      }
    },
    {
      "type": "Feature",
      "id": "spen:restored:incd-1409851-s",
      "geometry": {
        "type": "Point",
        "coordinates": [
          -3.1457148888888886,
          55.952569666666676
        ]
      },
      "properties": {
        "providerId": "spen",
        "provider": "SP Energy Networks",
        "feedIds": [
          "live"
        ],
        "reference": "INCD-1409851-s",
        "category": "restored",
        "status": "Restored",
        "type": "restored",
        "area": "EH8",
        "areas": [
          "EH8"
        ],
        "postcodes": [
          "EH8 7HN",
          "EH8 7EY",
          "EH8 7ES",
          "EH8 7ER",
          "EH8 7EP",
          "EH8 7EN",
          "EH8 7EW",
          "EH8 7JE",
          "EH8 7JF",
          "EH8 7JR",
          "EH8 7HR",
          "EH8 7HT",
          "EH8 7HY",
          "EH8 7HP",
          "EH8 7HS",
          "EH8 7HL",
          "EH8 7DB",
          "EH8 7HZ"
        ],
        "groupedLocations": [
          {
            "area": "EH8 7HN",
            "lat": 55.953052,
            "lon": -3.145474,
            "reference": "INCD-1409851-s",
            "status": "Restored",
            "type": "restored"
          },
          {
            "area": "EH8 7EY",
            "lat": 55.953992,
            "lon": -3.145854,
            "reference": "INCD-1409851-s",
            "status": "Restored",
            "type": "restored"
          },
          {
            "area": "EH8 7ES",
            "lat": 55.954588,
            "lon": -3.1464,
            "reference": "INCD-1409851-s",
            "status": "Restored",
            "type": "restored"
          },
          {
            "area": "EH8 7ER",
            "lat": 55.954539,
            "lon": -3.144973,
            "reference": "INCD-1409851-s",
            "status": "Restored",
            "type": "restored"
          },
          {
            "area": "EH8 7EP",
            "lat": 55.953528,
            "lon": -3.144447,
            "reference": "INCD-1409851-s",
            "status": "Restored",
            "type": "restored"
          },
          {
            "area": "EH8 7EN",
            "lat": 55.953391,
            "lon": -3.14377,
            "reference": "INCD-1409851-s",
            "status": "Restored",
            "type": "restored"
          },
          {
            "area": "EH8 7EW",
            "lat": 55.952953,
            "lon": -3.144462,
            "reference": "INCD-1409851-s",
            "status": "Restored",
            "type": "restored"
          },
          {
            "area": "EH8 7JE",
            "lat": 55.950888,
            "lon": -3.142399,
            "reference": "INCD-1409851-s",
            "status": "Restored",
            "type": "restored"
          },
          {
            "area": "EH8 7JF",
            "lat": 55.950752,
            "lon": -3.143436,
            "reference": "INCD-1409851-s",
            "status": "Restored",
            "type": "restored"
          },
          {
            "area": "EH8 7JR",
            "lat": 55.950831,
            "lon": -3.146529,
            "reference": "INCD-1409851-s",
            "status": "Restored",
            "type": "restored"
          },
          {
            "area": "EH8 7HR",
            "lat": 55.95191,
            "lon": -3.147426,
            "reference": "INCD-1409851-s",
            "status": "Restored",
            "type": "restored"
          },
          {
            "area": "EH8 7HT",
            "lat": 55.951916,
            "lon": -3.148755,
            "reference": "INCD-1409851-s",
            "status": "Restored",
            "type": "restored"
          },
          {
            "area": "EH8 7HY",
            "lat": 55.951605,
            "lon": -3.147417,
            "reference": "INCD-1409851-s",
            "status": "Restored",
            "type": "restored"
          },
          {
            "area": "EH8 7HP",
            "lat": 55.951899,
            "lon": -3.145776,
            "reference": "INCD-1409851-s",
            "status": "Restored",
            "type": "restored"
          },
          {
            "area": "EH8 7HS",
            "lat": 55.952296,
            "lon": -3.147453,
            "reference": "INCD-1409851-s",
            "status": "Restored",
            "type": "restored"
          },
          {
            "area": "EH8 7HL",
            "lat": 55.952441,
            "lon": -3.144511,
            "reference": "INCD-1409851-s",
            "status": "Restored",
            "type": "restored"
          },
          {
            "area": "EH8 7DB",
            "lat": 55.954581,
            "lon": -3.149139,
            "reference": "INCD-1409851-s",
            "status": "Restored",
            "type": "restored"
          },
          {
            "area": "EH8 7HZ",
            "lat": 55.951092,
            "lon": -3.144647,
            "reference": "INCD-1409851-s",
            "status": "Restored",
            "type": "restored"
          }
        ],
        "startedAt": "2026-08-21T19:45:35.000Z",
        "restoreAt": "2026-08-22T04:41:00.000Z",
        "restoreAtText": "22/08/2026, 04:41",
        "updatedAt": "2026-08-22T03:16:41.000Z",
        "officialUrl": "https://powercuts.spenergynetworks.co.uk/map",
        "locationQuality": "postcode_lookup",
        "rawRecordCount": 18,
        "coordinateSpreadKm": 0.309
      }
    },
    {
      "type": "Feature",
      "id": "spen:restored:incd-2499272-i",
      "geometry": {
        "type": "Point",
        "coordinates": [
          -3.0288778666666674,
          53.474868266666675
        ]
      },
      "properties": {
        "providerId": "spen",
        "provider": "SP Energy Networks",
        "feedIds": [
          "live"
        ],
        "reference": "INCD-2499272-i",
        "category": "restored",
        "status": "Restored",
        "type": "restored",
        "area": "LIVERPOOL",
        "areas": [
          "LIVERPOOL"
        ],
        "postcodes": [
          "L22 5PW",
          "L22 5NW",
          "L22 5NG",
          "L22 8QT",
          "L22 5NU",
          "L22 8QU",
          "L22 5NT",
          "L22 5NS",
          "L22 5PL",
          "L22 5NN",
          "L22 5PQ",
          "L22 5PE",
          "L22 5NP",
          "L22 5QT",
          "L22 5PA"
        ],
        "groupedLocations": [
          {
            "area": "L22 5PW",
            "lat": 53.475051,
            "lon": -3.029484,
            "reference": "INCD-2499272-i",
            "status": "Restored",
            "type": "restored"
          },
          {
            "area": "L22 5NW",
            "lat": 53.475556,
            "lon": -3.029225,
            "reference": "INCD-2499272-i",
            "status": "Restored",
            "type": "restored"
          },
          {
            "area": "L22 5NG",
            "lat": 53.475894,
            "lon": -3.0286,
            "reference": "INCD-2499272-i",
            "status": "Restored",
            "type": "restored"
          },
          {
            "area": "L22 8QT",
            "lat": 53.474285,
            "lon": -3.029691,
            "reference": "INCD-2499272-i",
            "status": "Restored",
            "type": "restored"
          },
          {
            "area": "L22 5NU",
            "lat": 53.474304,
            "lon": -3.028487,
            "reference": "INCD-2499272-i",
            "status": "Restored",
            "type": "restored"
          },
          {
            "area": "L22 8QU",
            "lat": 53.474193,
            "lon": -3.029915,
            "reference": "INCD-2499272-i",
            "status": "Restored",
            "type": "restored"
          },
          {
            "area": "L22 5NT",
            "lat": 53.474613,
            "lon": -3.028102,
            "reference": "INCD-2499272-i",
            "status": "Restored",
            "type": "restored"
          },
          {
            "area": "L22 5NS",
            "lat": 53.475059,
            "lon": -3.02852,
            "reference": "INCD-2499272-i",
            "status": "Restored",
            "type": "restored"
          },
          {
            "area": "L22 5PL",
            "lat": 53.474949,
            "lon": -3.029813,
            "reference": "INCD-2499272-i",
            "status": "Restored",
            "type": "restored"
          },
          {
            "area": "L22 5NN",
            "lat": 53.475826,
            "lon": -3.029201,
            "reference": "INCD-2499272-i",
            "status": "Restored",
            "type": "restored"
          },
          {
            "area": "L22 5PQ",
            "lat": 53.473823,
            "lon": -3.027933,
            "reference": "INCD-2499272-i",
            "status": "Restored",
            "type": "restored"
          },
          {
            "area": "L22 5PE",
            "lat": 53.474237,
            "lon": -3.027897,
            "reference": "INCD-2499272-i",
            "status": "Restored",
            "type": "restored"
          },
          {
            "area": "L22 5NP",
            "lat": 53.476254,
            "lon": -3.029649,
            "reference": "INCD-2499272-i",
            "status": "Restored",
            "type": "restored"
          },
          {
            "area": "L22 5QT",
            "lat": 53.476015,
            "lon": -3.030261,
            "reference": "INCD-2499272-i",
            "status": "Restored",
            "type": "restored"
          },
          {
            "area": "L22 5PA",
            "lat": 53.472965,
            "lon": -3.02639,
            "reference": "INCD-2499272-i",
            "status": "Restored",
            "type": "restored"
          }
        ],
        "startedAt": "2026-08-21T17:53:59.000Z",
        "restoreAt": "2026-08-21T22:08:00.000Z",
        "restoreAtText": "21/08/2026, 22:08",
        "updatedAt": "2026-08-21T19:06:43.000Z",
        "officialUrl": "https://powercuts.spenergynetworks.co.uk/map",
        "locationQuality": "postcode_lookup",
        "rawRecordCount": 15,
        "coordinateSpreadKm": 0.268
      }
    },
    {
      "type": "Feature",
      "id": "spen:restored:incd-2499266-i",
      "geometry": {
        "type": "Point",
        "coordinates": [
          -2.540767285714286,
          53.24561857142857
        ]
      },
      "properties": {
        "providerId": "spen",
        "provider": "SP Energy Networks",
        "feedIds": [
          "live"
        ],
        "reference": "INCD-2499266-i",
        "category": "restored",
        "status": "Restored",
        "type": "restored",
        "area": "NORTHWICH",
        "areas": [
          "NORTHWICH"
        ],
        "postcodes": [
          "CW8 1LP",
          "CW8 1NR",
          "CW8 1NB",
          "CW8 1NP",
          "CW8 1NT",
          "CW8 1NY",
          "CW8 1PF",
          "CW8 1NU",
          "CW8 1QA",
          "CW8 1NX",
          "CW8 1NS",
          "CW8 1SD",
          "CW8 1PH",
          "CW8 1QZ"
        ],
        "groupedLocations": [
          {
            "area": "CW8 1LP",
            "lat": 53.248131,
            "lon": -2.541016,
            "reference": "INCD-2499266-i",
            "status": "Restored",
            "type": "restored"
          },
          {
            "area": "CW8 1NR",
            "lat": 53.245927,
            "lon": -2.541423,
            "reference": "INCD-2499266-i",
            "status": "Restored",
            "type": "restored"
          },
          {
            "area": "CW8 1NB",
            "lat": 53.243701,
            "lon": -2.542744,
            "reference": "INCD-2499266-i",
            "status": "Restored",
            "type": "restored"
          },
          {
            "area": "CW8 1NP",
            "lat": 53.245905,
            "lon": -2.542457,
            "reference": "INCD-2499266-i",
            "status": "Restored",
            "type": "restored"
          },
          {
            "area": "CW8 1NT",
            "lat": 53.245136,
            "lon": -2.541368,
            "reference": "INCD-2499266-i",
            "status": "Restored",
            "type": "restored"
          },
          {
            "area": "CW8 1NY",
            "lat": 53.244421,
            "lon": -2.540445,
            "reference": "INCD-2499266-i",
            "status": "Restored",
            "type": "restored"
          },
          {
            "area": "CW8 1PF",
            "lat": 53.24392,
            "lon": -2.539929,
            "reference": "INCD-2499266-i",
            "status": "Restored",
            "type": "restored"
          },
          {
            "area": "CW8 1NU",
            "lat": 53.245407,
            "lon": -2.539124,
            "reference": "INCD-2499266-i",
            "status": "Restored",
            "type": "restored"
          },
          {
            "area": "CW8 1QA",
            "lat": 53.245187,
            "lon": -2.544021,
            "reference": "INCD-2499266-i",
            "status": "Restored",
            "type": "restored"
          },
          {
            "area": "CW8 1NX",
            "lat": 53.245975,
            "lon": -2.538786,
            "reference": "INCD-2499266-i",
            "status": "Restored",
            "type": "restored"
          },
          {
            "area": "CW8 1NS",
            "lat": 53.245914,
            "lon": -2.540299,
            "reference": "INCD-2499266-i",
            "status": "Restored",
            "type": "restored"
          },
          {
            "area": "CW8 1SD",
            "lat": 53.246784,
            "lon": -2.5407,
            "reference": "INCD-2499266-i",
            "status": "Restored",
            "type": "restored"
          },
          {
            "area": "CW8 1PH",
            "lat": 53.244819,
            "lon": -2.537932,
            "reference": "INCD-2499266-i",
            "status": "Restored",
            "type": "restored"
          },
          {
            "area": "CW8 1QZ",
            "lat": 53.247433,
            "lon": -2.540498,
            "reference": "INCD-2499266-i",
            "status": "Restored",
            "type": "restored"
          }
        ],
        "startedAt": "2026-08-21T17:38:26.000Z",
        "restoreAt": "2026-08-23T02:00:00.000Z",
        "restoreAtText": "23/08/2026, 02:00",
        "updatedAt": "2026-08-22T01:25:32.000Z",
        "officialUrl": "https://powercuts.spenergynetworks.co.uk/map",
        "locationQuality": "postcode_lookup",
        "rawRecordCount": 14,
        "coordinateSpreadKm": 0.28
      }
    },
    {
      "type": "Feature",
      "id": "spen:restored:incd-1409803-s",
      "geometry": {
        "type": "Point",
        "coordinates": [
          -4.472040125,
          54.759739624999995
        ]
      },
      "properties": {
        "providerId": "spen",
        "provider": "SP Energy Networks",
        "feedIds": [
          "live"
        ],
        "reference": "INCD-1409803-s",
        "category": "restored",
        "status": "Restored",
        "type": "restored",
        "area": "DG8",
        "areas": [
          "DG8"
        ],
        "postcodes": [
          "DG8 8DG",
          "DG8 8DU",
          "DG8 8DT",
          "DG8 8DX",
          "DG8 8DS",
          "DG8 8DR",
          "DG8 8AP",
          "DG8 8DD"
        ],
        "groupedLocations": [
          {
            "area": "DG8 8DG",
            "lat": 54.747214,
            "lon": -4.463889,
            "reference": "INCD-1409803-s",
            "status": "Restored",
            "type": "restored"
          },
          {
            "area": "DG8 8DU",
            "lat": 54.752825,
            "lon": -4.496292,
            "reference": "INCD-1409803-s",
            "status": "Restored",
            "type": "restored"
          },
          {
            "area": "DG8 8DT",
            "lat": 54.759399,
            "lon": -4.480407,
            "reference": "INCD-1409803-s",
            "status": "Restored",
            "type": "restored"
          },
          {
            "area": "DG8 8DX",
            "lat": 54.74902,
            "lon": -4.483735,
            "reference": "INCD-1409803-s",
            "status": "Restored",
            "type": "restored"
          },
          {
            "area": "DG8 8DS",
            "lat": 54.766027,
            "lon": -4.473179,
            "reference": "INCD-1409803-s",
            "status": "Restored",
            "type": "restored"
          },
          {
            "area": "DG8 8DR",
            "lat": 54.760081,
            "lon": -4.459246,
            "reference": "INCD-1409803-s",
            "status": "Restored",
            "type": "restored"
          },
          {
            "area": "DG8 8AP",
            "lat": 54.774456,
            "lon": -4.457864,
            "reference": "INCD-1409803-s",
            "status": "Restored",
            "type": "restored"
          },
          {
            "area": "DG8 8DD",
            "lat": 54.768895,
            "lon": -4.461709,
            "reference": "INCD-1409803-s",
            "status": "Restored",
            "type": "restored"
          }
        ],
        "startedAt": "2026-08-21T17:06:26.000Z",
        "restoreAt": "2026-08-21T22:00:00.000Z",
        "restoreAtText": "21/08/2026, 22:00",
        "updatedAt": "2026-08-21T20:39:30.000Z",
        "officialUrl": "https://powercuts.spenergynetworks.co.uk/map",
        "locationQuality": "postcode_lookup",
        "rawRecordCount": 8,
        "coordinateSpreadKm": 1.872
      }
    },
    {
      "type": "Feature",
      "id": "spen:restored:incd-2499248-i",
      "geometry": {
        "type": "Point",
        "coordinates": [
          -2.7319062222222223,
          53.37719377777778
        ]
      },
      "properties": {
        "providerId": "spen",
        "provider": "SP Energy Networks",
        "feedIds": [
          "live"
        ],
        "reference": "INCD-2499248-i",
        "category": "restored",
        "status": "Restored",
        "type": "restored",
        "area": "WA8",
        "areas": [
          "WA8"
        ],
        "postcodes": [
          "WA8 6QF",
          "WA8 6QD",
          "WA8 6QE",
          "WA8 7TG",
          "WA8 7TE",
          "WA8 6QB",
          "WA8 6TA",
          "WA8 7TF",
          "WA8 6QA"
        ],
        "groupedLocations": [
          {
            "area": "WA8 6QF",
            "lat": 53.378285,
            "lon": -2.729324,
            "reference": "INCD-2499248-i",
            "status": "Restored",
            "type": "restored"
          },
          {
            "area": "WA8 6QD",
            "lat": 53.378473,
            "lon": -2.731026,
            "reference": "INCD-2499248-i",
            "status": "Restored",
            "type": "restored"
          },
          {
            "area": "WA8 6QE",
            "lat": 53.378233,
            "lon": -2.730511,
            "reference": "INCD-2499248-i",
            "status": "Restored",
            "type": "restored"
          },
          {
            "area": "WA8 7TG",
            "lat": 53.376576,
            "lon": -2.734015,
            "reference": "INCD-2499248-i",
            "status": "Restored",
            "type": "restored"
          },
          {
            "area": "WA8 7TE",
            "lat": 53.375448,
            "lon": -2.733139,
            "reference": "INCD-2499248-i",
            "status": "Restored",
            "type": "restored"
          },
          {
            "area": "WA8 6QB",
            "lat": 53.378193,
            "lon": -2.73263,
            "reference": "INCD-2499248-i",
            "status": "Restored",
            "type": "restored"
          },
          {
            "area": "WA8 6TA",
            "lat": 53.377789,
            "lon": -2.73112,
            "reference": "INCD-2499248-i",
            "status": "Restored",
            "type": "restored"
          },
          {
            "area": "WA8 7TF",
            "lat": 53.375762,
            "lon": -2.73325,
            "reference": "INCD-2499248-i",
            "status": "Restored",
            "type": "restored"
          },
          {
            "area": "WA8 6QA",
            "lat": 53.375985,
            "lon": -2.732141,
            "reference": "INCD-2499248-i",
            "status": "Restored",
            "type": "restored"
          }
        ],
        "startedAt": "2026-08-21T16:59:43.000Z",
        "restoreAt": "2026-08-21T21:14:00.000Z",
        "restoreAtText": "21/08/2026, 21:14",
        "updatedAt": "2026-08-21T20:20:07.000Z",
        "officialUrl": "https://powercuts.spenergynetworks.co.uk/map",
        "locationQuality": "postcode_lookup",
        "rawRecordCount": 9,
        "coordinateSpreadKm": 0.211
      }
    },
    {
      "type": "Feature",
      "id": "spen:restored:incd-705875-k",
      "geometry": {
        "type": "Point",
        "coordinates": [
          -4.550094714285715,
          54.74438928571429
        ]
      },
      "properties": {
        "providerId": "spen",
        "provider": "SP Energy Networks",
        "feedIds": [
          "live"
        ],
        "reference": "INCD-705875-k",
        "category": "restored",
        "status": "Restored",
        "type": "restored",
        "area": "DG8",
        "areas": [
          "DG8"
        ],
        "postcodes": [
          "DG8 9LP",
          "DG8 9LB",
          "DG8 9PU",
          "DG8 9LJ",
          "DG8 9LL",
          "DG8 9LW",
          "DG8 9LH"
        ],
        "groupedLocations": [
          {
            "area": "DG8 9LP",
            "lat": 54.744756,
            "lon": -4.544587,
            "reference": "INCD-705875-k",
            "status": "Restored",
            "type": "restored"
          },
          {
            "area": "DG8 9LB",
            "lat": 54.753864,
            "lon": -4.556877,
            "reference": "INCD-705875-k",
            "status": "Restored",
            "type": "restored"
          },
          {
            "area": "DG8 9PU",
            "lat": 54.759064,
            "lon": -4.534417,
            "reference": "INCD-705875-k",
            "status": "Restored",
            "type": "restored"
          },
          {
            "area": "DG8 9LJ",
            "lat": 54.73659,
            "lon": -4.547741,
            "reference": "INCD-705875-k",
            "status": "Restored",
            "type": "restored"
          },
          {
            "area": "DG8 9LL",
            "lat": 54.737497,
            "lon": -4.548233,
            "reference": "INCD-705875-k",
            "status": "Restored",
            "type": "restored"
          },
          {
            "area": "DG8 9LW",
            "lat": 54.741402,
            "lon": -4.555284,
            "reference": "INCD-705875-k",
            "status": "Restored",
            "type": "restored"
          },
          {
            "area": "DG8 9LH",
            "lat": 54.737552,
            "lon": -4.563524,
            "reference": "INCD-705875-k",
            "status": "Restored",
            "type": "restored"
          }
        ],
        "startedAt": "2026-08-21T16:59:33.000Z",
        "restoreAt": "2026-08-21T18:59:00.000Z",
        "restoreAtText": "21/08/2026, 18:59",
        "updatedAt": "2026-08-21T16:02:59.000Z",
        "officialUrl": "https://powercuts.spenergynetworks.co.uk/map",
        "locationQuality": "postcode_lookup",
        "rawRecordCount": 7,
        "coordinateSpreadKm": 1.917
      }
    },
    {
      "type": "Feature",
      "id": "spen:restored:incd-2499242-i",
      "geometry": {
        "type": "Point",
        "coordinates": [
          -4.538251454545454,
          52.925995818181825
        ]
      },
      "properties": {
        "providerId": "spen",
        "provider": "SP Energy Networks",
        "feedIds": [
          "live"
        ],
        "reference": "INCD-2499242-i",
        "category": "restored",
        "status": "Restored",
        "type": "restored",
        "area": "PWLLHELI",
        "areas": [
          "PWLLHELI"
        ],
        "postcodes": [
          "LL53 6EG",
          "LL53 6ET",
          "LL53 6EA",
          "LL53 8AF",
          "LL53 6ED",
          "LL53 6EB",
          "LL53 6EF",
          "LL53 6DU",
          "LL53 6HW",
          "LL53 6EE",
          "LL53 6DB"
        ],
        "groupedLocations": [
          {
            "area": "LL53 6EG",
            "lat": 52.934707,
            "lon": -4.527983,
            "reference": "INCD-2499242-i",
            "status": "Restored",
            "type": "restored"
          },
          {
            "area": "LL53 6ET",
            "lat": 52.936342,
            "lon": -4.521738,
            "reference": "INCD-2499242-i",
            "status": "Restored",
            "type": "restored"
          },
          {
            "area": "LL53 6EA",
            "lat": 52.935784,
            "lon": -4.523849,
            "reference": "INCD-2499242-i",
            "status": "Restored",
            "type": "restored"
          },
          {
            "area": "LL53 8AF",
            "lat": 52.817737,
            "lon": -4.630053,
            "reference": "INCD-2499242-i",
            "status": "Restored",
            "type": "restored"
          },
          {
            "area": "LL53 6ED",
            "lat": 52.936974,
            "lon": -4.529648,
            "reference": "INCD-2499242-i",
            "status": "Restored",
            "type": "restored"
          },
          {
            "area": "LL53 6EB",
            "lat": 52.937109,
            "lon": -4.524566,
            "reference": "INCD-2499242-i",
            "status": "Restored",
            "type": "restored"
          },
          {
            "area": "LL53 6EF",
            "lat": 52.936019,
            "lon": -4.526348,
            "reference": "INCD-2499242-i",
            "status": "Restored",
            "type": "restored"
          },
          {
            "area": "LL53 6DU",
            "lat": 52.935597,
            "lon": -4.520832,
            "reference": "INCD-2499242-i",
            "status": "Restored",
            "type": "restored"
          },
          {
            "area": "LL53 6HW",
            "lat": 52.936435,
            "lon": -4.519467,
            "reference": "INCD-2499242-i",
            "status": "Restored",
            "type": "restored"
          },
          {
            "area": "LL53 6EE",
            "lat": 52.936206,
            "lon": -4.528547,
            "reference": "INCD-2499242-i",
            "status": "Restored",
            "type": "restored"
          },
          {
            "area": "LL53 6DB",
            "lat": 52.943044,
            "lon": -4.567735,
            "reference": "INCD-2499242-i",
            "status": "Restored",
            "type": "restored"
          }
        ],
        "startedAt": "2026-08-21T16:41:25.000Z",
        "restoreAt": "2026-08-21T20:56:00.000Z",
        "restoreAtText": "21/08/2026, 20:56",
        "updatedAt": "2026-08-21T17:55:53.000Z",
        "officialUrl": "https://powercuts.spenergynetworks.co.uk/map",
        "locationQuality": "postcode_lookup",
        "rawRecordCount": 11,
        "coordinateSpreadKm": 13.523
      }
    },
    {
      "type": "Feature",
      "id": "spen:restored:incd-1409761-s",
      "geometry": {
        "type": "Point",
        "coordinates": [
          -3.108976666666667,
          56.18148466666667
        ]
      },
      "properties": {
        "providerId": "spen",
        "provider": "SP Energy Networks",
        "feedIds": [
          "live"
        ],
        "reference": "INCD-1409761-s",
        "category": "restored",
        "status": "Restored",
        "type": "restored",
        "area": "GLENROTHES",
        "areas": [
          "GLENROTHES"
        ],
        "postcodes": [
          "KY7 6HH",
          "KY7 6HJ",
          "KY1 4TH"
        ],
        "groupedLocations": [
          {
            "area": "KY7 6HH",
            "lat": 56.188341,
            "lon": -3.111596,
            "reference": "INCD-1409761-s",
            "status": "Restored",
            "type": "restored"
          },
          {
            "area": "KY7 6HJ",
            "lat": 56.181945,
            "lon": -3.111379,
            "reference": "INCD-1409761-s",
            "status": "Restored",
            "type": "restored"
          },
          {
            "area": "KY1 4TH",
            "lat": 56.174168,
            "lon": -3.103955,
            "reference": "INCD-1409761-s",
            "status": "Restored",
            "type": "restored"
          }
        ],
        "startedAt": "2026-08-21T15:24:52.000Z",
        "restoreAt": "2026-08-21T23:30:00.000Z",
        "restoreAtText": "21/08/2026, 23:30",
        "updatedAt": "2026-08-21T19:54:44.000Z",
        "officialUrl": "https://powercuts.spenergynetworks.co.uk/map",
        "locationQuality": "postcode_lookup",
        "rawRecordCount": 3,
        "coordinateSpreadKm": 0.871
      }
    },
    {
      "type": "Feature",
      "id": "spen:restored:incd-1409731-s",
      "geometry": {
        "type": "Point",
        "coordinates": [
          -3.1861514117647056,
          55.958744882352946
        ]
      },
      "properties": {
        "providerId": "spen",
        "provider": "SP Energy Networks",
        "feedIds": [
          "live"
        ],
        "reference": "INCD-1409731-s",
        "category": "restored",
        "status": "Restored",
        "type": "restored",
        "area": "EDINBURGH",
        "areas": [
          "EDINBURGH"
        ],
        "postcodes": [
          "EH7 4AE",
          "EH1 3NW",
          "EH1 3NA",
          "EH1 3NX",
          "EH1 3PA",
          "EH1 3LR",
          "EH1 3NS",
          "EH1 3NR",
          "EH7 4AB",
          "EH1 3RR",
          "EH1 3NZ",
          "EH1 3JT",
          "EH13 1AA",
          "EH1 3NE",
          "EH1 3AA",
          "EH1 3RP",
          "EH1 3RT",
          "EH1 3RX"
        ],
        "groupedLocations": [
          {
            "area": "EH7 4AE",
            "lat": 55.959429,
            "lon": -3.1838,
            "reference": "INCD-1409731-s",
            "status": "Restored",
            "type": "restored"
          },
          {
            "area": "EH1 3NW",
            "lat": 55.95886,
            "lon": -3.185897,
            "reference": "INCD-1409731-s",
            "status": "Restored",
            "type": "restored"
          },
          {
            "area": "EH1 3NA",
            "lat": 55.958705,
            "lon": -3.186212,
            "reference": "INCD-1409731-s",
            "status": "Restored",
            "type": "restored"
          },
          {
            "area": "EH1 3NX",
            "lat": 55.959709,
            "lon": -3.185458,
            "reference": "INCD-1409731-s",
            "status": "Restored",
            "type": "restored"
          },
          {
            "area": "EH1 3PA",
            "lat": 55.959283,
            "lon": -3.184949,
            "reference": "INCD-1409731-s",
            "status": "Restored",
            "type": "restored"
          },
          {
            "area": "EH1 3LR",
            "lat": 55.958274,
            "lon": -3.186167,
            "reference": "INCD-1409731-s",
            "status": "Restored",
            "type": "restored"
          },
          {
            "area": "EH1 3NS",
            "lat": 55.959174,
            "lon": -3.186931,
            "reference": "INCD-1409731-s",
            "status": "Restored",
            "type": "restored"
          },
          {
            "area": "EH1 3NR",
            "lat": 55.959059,
            "lon": -3.186752,
            "reference": "INCD-1409731-s",
            "status": "Restored",
            "type": "restored"
          },
          {
            "area": "EH7 4AB",
            "lat": 55.959011,
            "lon": -3.184252,
            "reference": "INCD-1409731-s",
            "status": "Restored",
            "type": "restored"
          },
          {
            "area": "EH1 3RR",
            "lat": 55.95891,
            "lon": -3.187244,
            "reference": "INCD-1409731-s",
            "status": "Restored",
            "type": "restored"
          },
          {
            "area": "EH1 3NZ",
            "lat": 55.959486,
            "lon": -3.184346,
            "reference": "INCD-1409731-s",
            "status": "Restored",
            "type": "restored"
          },
          {
            "area": "EH1 3JT",
            "lat": 55.957149,
            "lon": -3.18727,
            "reference": "INCD-1409731-s",
            "status": "Restored",
            "type": "restored"
          },
          {
            "area": "EH1 3NE",
            "lat": 55.958342,
            "lon": -3.185609,
            "reference": "INCD-1409731-s",
            "status": "Restored",
            "type": "restored"
          },
          {
            "area": "EH1 3AA",
            "lat": 55.95689,
            "lon": -3.185276,
            "reference": "INCD-1409731-s",
            "status": "Restored",
            "type": "restored"
          },
          {
            "area": "EH1 3RP",
            "lat": 55.95856,
            "lon": -3.187233,
            "reference": "INCD-1409731-s",
            "status": "Restored",
            "type": "restored"
          },
          {
            "area": "EH1 3RT",
            "lat": 55.959028,
            "lon": -3.188112,
            "reference": "INCD-1409731-s",
            "status": "Restored",
            "type": "restored"
          },
          {
            "area": "EH1 3RX",
            "lat": 55.958794,
            "lon": -3.189066,
            "reference": "INCD-1409731-s",
            "status": "Restored",
            "type": "restored"
          }
        ],
        "startedAt": "2026-08-21T14:42:25.000Z",
        "restoreAt": "2026-08-21T18:57:00.000Z",
        "restoreAtText": "21/08/2026, 18:57",
        "updatedAt": "2026-08-21T14:54:09.000Z",
        "officialUrl": "https://powercuts.spenergynetworks.co.uk/map",
        "locationQuality": "postcode_lookup",
        "rawRecordCount": 17,
        "coordinateSpreadKm": 0.213
      }
    },
    {
      "type": "Feature",
      "id": "spen:restored:incd-2499062-i",
      "geometry": {
        "type": "Point",
        "coordinates": [
          -4.075145833333333,
          52.85115833333333
        ]
      },
      "properties": {
        "providerId": "spen",
        "provider": "SP Energy Networks",
        "feedIds": [
          "live"
        ],
        "reference": "INCD-2499062-i",
        "category": "restored",
        "status": "Restored",
        "type": "restored",
        "area": "LL46, LL45",
        "areas": [
          "LL46, LL45"
        ],
        "postcodes": [
          "LL46 2TH",
          "LL46 2TL",
          "LL45 2PH",
          "LL46 2TN",
          "LL46 2TS",
          "LL46 2TW"
        ],
        "groupedLocations": [
          {
            "area": "LL46 2TH",
            "lat": 52.846491,
            "lon": -4.082118,
            "reference": "INCD-2499062-i",
            "status": "Restored",
            "type": "restored"
          },
          {
            "area": "LL46 2TL",
            "lat": 52.843353,
            "lon": -4.074973,
            "reference": "INCD-2499062-i",
            "status": "Restored",
            "type": "restored"
          },
          {
            "area": "LL45 2PH",
            "lat": 52.850941,
            "lon": -4.045439,
            "reference": "INCD-2499062-i",
            "status": "Restored",
            "type": "restored"
          },
          {
            "area": "LL46 2TN",
            "lat": 52.853694,
            "lon": -4.09176,
            "reference": "INCD-2499062-i",
            "status": "Restored",
            "type": "restored"
          },
          {
            "area": "LL46 2TS",
            "lat": 52.858647,
            "lon": -4.094361,
            "reference": "INCD-2499062-i",
            "status": "Restored",
            "type": "restored"
          },
          {
            "area": "LL46 2TW",
            "lat": 52.853824,
            "lon": -4.062224,
            "reference": "INCD-2499062-i",
            "status": "Restored",
            "type": "restored"
          }
        ],
        "startedAt": "2026-08-21T12:33:11.000Z",
        "restoreAt": "2026-08-21T22:00:00.000Z",
        "restoreAtText": "21/08/2026, 22:00",
        "updatedAt": "2026-08-21T21:07:20.000Z",
        "officialUrl": "https://powercuts.spenergynetworks.co.uk/map",
        "locationQuality": "postcode_lookup",
        "rawRecordCount": 6,
        "coordinateSpreadKm": 1.995
      }
    },
    {
      "type": "Feature",
      "id": "spen:restored:incd-2498978-i",
      "geometry": {
        "type": "Point",
        "coordinates": [
          -3.648159944444445,
          53.289019666666675
        ]
      },
      "properties": {
        "providerId": "spen",
        "provider": "SP Energy Networks",
        "feedIds": [
          "live"
        ],
        "reference": "INCD-2498978-i",
        "category": "restored",
        "status": "Restored",
        "type": "restored",
        "area": "ABERGELE",
        "areas": [
          "ABERGELE"
        ],
        "postcodes": [
          "LL22 8HP",
          "LL22 8HT",
          "LL22 8JF",
          "LL22 8HR",
          "LL22 8HL",
          "LL22 8EN",
          "LL22 8LQ",
          "LL22 8JD",
          "LL22 8LY",
          "LL22 8JQ",
          "LL22 8JG",
          "LL22 8EW",
          "LL22 8HN",
          "LL22 8HW",
          "LL22 8LS",
          "LL22 8LT",
          "LL22 8FX",
          "LL22 8FZ"
        ],
        "groupedLocations": [
          {
            "area": "LL22 8HP",
            "lat": 53.290148,
            "lon": -3.653485,
            "reference": "INCD-2498978-i",
            "status": "Restored",
            "type": "restored"
          },
          {
            "area": "LL22 8HT",
            "lat": 53.287597,
            "lon": -3.64422,
            "reference": "INCD-2498978-i",
            "status": "Restored",
            "type": "restored"
          },
          {
            "area": "LL22 8JF",
            "lat": 53.287883,
            "lon": -3.646317,
            "reference": "INCD-2498978-i",
            "status": "Restored",
            "type": "restored"
          },
          {
            "area": "LL22 8HR",
            "lat": 53.288955,
            "lon": -3.649358,
            "reference": "INCD-2498978-i",
            "status": "Restored",
            "type": "restored"
          },
          {
            "area": "LL22 8HL",
            "lat": 53.290573,
            "lon": -3.651326,
            "reference": "INCD-2498978-i",
            "status": "Restored",
            "type": "restored"
          },
          {
            "area": "LL22 8EN",
            "lat": 53.28908,
            "lon": -3.640302,
            "reference": "INCD-2498978-i",
            "status": "Restored",
            "type": "restored"
          },
          {
            "area": "LL22 8LQ",
            "lat": 53.290017,
            "lon": -3.649309,
            "reference": "INCD-2498978-i",
            "status": "Restored",
            "type": "restored"
          },
          {
            "area": "LL22 8JD",
            "lat": 53.289676,
            "lon": -3.646626,
            "reference": "INCD-2498978-i",
            "status": "Restored",
            "type": "restored"
          },
          {
            "area": "LL22 8LY",
            "lat": 53.288965,
            "lon": -3.648624,
            "reference": "INCD-2498978-i",
            "status": "Restored",
            "type": "restored"
          },
          {
            "area": "LL22 8JQ",
            "lat": 53.287488,
            "lon": -3.646227,
            "reference": "INCD-2498978-i",
            "status": "Restored",
            "type": "restored"
          },
          {
            "area": "LL22 8JG",
            "lat": 53.288126,
            "lon": -3.648231,
            "reference": "INCD-2498978-i",
            "status": "Restored",
            "type": "restored"
          },
          {
            "area": "LL22 8EW",
            "lat": 53.288708,
            "lon": -3.643813,
            "reference": "INCD-2498978-i",
            "status": "Restored",
            "type": "restored"
          },
          {
            "area": "LL22 8HN",
            "lat": 53.290342,
            "lon": -3.651797,
            "reference": "INCD-2498978-i",
            "status": "Restored",
            "type": "restored"
          },
          {
            "area": "LL22 8HW",
            "lat": 53.290325,
            "lon": -3.653042,
            "reference": "INCD-2498978-i",
            "status": "Restored",
            "type": "restored"
          },
          {
            "area": "LL22 8LS",
            "lat": 53.287407,
            "lon": -3.642968,
            "reference": "INCD-2498978-i",
            "status": "Restored",
            "type": "restored"
          },
          {
            "area": "LL22 8LT",
            "lat": 53.28744,
            "lon": -3.6484,
            "reference": "INCD-2498978-i",
            "status": "Restored",
            "type": "restored"
          },
          {
            "area": "LL22 8FX",
            "lat": 53.290587,
            "lon": -3.652902,
            "reference": "INCD-2498978-i",
            "status": "Restored",
            "type": "restored"
          },
          {
            "area": "LL22 8FZ",
            "lat": 53.289037,
            "lon": -3.649932,
            "reference": "INCD-2498978-i",
            "status": "Restored",
            "type": "restored"
          }
        ],
        "startedAt": "2026-08-21T11:42:55.000Z",
        "restoreAt": "2026-08-21T15:57:00.000Z",
        "restoreAtText": "21/08/2026, 15:57",
        "updatedAt": "2026-08-21T11:01:19.000Z",
        "officialUrl": "https://powercuts.spenergynetworks.co.uk/map",
        "locationQuality": "postcode_lookup",
        "rawRecordCount": 18,
        "coordinateSpreadKm": 0.522
      }
    }
  ]
}
