{
  "type": "FeatureCollection",
  "provider": "ukpn",
  "generatedAt": "2026-08-22T13:51:50.547Z",
  "stale": false,
  "features": [
    {
      "type": "Feature",
      "id": "ukpn:planned:incd-110310-c",
      "geometry": {
        "type": "Point",
        "coordinates": [
          -0.36344,
          52.15047
        ]
      },
      "properties": {
        "providerId": "ukpn",
        "provider": "UK Power Networks",
        "feedIds": [
          "live"
        ],
        "reference": "INCD-110310-C",
        "category": "planned",
        "status": "planned",
        "type": "3",
        "area": "Published incident location",
        "areas": [
          "Published incident location"
        ],
        "postcodes": [
          "MK44 3AP",
          "MK44 3AE",
          "MK44 3AS",
          "MK44 3AU",
          "MK44 3AG",
          "MK44 3AD",
          "MK44 3AH",
          "MK44 3AF",
          "MK44 3AX",
          "MK44 3AB"
        ],
        "groupedLocations": [
          {
            "area": "MK44 3AP",
            "lat": 52.196603,
            "lon": -0.30156,
            "reference": "INCD-110310-C",
            "status": "planned",
            "type": "3"
          },
          {
            "area": "MK44 3AE",
            "lat": 52.198292,
            "lon": -0.304613,
            "reference": "INCD-110310-C",
            "status": "planned",
            "type": "3"
          },
          {
            "area": "MK44 3AS",
            "lat": 52.198811,
            "lon": -0.311909,
            "reference": "INCD-110310-C",
            "status": "planned",
            "type": "3"
          },
          {
            "area": "MK44 3AU",
            "lat": 52.195789,
            "lon": -0.306888,
            "reference": "INCD-110310-C",
            "status": "planned",
            "type": "3"
          },
          {
            "area": "MK44 3AG",
            "lat": 52.19801,
            "lon": -0.306218,
            "reference": "INCD-110310-C",
            "status": "planned",
            "type": "3"
          },
          {
            "area": "MK44 3AD",
            "lat": 52.198308,
            "lon": -0.305051,
            "reference": "INCD-110310-C",
            "status": "planned",
            "type": "3"
          },
          {
            "area": "MK44 3AH",
            "lat": 52.199563,
            "lon": -0.297936,
            "reference": "INCD-110310-C",
            "status": "planned",
            "type": "3"
          },
          {
            "area": "MK44 3AF",
            "lat": 52.197984,
            "lon": -0.305693,
            "reference": "INCD-110310-C",
            "status": "planned",
            "type": "3"
          },
          {
            "area": "MK44 3AX",
            "lat": 52.204708,
            "lon": -0.304281,
            "reference": "INCD-110310-C",
            "status": "planned",
            "type": "3"
          },
          {
            "area": "MK44 3AB",
            "lat": 52.195947,
            "lon": -0.297869,
            "reference": "INCD-110310-C",
            "status": "planned",
            "type": "3"
          }
        ],
        "startedAt": "2026-08-22T09:00:00.000Z",
        "restoreAt": null,
        "restoreAtText": "22 Aug 11:00 - 12:00",
        "updatedAt": null,
        "officialUrl": "https://www.ukpowernetworks.co.uk/power-cut/map",
        "locationQuality": "postcode_aggregate",
        "rawRecordCount": 10,
        "coordinateSpreadKm": 0.701
      }
    },
    {
      "type": "Feature",
      "id": "ukpn:planned:incd-457000-g",
      "geometry": {
        "type": "Point",
        "coordinates": [
          0.63359,
          50.96515
        ]
      },
      "properties": {
        "providerId": "ukpn",
        "provider": "UK Power Networks",
        "feedIds": [
          "live"
        ],
        "reference": "INCD-457000-G",
        "category": "planned",
        "status": "planned",
        "type": "2",
        "area": "Published incident location",
        "areas": [
          "Published incident location"
        ],
        "postcodes": [
          "TN31 6PP",
          "TN31 6PR",
          "TN31 6PY",
          "TN31 6PT",
          "TN31 6BQ"
        ],
        "groupedLocations": [
          {
            "area": "TN31 6PP",
            "lat": 50.998648,
            "lon": 0.597577,
            "reference": "INCD-457000-G",
            "status": "planned",
            "type": "2"
          },
          {
            "area": "TN31 6PR",
            "lat": 51.000711,
            "lon": 0.603522,
            "reference": "INCD-457000-G",
            "status": "planned",
            "type": "2"
          },
          {
            "area": "TN31 6PY",
            "lat": 51.001583,
            "lon": 0.600279,
            "reference": "INCD-457000-G",
            "status": "planned",
            "type": "2"
          },
          {
            "area": "TN31 6PT",
            "lat": 50.998907,
            "lon": 0.601312,
            "reference": "INCD-457000-G",
            "status": "planned",
            "type": "2"
          },
          {
            "area": "TN31 6BQ",
            "lat": 50.999703,
            "lon": 0.603138,
            "reference": "INCD-457000-G",
            "status": "planned",
            "type": "2"
          }
        ],
        "startedAt": null,
        "restoreAt": null,
        "restoreAtText": "To be confirmed",
        "updatedAt": null,
        "officialUrl": "https://www.ukpowernetworks.co.uk/power-cut/map",
        "locationQuality": "postcode_aggregate",
        "rawRecordCount": 5,
        "coordinateSpreadKm": 0.288
      }
    },
    {
      "type": "Feature",
      "id": "ukpn:planned:incd-626747-z",
      "geometry": {
        "type": "Point",
        "coordinates": [
          1.21108,
          52.63859
        ]
      },
      "properties": {
        "providerId": "ukpn",
        "provider": "UK Power Networks",
        "feedIds": [
          "live"
        ],
        "reference": "INCD-626747-Z",
        "category": "planned",
        "status": "planned",
        "type": "2",
        "area": "Published incident location",
        "areas": [
          "Published incident location"
        ],
        "postcodes": [
          "NR5 9JJ",
          "NR5 9JB"
        ],
        "groupedLocations": [
          {
            "area": "NR5 9JJ",
            "lat": 52.643869,
            "lon": 1.214406,
            "reference": "INCD-626747-Z",
            "status": "planned",
            "type": "2"
          },
          {
            "area": "NR5 9JB",
            "lat": 52.642931,
            "lon": 1.209192,
            "reference": "INCD-626747-Z",
            "status": "planned",
            "type": "2"
          }
        ],
        "startedAt": null,
        "restoreAt": null,
        "restoreAtText": "21 Aug 16:30 - 17:30",
        "updatedAt": null,
        "officialUrl": "https://www.ukpowernetworks.co.uk/power-cut/map",
        "locationQuality": "postcode_aggregate",
        "rawRecordCount": 2,
        "coordinateSpreadKm": 0.183
      }
    },
    {
      "type": "Feature",
      "id": "ukpn:planned:incd-458163-g",
      "geometry": {
        "type": "Point",
        "coordinates": [
          -0.05626,
          51.36436
        ]
      },
      "properties": {
        "providerId": "ukpn",
        "provider": "UK Power Networks",
        "feedIds": [
          "live"
        ],
        "reference": "INCD-458163-G",
        "category": "planned",
        "status": "planned",
        "type": "2",
        "area": "Published incident location",
        "areas": [
          "Published incident location"
        ],
        "postcodes": [
          "CT18 8LP",
          "CR0 5BP"
        ],
        "groupedLocations": [
          {
            "area": "CT18 8LP",
            "lat": 51.142863,
            "lon": 1.156419,
            "reference": "INCD-458163-G",
            "status": "planned",
            "type": "2"
          },
          {
            "area": "CR0 5BP",
            "lat": 51.372498,
            "lon": -0.091383,
            "reference": "INCD-458163-G",
            "status": "planned",
            "type": "2"
          }
        ],
        "startedAt": null,
        "restoreAt": null,
        "restoreAtText": "22 Aug 02:30 - 03:30",
        "updatedAt": null,
        "officialUrl": "https://www.ukpowernetworks.co.uk/power-cut/map",
        "locationQuality": "postcode_aggregate",
        "rawRecordCount": 2,
        "coordinateSpreadKm": 45.306
      }
    },
    {
      "type": "Feature",
      "id": "ukpn:planned:incd-458169-g",
      "geometry": {
        "type": "Point",
        "coordinates": [
          -0.5868778333333333,
          51.256501500000006
        ]
      },
      "properties": {
        "providerId": "ukpn",
        "provider": "UK Power Networks",
        "feedIds": [
          "live"
        ],
        "reference": "INCD-458169-G",
        "category": "planned",
        "status": "planned",
        "type": "2",
        "area": "Published incident location",
        "areas": [
          "Published incident location"
        ],
        "postcodes": [
          "GU2 9ZA",
          "GU2 9JR",
          "GU2 9PY",
          "GU2 9PX",
          "GU2 9PT",
          "GU2 9PZ"
        ],
        "groupedLocations": [
          {
            "area": "GU2 9ZA",
            "lat": 51.257458,
            "lon": -0.585535,
            "reference": "INCD-458169-G",
            "status": "planned",
            "type": "2"
          },
          {
            "area": "GU2 9JR",
            "lat": 51.257259,
            "lon": -0.586186,
            "reference": "INCD-458169-G",
            "status": "planned",
            "type": "2"
          },
          {
            "area": "GU2 9PY",
            "lat": 51.255784,
            "lon": -0.586948,
            "reference": "INCD-458169-G",
            "status": "planned",
            "type": "2"
          },
          {
            "area": "GU2 9PX",
            "lat": 51.255906,
            "lon": -0.587316,
            "reference": "INCD-458169-G",
            "status": "planned",
            "type": "2"
          },
          {
            "area": "GU2 9PT",
            "lat": 51.254971,
            "lon": -0.58809,
            "reference": "INCD-458169-G",
            "status": "planned",
            "type": "2"
          },
          {
            "area": "GU2 9PZ",
            "lat": 51.257631,
            "lon": -0.587192,
            "reference": "INCD-458169-G",
            "status": "planned",
            "type": "2"
          }
        ],
        "startedAt": null,
        "restoreAt": null,
        "restoreAtText": "To be confirmed",
        "updatedAt": null,
        "officialUrl": "https://www.ukpowernetworks.co.uk/power-cut/map",
        "locationQuality": "postcode_aggregate",
        "rawRecordCount": 6,
        "coordinateSpreadKm": 0.19
      }
    },
    {
      "type": "Feature",
      "id": "ukpn:planned:incd-458211-g",
      "geometry": {
        "type": "Point",
        "coordinates": [
          1.30088,
          51.17112
        ]
      },
      "properties": {
        "providerId": "ukpn",
        "provider": "UK Power Networks",
        "feedIds": [
          "live"
        ],
        "reference": "INCD-458211-G",
        "category": "planned",
        "status": "planned",
        "type": "2",
        "area": "Published incident location",
        "areas": [
          "Published incident location"
        ],
        "postcodes": [
          "CT15 5LA",
          "CT15 5LD",
          "CT15 5JZ",
          "CT15 5LB"
        ],
        "groupedLocations": [
          {
            "area": "CT15 5LA",
            "lat": 51.169511,
            "lon": 1.348049,
            "reference": "INCD-458211-G",
            "status": "planned",
            "type": "2"
          },
          {
            "area": "CT15 5LD",
            "lat": 51.170185,
            "lon": 1.348069,
            "reference": "INCD-458211-G",
            "status": "planned",
            "type": "2"
          },
          {
            "area": "CT15 5JZ",
            "lat": 51.169525,
            "lon": 1.347577,
            "reference": "INCD-458211-G",
            "status": "planned",
            "type": "2"
          },
          {
            "area": "CT15 5LB",
            "lat": 51.169498,
            "lon": 1.345057,
            "reference": "INCD-458211-G",
            "status": "planned",
            "type": "2"
          }
        ],
        "startedAt": null,
        "restoreAt": null,
        "restoreAtText": "22 Aug 02:30 - 03:30",
        "updatedAt": null,
        "officialUrl": "https://www.ukpowernetworks.co.uk/power-cut/map",
        "locationQuality": "postcode_aggregate",
        "rawRecordCount": 4,
        "coordinateSpreadKm": 0.15
      }
    },
    {
      "type": "Feature",
      "id": "ukpn:planned:incd-626872-z",
      "geometry": {
        "type": "Point",
        "coordinates": [
          0.66408,
          51.96955
        ]
      },
      "properties": {
        "providerId": "ukpn",
        "provider": "UK Power Networks",
        "feedIds": [
          "live"
        ],
        "reference": "INCD-626872-Z",
        "category": "planned",
        "status": "planned",
        "type": "3",
        "area": "Published incident location",
        "areas": [
          "Published incident location"
        ],
        "postcodes": [
          "CO10 7LW",
          "CO10 7NH",
          "CO10 7NE",
          "CO10 7EA",
          "CO10 7LL",
          "CO10 7NA",
          "CO10 7NQ",
          "CO10 7LN",
          "CO10 7NW",
          "CO10 7NL",
          "CO10 7ND",
          "CO9 2PE",
          "CO10 7EF",
          "CO9 2PH",
          "CO9 2PG",
          "CO10 7NN",
          "CO10 7NB",
          "CO10 7EG",
          "CO9 2NY",
          "CO10 7NF",
          "CO10 7NJ",
          "CO10 7LU",
          "CO10 7NS",
          "CO9 2PX",
          "CO10 7NP",
          "CO10 7NG",
          "CO10 7LP",
          "CO10 7LR",
          "CO9 2PU",
          "CO10 7LZ",
          "CO10 7LX",
          "CO10 7AF"
        ],
        "groupedLocations": [
          {
            "area": "CO10 7LW",
            "lat": 52.022601,
            "lon": 0.724625,
            "reference": "INCD-626872-Z",
            "status": "planned",
            "type": "3"
          },
          {
            "area": "CO10 7NH",
            "lat": 52.009608,
            "lon": 0.705794,
            "reference": "INCD-626872-Z",
            "status": "planned",
            "type": "3"
          },
          {
            "area": "CO10 7NE",
            "lat": 51.996492,
            "lon": 0.692241,
            "reference": "INCD-626872-Z",
            "status": "planned",
            "type": "3"
          },
          {
            "area": "CO10 7EA",
            "lat": 52.013691,
            "lon": 0.707381,
            "reference": "INCD-626872-Z",
            "status": "planned",
            "type": "3"
          },
          {
            "area": "CO10 7LL",
            "lat": 52.027529,
            "lon": 0.724254,
            "reference": "INCD-626872-Z",
            "status": "planned",
            "type": "3"
          },
          {
            "area": "CO10 7NA",
            "lat": 51.997197,
            "lon": 0.70777,
            "reference": "INCD-626872-Z",
            "status": "planned",
            "type": "3"
          },
          {
            "area": "CO10 7NQ",
            "lat": 52.006973,
            "lon": 0.705796,
            "reference": "INCD-626872-Z",
            "status": "planned",
            "type": "3"
          },
          {
            "area": "CO10 7LN",
            "lat": 52.024635,
            "lon": 0.728058,
            "reference": "INCD-626872-Z",
            "status": "planned",
            "type": "3"
          },
          {
            "area": "CO10 7NW",
            "lat": 52.005775,
            "lon": 0.719523,
            "reference": "INCD-626872-Z",
            "status": "planned",
            "type": "3"
          },
          {
            "area": "CO10 7NL",
            "lat": 52.006844,
            "lon": 0.715682,
            "reference": "INCD-626872-Z",
            "status": "planned",
            "type": "3"
          },
          {
            "area": "CO10 7ND",
            "lat": 51.989695,
            "lon": 0.695271,
            "reference": "INCD-626872-Z",
            "status": "planned",
            "type": "3"
          },
          {
            "area": "CO9 2PE",
            "lat": 51.988217,
            "lon": 0.685583,
            "reference": "INCD-626872-Z",
            "status": "planned",
            "type": "3"
          },
          {
            "area": "CO10 7EF",
            "lat": 52.010221,
            "lon": 0.672269,
            "reference": "INCD-626872-Z",
            "status": "planned",
            "type": "3"
          },
          {
            "area": "CO9 2PH",
            "lat": 52.000254,
            "lon": 0.662831,
            "reference": "INCD-626872-Z",
            "status": "planned",
            "type": "3"
          },
          {
            "area": "CO9 2PG",
            "lat": 52.006254,
            "lon": 0.662356,
            "reference": "INCD-626872-Z",
            "status": "planned",
            "type": "3"
          },
          {
            "area": "CO10 7NN",
            "lat": 52.005972,
            "lon": 0.71528,
            "reference": "INCD-626872-Z",
            "status": "planned",
            "type": "3"
          },
          {
            "area": "CO10 7NB",
            "lat": 51.994794,
            "lon": 0.693712,
            "reference": "INCD-626872-Z",
            "status": "planned",
            "type": "3"
          },
          {
            "area": "CO10 7EG",
            "lat": 52.013372,
            "lon": 0.668142,
            "reference": "INCD-626872-Z",
            "status": "planned",
            "type": "3"
          },
          {
            "area": "CO9 2NY",
            "lat": 51.982034,
            "lon": 0.712055,
            "reference": "INCD-626872-Z",
            "status": "planned",
            "type": "3"
          },
          {
            "area": "CO10 7NF",
            "lat": 51.992151,
            "lon": 0.686197,
            "reference": "INCD-626872-Z",
            "status": "planned",
            "type": "3"
          },
          {
            "area": "CO10 7NJ",
            "lat": 52.00711,
            "lon": 0.713119,
            "reference": "INCD-626872-Z",
            "status": "planned",
            "type": "3"
          },
          {
            "area": "CO10 7LU",
            "lat": 52.000459,
            "lon": 0.734325,
            "reference": "INCD-626872-Z",
            "status": "planned",
            "type": "3"
          },
          {
            "area": "CO10 7NS",
            "lat": 52.021434,
            "lon": 0.737353,
            "reference": "INCD-626872-Z",
            "status": "planned",
            "type": "3"
          },
          {
            "area": "CO9 2PX",
            "lat": 51.990546,
            "lon": 0.671738,
            "reference": "INCD-626872-Z",
            "status": "planned",
            "type": "3"
          },
          {
            "area": "CO10 7NP",
            "lat": 52.010985,
            "lon": 0.722127,
            "reference": "INCD-626872-Z",
            "status": "planned",
            "type": "3"
          },
          {
            "area": "CO10 7NG",
            "lat": 52.006515,
            "lon": 0.693207,
            "reference": "INCD-626872-Z",
            "status": "planned",
            "type": "3"
          },
          {
            "area": "CO10 7LP",
            "lat": 52.020049,
            "lon": 0.728829,
            "reference": "INCD-626872-Z",
            "status": "planned",
            "type": "3"
          },
          {
            "area": "CO10 7LR",
            "lat": 52.016732,
            "lon": 0.726003,
            "reference": "INCD-626872-Z",
            "status": "planned",
            "type": "3"
          },
          {
            "area": "CO9 2PU",
            "lat": 51.99548,
            "lon": 0.672702,
            "reference": "INCD-626872-Z",
            "status": "planned",
            "type": "3"
          },
          {
            "area": "CO10 7LZ",
            "lat": 51.986593,
            "lon": 0.710932,
            "reference": "INCD-626872-Z",
            "status": "planned",
            "type": "3"
          },
          {
            "area": "CO10 7LX",
            "lat": 51.999853,
            "lon": 0.727877,
            "reference": "INCD-626872-Z",
            "status": "planned",
            "type": "3"
          },
          {
            "area": "CO10 7AF",
            "lat": 52.052844,
            "lon": 0.683549,
            "reference": "INCD-626872-Z",
            "status": "planned",
            "type": "3"
          }
        ],
        "startedAt": null,
        "restoreAt": null,
        "restoreAtText": "To be confirmed",
        "updatedAt": null,
        "officialUrl": "https://www.ukpowernetworks.co.uk/power-cut/map",
        "locationQuality": "postcode_aggregate",
        "rawRecordCount": 32,
        "coordinateSpreadKm": 5.345
      }
    },
    {
      "type": "Feature",
      "id": "ukpn:planned:incd-458215-g",
      "geometry": {
        "type": "Point",
        "coordinates": [
          0.033032,
          51.063098
        ]
      },
      "properties": {
        "providerId": "ukpn",
        "provider": "UK Power Networks",
        "feedIds": [
          "live"
        ],
        "reference": "INCD-458215-G",
        "category": "planned",
        "status": "planned",
        "type": "2",
        "area": "Published incident location",
        "areas": [
          "Published incident location"
        ],
        "postcodes": [
          "RH18 5JN"
        ],
        "groupedLocations": [
          {
            "area": "RH18 5JN",
            "lat": 51.063098,
            "lon": 0.033032,
            "reference": "INCD-458215-G",
            "status": "planned",
            "type": "2"
          }
        ],
        "startedAt": null,
        "restoreAt": null,
        "restoreAtText": "22 Aug 10:30 - 11:30",
        "updatedAt": null,
        "officialUrl": "https://www.ukpowernetworks.co.uk/power-cut/map",
        "locationQuality": "postcode_aggregate",
        "rawRecordCount": 1,
        "coordinateSpreadKm": 0
      }
    },
    {
      "type": "Feature",
      "id": "ukpn:planned:incd-458219-g",
      "geometry": {
        "type": "Point",
        "coordinates": [
          -0.1786777462686567,
          50.94563420895521
        ]
      },
      "properties": {
        "providerId": "ukpn",
        "provider": "UK Power Networks",
        "feedIds": [
          "live"
        ],
        "reference": "INCD-458219-G",
        "category": "planned",
        "status": "planned",
        "type": "3",
        "area": "Published incident location",
        "areas": [
          "Published incident location"
        ],
        "postcodes": [
          "BN6 9RS",
          "BN6 9RT",
          "BN6 9SE",
          "BN6 9SF",
          "BN6 9TF",
          "BN6 9SR",
          "BN6 9TH",
          "BN6 9TJ",
          "BN6 9LJ",
          "BN6 9TQ",
          "BN6 9SD",
          "BN6 9RR",
          "BN6 9HL",
          "BN6 9SB",
          "BN6 9RZ",
          "BN6 9LL",
          "BN6 9SH",
          "BN6 9XX",
          "BN6 9TG",
          "BN6 9TL",
          "BN6 9TA",
          "BN6 9XZ",
          "BN6 9XY",
          "BN6 9SU",
          "BN6 9XU",
          "BN6 9UD",
          "BN6 9UY",
          "BN6 9XE",
          "RH17 5NZ",
          "BN6 9XG",
          "BN6 9HJ",
          "BN6 9HN",
          "BN6 9HE",
          "BN6 9TB",
          "BN6 9XS",
          "BN6 9XT",
          "BN6 9LE",
          "BN6 9HD",
          "BN6 9US",
          "BN6 9XD",
          "BN6 9UX",
          "BN6 9UT",
          "BN6 9UR",
          "BN6 9XB",
          "BN6 9UP",
          "BN6 9UZ",
          "BN6 9UU",
          "BN6 9LR",
          "BN6 9HA",
          "BN6 9LN",
          "BN6 9XA",
          "BN6 9LP",
          "BN6 9SA",
          "BN6 9GJ",
          "BN6 9LQ",
          "RH17 5PA",
          "BN6 9LW",
          "BN6 9RW",
          "BN6 9FS",
          "RH17 5AL",
          "RH17 5NU",
          "RH17 5LZ",
          "BN6 9LH",
          "RH17 5NT",
          "BN6 9SX",
          "BN6 9ST",
          "BN6 9SS",
          "BN6 9TN"
        ],
        "groupedLocations": [
          {
            "area": "BN6 9RS",
            "lat": 50.939354,
            "lon": -0.179401,
            "reference": "INCD-458219-G",
            "status": "planned",
            "type": "3"
          },
          {
            "area": "BN6 9RT",
            "lat": 50.942629,
            "lon": -0.177707,
            "reference": "INCD-458219-G",
            "status": "planned",
            "type": "3"
          },
          {
            "area": "BN6 9SE",
            "lat": 50.937774,
            "lon": -0.178409,
            "reference": "INCD-458219-G",
            "status": "planned",
            "type": "3"
          },
          {
            "area": "BN6 9SF",
            "lat": 50.937948,
            "lon": -0.176865,
            "reference": "INCD-458219-G",
            "status": "planned",
            "type": "3"
          },
          {
            "area": "BN6 9TF",
            "lat": 50.942226,
            "lon": -0.181295,
            "reference": "INCD-458219-G",
            "status": "planned",
            "type": "3"
          },
          {
            "area": "BN6 9SR",
            "lat": 50.937011,
            "lon": -0.181357,
            "reference": "INCD-458219-G",
            "status": "planned",
            "type": "3"
          },
          {
            "area": "BN6 9TH",
            "lat": 50.944114,
            "lon": -0.180097,
            "reference": "INCD-458219-G",
            "status": "planned",
            "type": "3"
          },
          {
            "area": "BN6 9TJ",
            "lat": 50.943705,
            "lon": -0.178647,
            "reference": "INCD-458219-G",
            "status": "planned",
            "type": "3"
          },
          {
            "area": "BN6 9LJ",
            "lat": 50.955481,
            "lon": -0.171452,
            "reference": "INCD-458219-G",
            "status": "planned",
            "type": "3"
          },
          {
            "area": "BN6 9TQ",
            "lat": 50.942799,
            "lon": -0.179964,
            "reference": "INCD-458219-G",
            "status": "planned",
            "type": "3"
          },
          {
            "area": "BN6 9SD",
            "lat": 50.942165,
            "lon": -0.177412,
            "reference": "INCD-458219-G",
            "status": "planned",
            "type": "3"
          },
          {
            "area": "BN6 9RR",
            "lat": 50.937386,
            "lon": -0.179492,
            "reference": "INCD-458219-G",
            "status": "planned",
            "type": "3"
          },
          {
            "area": "BN6 9HL",
            "lat": 50.960565,
            "lon": -0.179084,
            "reference": "INCD-458219-G",
            "status": "planned",
            "type": "3"
          },
          {
            "area": "BN6 9SB",
            "lat": 50.937089,
            "lon": -0.178863,
            "reference": "INCD-458219-G",
            "status": "planned",
            "type": "3"
          },
          {
            "area": "BN6 9RZ",
            "lat": 50.939317,
            "lon": -0.178733,
            "reference": "INCD-458219-G",
            "status": "planned",
            "type": "3"
          },
          {
            "area": "BN6 9LL",
            "lat": 50.95373,
            "lon": -0.17508,
            "reference": "INCD-458219-G",
            "status": "planned",
            "type": "3"
          },
          {
            "area": "BN6 9SH",
            "lat": 50.938931,
            "lon": -0.177069,
            "reference": "INCD-458219-G",
            "status": "planned",
            "type": "3"
          },
          {
            "area": "BN6 9XX",
            "lat": 50.940359,
            "lon": -0.177497,
            "reference": "INCD-458219-G",
            "status": "planned",
            "type": "3"
          },
          {
            "area": "BN6 9TG",
            "lat": 50.941722,
            "lon": -0.17955,
            "reference": "INCD-458219-G",
            "status": "planned",
            "type": "3"
          },
          {
            "area": "BN6 9TL",
            "lat": 50.942366,
            "lon": -0.179297,
            "reference": "INCD-458219-G",
            "status": "planned",
            "type": "3"
          },
          {
            "area": "BN6 9TA",
            "lat": 50.939911,
            "lon": -0.180475,
            "reference": "INCD-458219-G",
            "status": "planned",
            "type": "3"
          },
          {
            "area": "BN6 9XZ",
            "lat": 50.938497,
            "lon": -0.173442,
            "reference": "INCD-458219-G",
            "status": "planned",
            "type": "3"
          },
          {
            "area": "BN6 9XY",
            "lat": 50.940381,
            "lon": -0.176571,
            "reference": "INCD-458219-G",
            "status": "planned",
            "type": "3"
          },
          {
            "area": "BN6 9SU",
            "lat": 50.939664,
            "lon": -0.180228,
            "reference": "INCD-458219-G",
            "status": "planned",
            "type": "3"
          },
          {
            "area": "BN6 9XU",
            "lat": 50.940124,
            "lon": -0.175684,
            "reference": "INCD-458219-G",
            "status": "planned",
            "type": "3"
          },
          {
            "area": "BN6 9UY",
            "lat": 50.933908,
            "lon": -0.174475,
            "reference": "INCD-458219-G",
            "status": "planned",
            "type": "3"
          },
          {
            "area": "BN6 9XE",
            "lat": 50.933183,
            "lon": -0.174689,
            "reference": "INCD-458219-G",
            "status": "planned",
            "type": "3"
          },
          {
            "area": "RH17 5NZ",
            "lat": 50.967756,
            "lon": -0.191607,
            "reference": "INCD-458219-G",
            "status": "planned",
            "type": "3"
          },
          {
            "area": "BN6 9XG",
            "lat": 50.93362,
            "lon": -0.176166,
            "reference": "INCD-458219-G",
            "status": "planned",
            "type": "3"
          },
          {
            "area": "BN6 9HJ",
            "lat": 50.959322,
            "lon": -0.17264,
            "reference": "INCD-458219-G",
            "status": "planned",
            "type": "3"
          },
          {
            "area": "BN6 9HN",
            "lat": 50.95647,
            "lon": -0.188158,
            "reference": "INCD-458219-G",
            "status": "planned",
            "type": "3"
          },
          {
            "area": "BN6 9HE",
            "lat": 50.968361,
            "lon": -0.187097,
            "reference": "INCD-458219-G",
            "status": "planned",
            "type": "3"
          },
          {
            "area": "BN6 9TB",
            "lat": 50.938071,
            "lon": -0.182425,
            "reference": "INCD-458219-G",
            "status": "planned",
            "type": "3"
          },
          {
            "area": "BN6 9XS",
            "lat": 50.932693,
            "lon": -0.171492,
            "reference": "INCD-458219-G",
            "status": "planned",
            "type": "3"
          },
          {
            "area": "BN6 9XT",
            "lat": 50.932952,
            "lon": -0.173104,
            "reference": "INCD-458219-G",
            "status": "planned",
            "type": "3"
          },
          {
            "area": "BN6 9LE",
            "lat": 50.964548,
            "lon": -0.166411,
            "reference": "INCD-458219-G",
            "status": "planned",
            "type": "3"
          },
          {
            "area": "BN6 9HD",
            "lat": 50.962704,
            "lon": -0.188243,
            "reference": "INCD-458219-G",
            "status": "planned",
            "type": "3"
          },
          {
            "area": "BN6 9US",
            "lat": 50.94106,
            "lon": -0.179747,
            "reference": "INCD-458219-G",
            "status": "planned",
            "type": "3"
          },
          {
            "area": "BN6 9XD",
            "lat": 50.936908,
            "lon": -0.177105,
            "reference": "INCD-458219-G",
            "status": "planned",
            "type": "3"
          },
          {
            "area": "BN6 9UX",
            "lat": 50.936115,
            "lon": -0.178147,
            "reference": "INCD-458219-G",
            "status": "planned",
            "type": "3"
          },
          {
            "area": "BN6 9UT",
            "lat": 50.935773,
            "lon": -0.17695,
            "reference": "INCD-458219-G",
            "status": "planned",
            "type": "3"
          },
          {
            "area": "BN6 9UR",
            "lat": 50.93559,
            "lon": -0.176174,
            "reference": "INCD-458219-G",
            "status": "planned",
            "type": "3"
          },
          {
            "area": "BN6 9XB",
            "lat": 50.935647,
            "lon": -0.175816,
            "reference": "INCD-458219-G",
            "status": "planned",
            "type": "3"
          },
          {
            "area": "BN6 9UP",
            "lat": 50.936397,
            "lon": -0.177153,
            "reference": "INCD-458219-G",
            "status": "planned",
            "type": "3"
          },
          {
            "area": "BN6 9UZ",
            "lat": 50.935283,
            "lon": -0.174365,
            "reference": "INCD-458219-G",
            "status": "planned",
            "type": "3"
          },
          {
            "area": "BN6 9UU",
            "lat": 50.934652,
            "lon": -0.17604,
            "reference": "INCD-458219-G",
            "status": "planned",
            "type": "3"
          },
          {
            "area": "BN6 9LR",
            "lat": 50.945165,
            "lon": -0.170234,
            "reference": "INCD-458219-G",
            "status": "planned",
            "type": "3"
          },
          {
            "area": "BN6 9HA",
            "lat": 50.952205,
            "lon": -0.187996,
            "reference": "INCD-458219-G",
            "status": "planned",
            "type": "3"
          },
          {
            "area": "BN6 9LN",
            "lat": 50.946231,
            "lon": -0.172285,
            "reference": "INCD-458219-G",
            "status": "planned",
            "type": "3"
          },
          {
            "area": "BN6 9XA",
            "lat": 50.934757,
            "lon": -0.177004,
            "reference": "INCD-458219-G",
            "status": "planned",
            "type": "3"
          },
          {
            "area": "BN6 9LP",
            "lat": 50.944509,
            "lon": -0.173163,
            "reference": "INCD-458219-G",
            "status": "planned",
            "type": "3"
          },
          {
            "area": "BN6 9SA",
            "lat": 50.935356,
            "lon": -0.179073,
            "reference": "INCD-458219-G",
            "status": "planned",
            "type": "3"
          },
          {
            "area": "BN6 9GJ",
            "lat": 50.967546,
            "lon": -0.180378,
            "reference": "INCD-458219-G",
            "status": "planned",
            "type": "3"
          },
          {
            "area": "BN6 9LQ",
            "lat": 50.966802,
            "lon": -0.171905,
            "reference": "INCD-458219-G",
            "status": "planned",
            "type": "3"
          },
          {
            "area": "RH17 5PA",
            "lat": 50.976953,
            "lon": -0.18672,
            "reference": "INCD-458219-G",
            "status": "planned",
            "type": "3"
          },
          {
            "area": "BN6 9LW",
            "lat": 50.950019,
            "lon": -0.169545,
            "reference": "INCD-458219-G",
            "status": "planned",
            "type": "3"
          },
          {
            "area": "BN6 9RW",
            "lat": 50.935634,
            "lon": -0.179603,
            "reference": "INCD-458219-G",
            "status": "planned",
            "type": "3"
          },
          {
            "area": "BN6 9FS",
            "lat": 50.939304,
            "lon": -0.180185,
            "reference": "INCD-458219-G",
            "status": "planned",
            "type": "3"
          },
          {
            "area": "RH17 5AL",
            "lat": 50.977025,
            "lon": -0.168298,
            "reference": "INCD-458219-G",
            "status": "planned",
            "type": "3"
          },
          {
            "area": "RH17 5NU",
            "lat": 50.965931,
            "lon": -0.196292,
            "reference": "INCD-458219-G",
            "status": "planned",
            "type": "3"
          },
          {
            "area": "RH17 5LZ",
            "lat": 50.973281,
            "lon": -0.197631,
            "reference": "INCD-458219-G",
            "status": "planned",
            "type": "3"
          },
          {
            "area": "BN6 9LH",
            "lat": 50.960764,
            "lon": -0.16881,
            "reference": "INCD-458219-G",
            "status": "planned",
            "type": "3"
          },
          {
            "area": "RH17 5NT",
            "lat": 50.967716,
            "lon": -0.195383,
            "reference": "INCD-458219-G",
            "status": "planned",
            "type": "3"
          },
          {
            "area": "BN6 9SX",
            "lat": 50.937948,
            "lon": -0.182032,
            "reference": "INCD-458219-G",
            "status": "planned",
            "type": "3"
          },
          {
            "area": "BN6 9ST",
            "lat": 50.938259,
            "lon": -0.181223,
            "reference": "INCD-458219-G",
            "status": "planned",
            "type": "3"
          },
          {
            "area": "BN6 9SS",
            "lat": 50.938179,
            "lon": -0.180158,
            "reference": "INCD-458219-G",
            "status": "planned",
            "type": "3"
          },
          {
            "area": "BN6 9TN",
            "lat": 50.937647,
            "lon": -0.181816,
            "reference": "INCD-458219-G",
            "status": "planned",
            "type": "3"
          }
        ],
        "startedAt": null,
        "restoreAt": null,
        "restoreAtText": "22 Aug 07:30 - 08:30",
        "updatedAt": null,
        "officialUrl": "https://www.ukpowernetworks.co.uk/power-cut/map",
        "locationQuality": "postcode_aggregate",
        "rawRecordCount": 67,
        "coordinateSpreadKm": 3.565
      }
    },
    {
      "type": "Feature",
      "id": "ukpn:planned:incd-458220-g",
      "geometry": {
        "type": "Point",
        "coordinates": [
          -0.32704,
          51.23983
        ]
      },
      "properties": {
        "providerId": "ukpn",
        "provider": "UK Power Networks",
        "feedIds": [
          "live"
        ],
        "reference": "INCD-458220-G",
        "category": "planned",
        "status": "planned",
        "type": "3",
        "area": "Published incident location",
        "areas": [
          "Published incident location"
        ],
        "postcodes": [
          "RH4 3EB",
          "RH5 6PX",
          "RH4 3QL",
          "RH5 6RZ",
          "RH4 3PD",
          "RH4 3NL",
          "RH4 3JY",
          "RH5 6NN",
          "RH5 6QW",
          "RH4 3PF",
          "RH4 3PW",
          "RH4 3NP",
          "RH4 3NX",
          "RH4 3NN",
          "RH4 3QS",
          "RH4 3JU",
          "RH4 3DS",
          "RH4 3QE",
          "RH4 3PB",
          "RH4 3AQ",
          "RH5 6RA",
          "RH5 6PW",
          "RH4 3QD",
          "RH4 3PA",
          "RH4 3QH",
          "RH4 3EF",
          "RH5 6RG",
          "RH5 6NJ",
          "RH4 3NG",
          "RH4 3DR",
          "RH4 3EQ",
          "RH4 3NQ",
          "RH4 3LQ",
          "RH4 3NR",
          "RH4 3QW",
          "RH4 3JX",
          "RH5 6QA",
          "RH4 3NT",
          "RH4 3QR",
          "RH5 6SE",
          "RH5 6QR",
          "RH4 3PN",
          "RH4 3EG",
          "RH4 3NW",
          "RH4 3PQ",
          "RH5 6QX",
          "RH4 3LH",
          "RH4 3QG",
          "RH4 3JZ",
          "RH4 3QJ",
          "RH4 3ED",
          "RH5 6QF",
          "RH5 6NH",
          "RH5 6HX",
          "RH4 3NY",
          "RH5 6JE",
          "RH4 3PP",
          "RH4 3QA",
          "RH5 6PR",
          "RH4 3DZ",
          "RH5 6SQ",
          "RH4 3PX",
          "RH4 3PJ",
          "RH5 6QG",
          "RH5 6HS",
          "RH5 6NL",
          "RH5 6RY",
          "RH5 6BF",
          "RH4 3LS",
          "RH4 3NU",
          "RH5 6QY",
          "RH4 3LY",
          "RH4 3QQ",
          "RH5 6HZ",
          "RH4 3QN",
          "RH5 6HY",
          "RH4 3EA",
          "RH4 3LG",
          "RH4 3LU",
          "RH4 3DP",
          "RH4 3LR",
          "RH5 6QH",
          "RH4 3LN",
          "RH4 3NJ",
          "RH4 3PS",
          "RH5 6QB",
          "RH4 3QF",
          "RH4 3PZ",
          "RH4 3NB",
          "RH4 3PL",
          "RH5 6QS",
          "RH4 3LL",
          "RH5 6PU",
          "RH4 3PG",
          "RH4 3LB",
          "RH4 3LP",
          "RH5 6QE",
          "RH5 6QN",
          "RH5 6PZ",
          "RH4 3PE",
          "RH4 3LJ",
          "RH5 6RQ",
          "RH4 3DT",
          "RH5 6QQ",
          "RH5 6QL",
          "RH4 1DD",
          "RH5 6RD",
          "RH4 3LZ",
          "RH5 6RX",
          "RH5 6SF",
          "RH4 3NH",
          "RH5 6SJ",
          "RH4 3PR",
          "RH4 3PH",
          "RH5 6SH",
          "RH5 6RE",
          "RH4 3LW",
          "RH4 3LD",
          "RH4 3LE",
          "RH5 6JA",
          "RH4 3DU",
          "RH4 1DY",
          "RH4 3NZ",
          "RH4 3DX",
          "RH4 3QB",
          "RH5 6SG",
          "RH5 6PT",
          "RH4 3PT",
          "RH4 1XF",
          "RH4 3GA",
          "RH4 3GD",
          "RH4 3GE",
          "RH4 3GL",
          "RH4 3EE",
          "RH4 3LT",
          "RH5 6QP",
          "RH4 3GJ",
          "RH5 6PS",
          "RH4 3LX",
          "RH5 6JD",
          "RH5 6QT"
        ],
        "groupedLocations": [
          {
            "area": "RH4 3EB",
            "lat": 51.230386,
            "lon": -0.3425,
            "reference": "INCD-458220-G",
            "status": "planned",
            "type": "3"
          },
          {
            "area": "RH5 6PX",
            "lat": 51.211799,
            "lon": -0.416658,
            "reference": "INCD-458220-G",
            "status": "planned",
            "type": "3"
          },
          {
            "area": "RH4 3QL",
            "lat": 51.226597,
            "lon": -0.362128,
            "reference": "INCD-458220-G",
            "status": "planned",
            "type": "3"
          },
          {
            "area": "RH5 6RZ",
            "lat": 51.21702,
            "lon": -0.433733,
            "reference": "INCD-458220-G",
            "status": "planned",
            "type": "3"
          },
          {
            "area": "RH4 3PD",
            "lat": 51.228308,
            "lon": -0.368098,
            "reference": "INCD-458220-G",
            "status": "planned",
            "type": "3"
          },
          {
            "area": "RH4 3NL",
            "lat": 51.224021,
            "lon": -0.366316,
            "reference": "INCD-458220-G",
            "status": "planned",
            "type": "3"
          },
          {
            "area": "RH4 3JY",
            "lat": 51.220614,
            "lon": -0.369644,
            "reference": "INCD-458220-G",
            "status": "planned",
            "type": "3"
          },
          {
            "area": "RH5 6NN",
            "lat": 51.199333,
            "lon": -0.421865,
            "reference": "INCD-458220-G",
            "status": "planned",
            "type": "3"
          },
          {
            "area": "RH5 6QW",
            "lat": 51.215103,
            "lon": -0.386018,
            "reference": "INCD-458220-G",
            "status": "planned",
            "type": "3"
          },
          {
            "area": "RH4 3PF",
            "lat": 51.223659,
            "lon": -0.364911,
            "reference": "INCD-458220-G",
            "status": "planned",
            "type": "3"
          },
          {
            "area": "RH4 3PW",
            "lat": 51.227592,
            "lon": -0.364471,
            "reference": "INCD-458220-G",
            "status": "planned",
            "type": "3"
          },
          {
            "area": "RH4 3NP",
            "lat": 51.224427,
            "lon": -0.367089,
            "reference": "INCD-458220-G",
            "status": "planned",
            "type": "3"
          },
          {
            "area": "RH4 3NX",
            "lat": 51.226191,
            "lon": -0.369075,
            "reference": "INCD-458220-G",
            "status": "planned",
            "type": "3"
          },
          {
            "area": "RH4 3NN",
            "lat": 51.223772,
            "lon": -0.367814,
            "reference": "INCD-458220-G",
            "status": "planned",
            "type": "3"
          },
          {
            "area": "RH4 3QS",
            "lat": 51.227586,
            "lon": -0.362122,
            "reference": "INCD-458220-G",
            "status": "planned",
            "type": "3"
          },
          {
            "area": "RH4 3JU",
            "lat": 51.222771,
            "lon": -0.351567,
            "reference": "INCD-458220-G",
            "status": "planned",
            "type": "3"
          },
          {
            "area": "RH4 3DS",
            "lat": 51.230237,
            "lon": -0.340873,
            "reference": "INCD-458220-G",
            "status": "planned",
            "type": "3"
          },
          {
            "area": "RH4 3QE",
            "lat": 51.225769,
            "lon": -0.362716,
            "reference": "INCD-458220-G",
            "status": "planned",
            "type": "3"
          },
          {
            "area": "RH4 3PB",
            "lat": 51.228018,
            "lon": -0.367907,
            "reference": "INCD-458220-G",
            "status": "planned",
            "type": "3"
          },
          {
            "area": "RH4 3AQ",
            "lat": 51.220626,
            "lon": -0.380885,
            "reference": "INCD-458220-G",
            "status": "planned",
            "type": "3"
          },
          {
            "area": "RH5 6RA",
            "lat": 51.205833,
            "lon": -0.433768,
            "reference": "INCD-458220-G",
            "status": "planned",
            "type": "3"
          },
          {
            "area": "RH5 6PW",
            "lat": 51.201996,
            "lon": -0.422604,
            "reference": "INCD-458220-G",
            "status": "planned",
            "type": "3"
          },
          {
            "area": "RH4 3QD",
            "lat": 51.226418,
            "lon": -0.360889,
            "reference": "INCD-458220-G",
            "status": "planned",
            "type": "3"
          },
          {
            "area": "RH4 3PA",
            "lat": 51.228898,
            "lon": -0.371041,
            "reference": "INCD-458220-G",
            "status": "planned",
            "type": "3"
          },
          {
            "area": "RH4 3QH",
            "lat": 51.224568,
            "lon": -0.364277,
            "reference": "INCD-458220-G",
            "status": "planned",
            "type": "3"
          },
          {
            "area": "RH4 3EF",
            "lat": 51.229702,
            "lon": -0.341866,
            "reference": "INCD-458220-G",
            "status": "planned",
            "type": "3"
          },
          {
            "area": "RH5 6RG",
            "lat": 51.203192,
            "lon": -0.427975,
            "reference": "INCD-458220-G",
            "status": "planned",
            "type": "3"
          },
          {
            "area": "RH5 6NJ",
            "lat": 51.194115,
            "lon": -0.412426,
            "reference": "INCD-458220-G",
            "status": "planned",
            "type": "3"
          },
          {
            "area": "RH4 3NG",
            "lat": 51.225811,
            "lon": -0.365737,
            "reference": "INCD-458220-G",
            "status": "planned",
            "type": "3"
          },
          {
            "area": "RH4 3DR",
            "lat": 51.232635,
            "lon": -0.339412,
            "reference": "INCD-458220-G",
            "status": "planned",
            "type": "3"
          },
          {
            "area": "RH4 3EQ",
            "lat": 51.231671,
            "lon": -0.343127,
            "reference": "INCD-458220-G",
            "status": "planned",
            "type": "3"
          },
          {
            "area": "RH4 3NQ",
            "lat": 51.225867,
            "lon": -0.366508,
            "reference": "INCD-458220-G",
            "status": "planned",
            "type": "3"
          },
          {
            "area": "RH4 3LQ",
            "lat": 51.221692,
            "lon": -0.378656,
            "reference": "INCD-458220-G",
            "status": "planned",
            "type": "3"
          },
          {
            "area": "RH4 3NR",
            "lat": 51.2251,
            "lon": -0.366994,
            "reference": "INCD-458220-G",
            "status": "planned",
            "type": "3"
          },
          {
            "area": "RH4 3QW",
            "lat": 51.227671,
            "lon": -0.363007,
            "reference": "INCD-458220-G",
            "status": "planned",
            "type": "3"
          },
          {
            "area": "RH4 3JX",
            "lat": 51.221615,
            "lon": -0.36789,
            "reference": "INCD-458220-G",
            "status": "planned",
            "type": "3"
          },
          {
            "area": "RH5 6QA",
            "lat": 51.215767,
            "lon": -0.418841,
            "reference": "INCD-458220-G",
            "status": "planned",
            "type": "3"
          },
          {
            "area": "RH4 3NT",
            "lat": 51.225323,
            "lon": -0.368762,
            "reference": "INCD-458220-G",
            "status": "planned",
            "type": "3"
          },
          {
            "area": "RH4 3QR",
            "lat": 51.227817,
            "lon": -0.362529,
            "reference": "INCD-458220-G",
            "status": "planned",
            "type": "3"
          },
          {
            "area": "RH5 6SE",
            "lat": 51.216829,
            "lon": -0.432966,
            "reference": "INCD-458220-G",
            "status": "planned",
            "type": "3"
          },
          {
            "area": "RH5 6QR",
            "lat": 51.216643,
            "lon": -0.388141,
            "reference": "INCD-458220-G",
            "status": "planned",
            "type": "3"
          },
          {
            "area": "RH4 3PN",
            "lat": 51.227879,
            "lon": -0.365062,
            "reference": "INCD-458220-G",
            "status": "planned",
            "type": "3"
          },
          {
            "area": "RH4 3EG",
            "lat": 51.230034,
            "lon": -0.345635,
            "reference": "INCD-458220-G",
            "status": "planned",
            "type": "3"
          },
          {
            "area": "RH4 3NW",
            "lat": 51.224565,
            "lon": -0.367943,
            "reference": "INCD-458220-G",
            "status": "planned",
            "type": "3"
          },
          {
            "area": "RH4 3PQ",
            "lat": 51.227713,
            "lon": -0.366013,
            "reference": "INCD-458220-G",
            "status": "planned",
            "type": "3"
          },
          {
            "area": "RH5 6QX",
            "lat": 51.213808,
            "lon": -0.431637,
            "reference": "INCD-458220-G",
            "status": "planned",
            "type": "3"
          },
          {
            "area": "RH4 3LH",
            "lat": 51.22263,
            "lon": -0.383378,
            "reference": "INCD-458220-G",
            "status": "planned",
            "type": "3"
          },
          {
            "area": "RH4 3QG",
            "lat": 51.225449,
            "lon": -0.363014,
            "reference": "INCD-458220-G",
            "status": "planned",
            "type": "3"
          },
          {
            "area": "RH4 3JZ",
            "lat": 51.222458,
            "lon": -0.371641,
            "reference": "INCD-458220-G",
            "status": "planned",
            "type": "3"
          },
          {
            "area": "RH4 3QJ",
            "lat": 51.22774,
            "lon": -0.364079,
            "reference": "INCD-458220-G",
            "status": "planned",
            "type": "3"
          },
          {
            "area": "RH4 3ED",
            "lat": 51.230511,
            "lon": -0.345633,
            "reference": "INCD-458220-G",
            "status": "planned",
            "type": "3"
          },
          {
            "area": "RH5 6QF",
            "lat": 51.214432,
            "lon": -0.400016,
            "reference": "INCD-458220-G",
            "status": "planned",
            "type": "3"
          },
          {
            "area": "RH5 6NH",
            "lat": 51.190962,
            "lon": -0.411976,
            "reference": "INCD-458220-G",
            "status": "planned",
            "type": "3"
          },
          {
            "area": "RH5 6HX",
            "lat": 51.208227,
            "lon": -0.399372,
            "reference": "INCD-458220-G",
            "status": "planned",
            "type": "3"
          },
          {
            "area": "RH4 3NY",
            "lat": 51.227658,
            "lon": -0.371114,
            "reference": "INCD-458220-G",
            "status": "planned",
            "type": "3"
          },
          {
            "area": "RH5 6JE",
            "lat": 51.198913,
            "lon": -0.402199,
            "reference": "INCD-458220-G",
            "status": "planned",
            "type": "3"
          },
          {
            "area": "RH4 3PP",
            "lat": 51.226449,
            "lon": -0.363781,
            "reference": "INCD-458220-G",
            "status": "planned",
            "type": "3"
          },
          {
            "area": "RH4 3QA",
            "lat": 51.224919,
            "lon": -0.359195,
            "reference": "INCD-458220-G",
            "status": "planned",
            "type": "3"
          },
          {
            "area": "RH5 6PR",
            "lat": 51.200925,
            "lon": -0.415899,
            "reference": "INCD-458220-G",
            "status": "planned",
            "type": "3"
          },
          {
            "area": "RH4 3DZ",
            "lat": 51.232167,
            "lon": -0.340675,
            "reference": "INCD-458220-G",
            "status": "planned",
            "type": "3"
          },
          {
            "area": "RH5 6SQ",
            "lat": 51.215721,
            "lon": -0.430126,
            "reference": "INCD-458220-G",
            "status": "planned",
            "type": "3"
          },
          {
            "area": "RH4 3PX",
            "lat": 51.224983,
            "lon": -0.355397,
            "reference": "INCD-458220-G",
            "status": "planned",
            "type": "3"
          },
          {
            "area": "RH4 3PJ",
            "lat": 51.226824,
            "lon": -0.365486,
            "reference": "INCD-458220-G",
            "status": "planned",
            "type": "3"
          },
          {
            "area": "RH5 6QG",
            "lat": 51.213973,
            "lon": -0.397998,
            "reference": "INCD-458220-G",
            "status": "planned",
            "type": "3"
          },
          {
            "area": "RH5 6HS",
            "lat": 51.212287,
            "lon": -0.393074,
            "reference": "INCD-458220-G",
            "status": "planned",
            "type": "3"
          },
          {
            "area": "RH5 6NL",
            "lat": 51.195513,
            "lon": -0.415383,
            "reference": "INCD-458220-G",
            "status": "planned",
            "type": "3"
          },
          {
            "area": "RH5 6RY",
            "lat": 51.216318,
            "lon": -0.433728,
            "reference": "INCD-458220-G",
            "status": "planned",
            "type": "3"
          },
          {
            "area": "RH5 6BF",
            "lat": 51.218605,
            "lon": -0.408577,
            "reference": "INCD-458220-G",
            "status": "planned",
            "type": "3"
          },
          {
            "area": "RH4 3LS",
            "lat": 51.230944,
            "lon": -0.374006,
            "reference": "INCD-458220-G",
            "status": "planned",
            "type": "3"
          },
          {
            "area": "RH4 3NU",
            "lat": 51.226554,
            "lon": -0.368016,
            "reference": "INCD-458220-G",
            "status": "planned",
            "type": "3"
          },
          {
            "area": "RH5 6QY",
            "lat": 51.212892,
            "lon": -0.432427,
            "reference": "INCD-458220-G",
            "status": "planned",
            "type": "3"
          },
          {
            "area": "RH4 3LY",
            "lat": 51.23065,
            "lon": -0.352975,
            "reference": "INCD-458220-G",
            "status": "planned",
            "type": "3"
          },
          {
            "area": "RH4 3QQ",
            "lat": 51.224426,
            "lon": -0.362478,
            "reference": "INCD-458220-G",
            "status": "planned",
            "type": "3"
          },
          {
            "area": "RH5 6HZ",
            "lat": 51.203393,
            "lon": -0.404248,
            "reference": "INCD-458220-G",
            "status": "planned",
            "type": "3"
          },
          {
            "area": "RH4 3QN",
            "lat": 51.227631,
            "lon": -0.363424,
            "reference": "INCD-458220-G",
            "status": "planned",
            "type": "3"
          },
          {
            "area": "RH5 6HY",
            "lat": 51.202567,
            "lon": -0.401085,
            "reference": "INCD-458220-G",
            "status": "planned",
            "type": "3"
          },
          {
            "area": "RH4 3EA",
            "lat": 51.231129,
            "lon": -0.342302,
            "reference": "INCD-458220-G",
            "status": "planned",
            "type": "3"
          },
          {
            "area": "RH4 3LG",
            "lat": 51.223734,
            "lon": -0.37605,
            "reference": "INCD-458220-G",
            "status": "planned",
            "type": "3"
          },
          {
            "area": "RH4 3LU",
            "lat": 51.232397,
            "lon": -0.367881,
            "reference": "INCD-458220-G",
            "status": "planned",
            "type": "3"
          },
          {
            "area": "RH4 3DP",
            "lat": 51.23185,
            "lon": -0.339196,
            "reference": "INCD-458220-G",
            "status": "planned",
            "type": "3"
          },
          {
            "area": "RH4 3LR",
            "lat": 51.227772,
            "lon": -0.373487,
            "reference": "INCD-458220-G",
            "status": "planned",
            "type": "3"
          },
          {
            "area": "RH5 6QH",
            "lat": 51.21629,
            "lon": -0.384043,
            "reference": "INCD-458220-G",
            "status": "planned",
            "type": "3"
          },
          {
            "area": "RH4 3LN",
            "lat": 51.225798,
            "lon": -0.376407,
            "reference": "INCD-458220-G",
            "status": "planned",
            "type": "3"
          },
          {
            "area": "RH4 3NJ",
            "lat": 51.225237,
            "lon": -0.365829,
            "reference": "INCD-458220-G",
            "status": "planned",
            "type": "3"
          },
          {
            "area": "RH4 3PS",
            "lat": 51.226905,
            "lon": -0.368104,
            "reference": "INCD-458220-G",
            "status": "planned",
            "type": "3"
          },
          {
            "area": "RH5 6QB",
            "lat": 51.214432,
            "lon": -0.400016,
            "reference": "INCD-458220-G",
            "status": "planned",
            "type": "3"
          },
          {
            "area": "RH4 3QF",
            "lat": 51.224903,
            "lon": -0.360599,
            "reference": "INCD-458220-G",
            "status": "planned",
            "type": "3"
          },
          {
            "area": "RH4 3PZ",
            "lat": 51.226316,
            "lon": -0.358716,
            "reference": "INCD-458220-G",
            "status": "planned",
            "type": "3"
          },
          {
            "area": "RH4 3NB",
            "lat": 51.230006,
            "lon": -0.351896,
            "reference": "INCD-458220-G",
            "status": "planned",
            "type": "3"
          },
          {
            "area": "RH4 3PL",
            "lat": 51.225893,
            "lon": -0.364474,
            "reference": "INCD-458220-G",
            "status": "planned",
            "type": "3"
          },
          {
            "area": "RH5 6QS",
            "lat": 51.219005,
            "lon": -0.402979,
            "reference": "INCD-458220-G",
            "status": "planned",
            "type": "3"
          },
          {
            "area": "RH4 3LL",
            "lat": 51.225207,
            "lon": -0.377244,
            "reference": "INCD-458220-G",
            "status": "planned",
            "type": "3"
          },
          {
            "area": "RH5 6PU",
            "lat": 51.204388,
            "lon": -0.419273,
            "reference": "INCD-458220-G",
            "status": "planned",
            "type": "3"
          },
          {
            "area": "RH4 3PG",
            "lat": 51.22795,
            "lon": -0.365632,
            "reference": "INCD-458220-G",
            "status": "planned",
            "type": "3"
          },
          {
            "area": "RH4 3LB",
            "lat": 51.224607,
            "lon": -0.369646,
            "reference": "INCD-458220-G",
            "status": "planned",
            "type": "3"
          },
          {
            "area": "RH4 3LP",
            "lat": 51.223032,
            "lon": -0.387774,
            "reference": "INCD-458220-G",
            "status": "planned",
            "type": "3"
          },
          {
            "area": "RH5 6QE",
            "lat": 51.211056,
            "lon": -0.405015,
            "reference": "INCD-458220-G",
            "status": "planned",
            "type": "3"
          },
          {
            "area": "RH5 6QN",
            "lat": 51.214352,
            "lon": -0.383739,
            "reference": "INCD-458220-G",
            "status": "planned",
            "type": "3"
          },
          {
            "area": "RH5 6PZ",
            "lat": 51.214474,
            "lon": -0.414332,
            "reference": "INCD-458220-G",
            "status": "planned",
            "type": "3"
          },
          {
            "area": "RH4 3PE",
            "lat": 51.223437,
            "lon": -0.366995,
            "reference": "INCD-458220-G",
            "status": "planned",
            "type": "3"
          },
          {
            "area": "RH4 3LJ",
            "lat": 51.223749,
            "lon": -0.38172,
            "reference": "INCD-458220-G",
            "status": "planned",
            "type": "3"
          },
          {
            "area": "RH5 6RQ",
            "lat": 51.202829,
            "lon": -0.429733,
            "reference": "INCD-458220-G",
            "status": "planned",
            "type": "3"
          },
          {
            "area": "RH4 3DT",
            "lat": 51.230759,
            "lon": -0.340954,
            "reference": "INCD-458220-G",
            "status": "planned",
            "type": "3"
          },
          {
            "area": "RH5 6QQ",
            "lat": 51.216758,
            "lon": -0.388623,
            "reference": "INCD-458220-G",
            "status": "planned",
            "type": "3"
          },
          {
            "area": "RH5 6QL",
            "lat": 51.211275,
            "lon": -0.381026,
            "reference": "INCD-458220-G",
            "status": "planned",
            "type": "3"
          },
          {
            "area": "RH4 1DD",
            "lat": 51.231916,
            "lon": -0.337561,
            "reference": "INCD-458220-G",
            "status": "planned",
            "type": "3"
          },
          {
            "area": "RH5 6RD",
            "lat": 51.204722,
            "lon": -0.428738,
            "reference": "INCD-458220-G",
            "status": "planned",
            "type": "3"
          },
          {
            "area": "RH4 3LZ",
            "lat": 51.232196,
            "lon": -0.352247,
            "reference": "INCD-458220-G",
            "status": "planned",
            "type": "3"
          },
          {
            "area": "RH5 6RX",
            "lat": 51.21611,
            "lon": -0.432303,
            "reference": "INCD-458220-G",
            "status": "planned",
            "type": "3"
          },
          {
            "area": "RH5 6SF",
            "lat": 51.220691,
            "lon": -0.430573,
            "reference": "INCD-458220-G",
            "status": "planned",
            "type": "3"
          },
          {
            "area": "RH4 3NH",
            "lat": 51.225679,
            "lon": -0.366601,
            "reference": "INCD-458220-G",
            "status": "planned",
            "type": "3"
          },
          {
            "area": "RH5 6SJ",
            "lat": 51.212379,
            "lon": -0.425658,
            "reference": "INCD-458220-G",
            "status": "planned",
            "type": "3"
          },
          {
            "area": "RH4 3PR",
            "lat": 51.22623,
            "lon": -0.363531,
            "reference": "INCD-458220-G",
            "status": "planned",
            "type": "3"
          },
          {
            "area": "RH4 3PH",
            "lat": 51.226954,
            "lon": -0.365152,
            "reference": "INCD-458220-G",
            "status": "planned",
            "type": "3"
          },
          {
            "area": "RH5 6SH",
            "lat": 51.214956,
            "lon": -0.426028,
            "reference": "INCD-458220-G",
            "status": "planned",
            "type": "3"
          },
          {
            "area": "RH5 6RE",
            "lat": 51.203655,
            "lon": -0.426255,
            "reference": "INCD-458220-G",
            "status": "planned",
            "type": "3"
          },
          {
            "area": "RH4 3LW",
            "lat": 51.228582,
            "lon": -0.385246,
            "reference": "INCD-458220-G",
            "status": "planned",
            "type": "3"
          },
          {
            "area": "RH4 3LD",
            "lat": 51.224121,
            "lon": -0.3729,
            "reference": "INCD-458220-G",
            "status": "planned",
            "type": "3"
          },
          {
            "area": "RH4 3LE",
            "lat": 51.224692,
            "lon": -0.371863,
            "reference": "INCD-458220-G",
            "status": "planned",
            "type": "3"
          },
          {
            "area": "RH5 6JA",
            "lat": 51.201191,
            "lon": -0.403723,
            "reference": "INCD-458220-G",
            "status": "planned",
            "type": "3"
          },
          {
            "area": "RH4 1DY",
            "lat": 51.233567,
            "lon": -0.337287,
            "reference": "INCD-458220-G",
            "status": "planned",
            "type": "3"
          },
          {
            "area": "RH4 3NZ",
            "lat": 51.230049,
            "lon": -0.371674,
            "reference": "INCD-458220-G",
            "status": "planned",
            "type": "3"
          },
          {
            "area": "RH4 3DX",
            "lat": 51.232119,
            "lon": -0.337926,
            "reference": "INCD-458220-G",
            "status": "planned",
            "type": "3"
          },
          {
            "area": "RH4 3QB",
            "lat": 51.225812,
            "lon": -0.36061,
            "reference": "INCD-458220-G",
            "status": "planned",
            "type": "3"
          },
          {
            "area": "RH5 6SG",
            "lat": 51.215652,
            "lon": -0.43103,
            "reference": "INCD-458220-G",
            "status": "planned",
            "type": "3"
          },
          {
            "area": "RH5 6PT",
            "lat": 51.204017,
            "lon": -0.416437,
            "reference": "INCD-458220-G",
            "status": "planned",
            "type": "3"
          },
          {
            "area": "RH4 3PT",
            "lat": 51.227391,
            "lon": -0.366139,
            "reference": "INCD-458220-G",
            "status": "planned",
            "type": "3"
          },
          {
            "area": "RH4 1XF",
            "lat": 51.235343,
            "lon": -0.342064,
            "reference": "INCD-458220-G",
            "status": "planned",
            "type": "3"
          },
          {
            "area": "RH4 3GA",
            "lat": 51.230856,
            "lon": -0.343329,
            "reference": "INCD-458220-G",
            "status": "planned",
            "type": "3"
          },
          {
            "area": "RH4 3GD",
            "lat": 51.229277,
            "lon": -0.348685,
            "reference": "INCD-458220-G",
            "status": "planned",
            "type": "3"
          },
          {
            "area": "RH4 3GE",
            "lat": 51.229546,
            "lon": -0.349234,
            "reference": "INCD-458220-G",
            "status": "planned",
            "type": "3"
          },
          {
            "area": "RH4 3GL",
            "lat": 51.226206,
            "lon": -0.36505,
            "reference": "INCD-458220-G",
            "status": "planned",
            "type": "3"
          },
          {
            "area": "RH4 3EE",
            "lat": 51.229459,
            "lon": -0.346902,
            "reference": "INCD-458220-G",
            "status": "planned",
            "type": "3"
          },
          {
            "area": "RH4 3LT",
            "lat": 51.226249,
            "lon": -0.372596,
            "reference": "INCD-458220-G",
            "status": "planned",
            "type": "3"
          },
          {
            "area": "RH5 6QP",
            "lat": 51.215187,
            "lon": -0.431175,
            "reference": "INCD-458220-G",
            "status": "planned",
            "type": "3"
          },
          {
            "area": "RH4 3GJ",
            "lat": 51.225143,
            "lon": -0.366176,
            "reference": "INCD-458220-G",
            "status": "planned",
            "type": "3"
          },
          {
            "area": "RH5 6PS",
            "lat": 51.198824,
            "lon": -0.416143,
            "reference": "INCD-458220-G",
            "status": "planned",
            "type": "3"
          },
          {
            "area": "RH4 3LX",
            "lat": 51.228929,
            "lon": -0.357205,
            "reference": "INCD-458220-G",
            "status": "planned",
            "type": "3"
          },
          {
            "area": "RH5 6JD",
            "lat": 51.201821,
            "lon": -0.407022,
            "reference": "INCD-458220-G",
            "status": "planned",
            "type": "3"
          },
          {
            "area": "RH5 6QT",
            "lat": 51.216097,
            "lon": -0.384394,
            "reference": "INCD-458220-G",
            "status": "planned",
            "type": "3"
          }
        ],
        "startedAt": null,
        "restoreAt": null,
        "restoreAtText": "22 Aug 07:30 - 08:30",
        "updatedAt": null,
        "officialUrl": "https://www.ukpowernetworks.co.uk/power-cut/map",
        "locationQuality": "postcode_aggregate",
        "rawRecordCount": 140,
        "coordinateSpreadKm": 4.118
      }
    },
    {
      "type": "Feature",
      "id": "ukpn:planned:incd-626897-z",
      "geometry": {
        "type": "Point",
        "coordinates": [
          -0.48434,
          51.70021
        ]
      },
      "properties": {
        "providerId": "ukpn",
        "provider": "UK Power Networks",
        "feedIds": [
          "live"
        ],
        "reference": "INCD-626897-Z",
        "category": "planned",
        "status": "planned",
        "type": "3",
        "area": "Published incident location",
        "areas": [
          "Published incident location"
        ],
        "postcodes": [
          "HP3 9TB",
          "HP3 9SZ",
          "HP3 0AA",
          "WD4 8BN",
          "WD4 8BX",
          "WD4 8BU",
          "WD4 8DF",
          "WD4 9QA",
          "WD4 8BW",
          "WD4 9HR",
          "WD4 9HS",
          "WD4 8BP",
          "WD4 8BT",
          "WD4 8BY",
          "WD4 9JB",
          "WD4 8DA",
          "WD4 9PW",
          "WD4 8DE",
          "WD4 8BZ",
          "WD4 8AD",
          "WD4 8AX",
          "WD4 8BE",
          "WD4 8DB",
          "WD4 8BJ",
          "WD4 8DD",
          "WD4 9NF",
          "WD4 8BH",
          "WD4 8AN",
          "WD4 8DL",
          "WD4 8AU",
          "WD4 8BS",
          "WD4 8BA",
          "WD4 8AW",
          "WD4 8AH",
          "WD4 8AJ",
          "WD4 8AR",
          "WD4 9HW",
          "WD4 8DG",
          "WD4 9HN",
          "WD4 9LB",
          "WD4 9HP",
          "WD4 8AY",
          "WD4 9NQ",
          "WD4 8BR",
          "WD4 8BD",
          "WD4 9NE",
          "WD4 8BL",
          "WD4 9JA",
          "WD4 8AB",
          "WD4 9LA",
          "WD4 9HL",
          "WD4 8AS",
          "WD4 8AP",
          "WD4 9HY",
          "WD4 9LZ",
          "HP3 9TF",
          "HP3 9TE",
          "WD4 9JT",
          "HP3 9TA",
          "WD4 8AL",
          "WD4 8BB",
          "HP3 9TD",
          "HP3 0AS",
          "WD4 9HB",
          "WD4 8GE"
        ],
        "groupedLocations": [
          {
            "area": "HP3 9TB",
            "lat": 51.728916,
            "lon": -0.45639,
            "reference": "INCD-626897-Z",
            "status": "planned",
            "type": "3"
          },
          {
            "area": "HP3 9SZ",
            "lat": 51.730291,
            "lon": -0.458341,
            "reference": "INCD-626897-Z",
            "status": "planned",
            "type": "3"
          },
          {
            "area": "HP3 0AA",
            "lat": 51.728836,
            "lon": -0.470916,
            "reference": "INCD-626897-Z",
            "status": "planned",
            "type": "3"
          },
          {
            "area": "WD4 8BN",
            "lat": 51.715598,
            "lon": -0.452182,
            "reference": "INCD-626897-Z",
            "status": "planned",
            "type": "3"
          },
          {
            "area": "WD4 8BX",
            "lat": 51.718676,
            "lon": -0.452424,
            "reference": "INCD-626897-Z",
            "status": "planned",
            "type": "3"
          },
          {
            "area": "WD4 8BU",
            "lat": 51.71989,
            "lon": -0.453136,
            "reference": "INCD-626897-Z",
            "status": "planned",
            "type": "3"
          },
          {
            "area": "WD4 8DF",
            "lat": 51.717844,
            "lon": -0.456868,
            "reference": "INCD-626897-Z",
            "status": "planned",
            "type": "3"
          },
          {
            "area": "WD4 9QA",
            "lat": 51.715971,
            "lon": -0.459422,
            "reference": "INCD-626897-Z",
            "status": "planned",
            "type": "3"
          },
          {
            "area": "WD4 8BW",
            "lat": 51.715334,
            "lon": -0.452003,
            "reference": "INCD-626897-Z",
            "status": "planned",
            "type": "3"
          },
          {
            "area": "WD4 9HR",
            "lat": 51.713638,
            "lon": -0.454319,
            "reference": "INCD-626897-Z",
            "status": "planned",
            "type": "3"
          },
          {
            "area": "WD4 9HS",
            "lat": 51.713911,
            "lon": -0.453832,
            "reference": "INCD-626897-Z",
            "status": "planned",
            "type": "3"
          },
          {
            "area": "WD4 8BP",
            "lat": 51.715003,
            "lon": -0.451377,
            "reference": "INCD-626897-Z",
            "status": "planned",
            "type": "3"
          },
          {
            "area": "WD4 8BT",
            "lat": 51.719933,
            "lon": -0.452309,
            "reference": "INCD-626897-Z",
            "status": "planned",
            "type": "3"
          },
          {
            "area": "WD4 8BY",
            "lat": 51.718733,
            "lon": -0.451959,
            "reference": "INCD-626897-Z",
            "status": "planned",
            "type": "3"
          },
          {
            "area": "WD4 9JB",
            "lat": 51.712769,
            "lon": -0.463468,
            "reference": "INCD-626897-Z",
            "status": "planned",
            "type": "3"
          },
          {
            "area": "WD4 8DA",
            "lat": 51.717661,
            "lon": -0.452517,
            "reference": "INCD-626897-Z",
            "status": "planned",
            "type": "3"
          },
          {
            "area": "WD4 9PW",
            "lat": 51.716754,
            "lon": -0.461538,
            "reference": "INCD-626897-Z",
            "status": "planned",
            "type": "3"
          },
          {
            "area": "WD4 8DE",
            "lat": 51.718322,
            "lon": -0.456968,
            "reference": "INCD-626897-Z",
            "status": "planned",
            "type": "3"
          },
          {
            "area": "WD4 8BZ",
            "lat": 51.717292,
            "lon": -0.452515,
            "reference": "INCD-626897-Z",
            "status": "planned",
            "type": "3"
          },
          {
            "area": "WD4 8AD",
            "lat": 51.715074,
            "lon": -0.450014,
            "reference": "INCD-626897-Z",
            "status": "planned",
            "type": "3"
          },
          {
            "area": "WD4 8AX",
            "lat": 51.726196,
            "lon": -0.456077,
            "reference": "INCD-626897-Z",
            "status": "planned",
            "type": "3"
          },
          {
            "area": "WD4 8BE",
            "lat": 51.724279,
            "lon": -0.464178,
            "reference": "INCD-626897-Z",
            "status": "planned",
            "type": "3"
          },
          {
            "area": "WD4 8DB",
            "lat": 51.718045,
            "lon": -0.453662,
            "reference": "INCD-626897-Z",
            "status": "planned",
            "type": "3"
          },
          {
            "area": "WD4 8BJ",
            "lat": 51.714582,
            "lon": -0.450885,
            "reference": "INCD-626897-Z",
            "status": "planned",
            "type": "3"
          },
          {
            "area": "WD4 8DD",
            "lat": 51.718283,
            "lon": -0.453277,
            "reference": "INCD-626897-Z",
            "status": "planned",
            "type": "3"
          },
          {
            "area": "WD4 9NF",
            "lat": 51.723627,
            "lon": -0.467269,
            "reference": "INCD-626897-Z",
            "status": "planned",
            "type": "3"
          },
          {
            "area": "WD4 8BH",
            "lat": 51.71347,
            "lon": -0.450387,
            "reference": "INCD-626897-Z",
            "status": "planned",
            "type": "3"
          },
          {
            "area": "WD4 8AN",
            "lat": 51.723694,
            "lon": -0.455873,
            "reference": "INCD-626897-Z",
            "status": "planned",
            "type": "3"
          },
          {
            "area": "WD4 8DL",
            "lat": 51.713795,
            "lon": -0.449855,
            "reference": "INCD-626897-Z",
            "status": "planned",
            "type": "3"
          },
          {
            "area": "WD4 8AU",
            "lat": 51.726389,
            "lon": -0.456345,
            "reference": "INCD-626897-Z",
            "status": "planned",
            "type": "3"
          },
          {
            "area": "WD4 8BS",
            "lat": 51.718802,
            "lon": -0.451088,
            "reference": "INCD-626897-Z",
            "status": "planned",
            "type": "3"
          },
          {
            "area": "WD4 8BA",
            "lat": 51.724977,
            "lon": -0.459753,
            "reference": "INCD-626897-Z",
            "status": "planned",
            "type": "3"
          },
          {
            "area": "WD4 8AW",
            "lat": 51.72434,
            "lon": -0.456488,
            "reference": "INCD-626897-Z",
            "status": "planned",
            "type": "3"
          },
          {
            "area": "WD4 8AH",
            "lat": 51.722559,
            "lon": -0.456418,
            "reference": "INCD-626897-Z",
            "status": "planned",
            "type": "3"
          },
          {
            "area": "WD4 8AJ",
            "lat": 51.724736,
            "lon": -0.453043,
            "reference": "INCD-626897-Z",
            "status": "planned",
            "type": "3"
          },
          {
            "area": "WD4 8AR",
            "lat": 51.724933,
            "lon": -0.45502,
            "reference": "INCD-626897-Z",
            "status": "planned",
            "type": "3"
          },
          {
            "area": "WD4 9HW",
            "lat": 51.71633,
            "lon": -0.460003,
            "reference": "INCD-626897-Z",
            "status": "planned",
            "type": "3"
          },
          {
            "area": "WD4 8DG",
            "lat": 51.71704,
            "lon": -0.451771,
            "reference": "INCD-626897-Z",
            "status": "planned",
            "type": "3"
          },
          {
            "area": "WD4 9HN",
            "lat": 51.716665,
            "lon": -0.46086,
            "reference": "INCD-626897-Z",
            "status": "planned",
            "type": "3"
          },
          {
            "area": "WD4 9LB",
            "lat": 51.718926,
            "lon": -0.463954,
            "reference": "INCD-626897-Z",
            "status": "planned",
            "type": "3"
          },
          {
            "area": "WD4 9HP",
            "lat": 51.716687,
            "lon": -0.457733,
            "reference": "INCD-626897-Z",
            "status": "planned",
            "type": "3"
          },
          {
            "area": "WD4 8AY",
            "lat": 51.725349,
            "lon": -0.460739,
            "reference": "INCD-626897-Z",
            "status": "planned",
            "type": "3"
          },
          {
            "area": "WD4 9NQ",
            "lat": 51.72306,
            "lon": -0.465117,
            "reference": "INCD-626897-Z",
            "status": "planned",
            "type": "3"
          },
          {
            "area": "WD4 8BR",
            "lat": 51.716031,
            "lon": -0.450922,
            "reference": "INCD-626897-Z",
            "status": "planned",
            "type": "3"
          },
          {
            "area": "WD4 8BD",
            "lat": 51.724382,
            "lon": -0.462437,
            "reference": "INCD-626897-Z",
            "status": "planned",
            "type": "3"
          },
          {
            "area": "WD4 9NE",
            "lat": 51.723276,
            "lon": -0.469265,
            "reference": "INCD-626897-Z",
            "status": "planned",
            "type": "3"
          },
          {
            "area": "WD4 8BL",
            "lat": 51.714887,
            "lon": -0.452887,
            "reference": "INCD-626897-Z",
            "status": "planned",
            "type": "3"
          },
          {
            "area": "WD4 9JA",
            "lat": 51.713779,
            "lon": -0.463028,
            "reference": "INCD-626897-Z",
            "status": "planned",
            "type": "3"
          },
          {
            "area": "WD4 8AB",
            "lat": 51.71321,
            "lon": -0.449788,
            "reference": "INCD-626897-Z",
            "status": "planned",
            "type": "3"
          },
          {
            "area": "WD4 9LA",
            "lat": 51.717667,
            "lon": -0.459784,
            "reference": "INCD-626897-Z",
            "status": "planned",
            "type": "3"
          },
          {
            "area": "WD4 9HL",
            "lat": 51.714589,
            "lon": -0.460265,
            "reference": "INCD-626897-Z",
            "status": "planned",
            "type": "3"
          },
          {
            "area": "WD4 8AS",
            "lat": 51.724023,
            "lon": -0.454211,
            "reference": "INCD-626897-Z",
            "status": "planned",
            "type": "3"
          },
          {
            "area": "WD4 8AP",
            "lat": 51.725232,
            "lon": -0.455922,
            "reference": "INCD-626897-Z",
            "status": "planned",
            "type": "3"
          },
          {
            "area": "WD4 9HY",
            "lat": 51.71415,
            "lon": -0.452188,
            "reference": "INCD-626897-Z",
            "status": "planned",
            "type": "3"
          },
          {
            "area": "WD4 9LZ",
            "lat": 51.717741,
            "lon": -0.459955,
            "reference": "INCD-626897-Z",
            "status": "planned",
            "type": "3"
          },
          {
            "area": "HP3 9TF",
            "lat": 51.729731,
            "lon": -0.454045,
            "reference": "INCD-626897-Z",
            "status": "planned",
            "type": "3"
          },
          {
            "area": "HP3 9TE",
            "lat": 51.727188,
            "lon": -0.453509,
            "reference": "INCD-626897-Z",
            "status": "planned",
            "type": "3"
          },
          {
            "area": "WD4 9JT",
            "lat": 51.717523,
            "lon": -0.460527,
            "reference": "INCD-626897-Z",
            "status": "planned",
            "type": "3"
          },
          {
            "area": "HP3 9TA",
            "lat": 51.729655,
            "lon": -0.457856,
            "reference": "INCD-626897-Z",
            "status": "planned",
            "type": "3"
          },
          {
            "area": "WD4 8AL",
            "lat": 51.725949,
            "lon": -0.453001,
            "reference": "INCD-626897-Z",
            "status": "planned",
            "type": "3"
          },
          {
            "area": "WD4 8BB",
            "lat": 51.724148,
            "lon": -0.461663,
            "reference": "INCD-626897-Z",
            "status": "planned",
            "type": "3"
          },
          {
            "area": "HP3 9TD",
            "lat": 51.72889,
            "lon": -0.455073,
            "reference": "INCD-626897-Z",
            "status": "planned",
            "type": "3"
          },
          {
            "area": "HP3 0AS",
            "lat": 51.727808,
            "lon": -0.471341,
            "reference": "INCD-626897-Z",
            "status": "planned",
            "type": "3"
          },
          {
            "area": "WD4 9HB",
            "lat": 51.713113,
            "lon": -0.451311,
            "reference": "INCD-626897-Z",
            "status": "planned",
            "type": "3"
          },
          {
            "area": "WD4 8GE",
            "lat": 51.725234,
            "lon": -0.458774,
            "reference": "INCD-626897-Z",
            "status": "planned",
            "type": "3"
          }
        ],
        "startedAt": null,
        "restoreAt": null,
        "restoreAtText": "To be confirmed",
        "updatedAt": null,
        "officialUrl": "https://www.ukpowernetworks.co.uk/power-cut/map",
        "locationQuality": "postcode_aggregate",
        "rawRecordCount": 65,
        "coordinateSpreadKm": 1.365
      }
    },
    {
      "type": "Feature",
      "id": "ukpn:planned:incd-22839-i",
      "geometry": {
        "type": "Point",
        "coordinates": [
          0.6537763333333334,
          52.03396166666667
        ]
      },
      "properties": {
        "providerId": "ukpn",
        "provider": "UK Power Networks",
        "feedIds": [
          "live"
        ],
        "reference": "INCD-22839-I",
        "category": "planned",
        "status": "planned",
        "type": "3",
        "area": "Published incident location",
        "areas": [
          "Published incident location"
        ],
        "postcodes": [
          "CO10 7AR",
          "CO10 7AU",
          "CO10 7AT"
        ],
        "groupedLocations": [
          {
            "area": "CO10 7AR",
            "lat": 52.033521,
            "lon": 0.649658,
            "reference": "INCD-22839-I",
            "status": "planned",
            "type": "3"
          },
          {
            "area": "CO10 7AU",
            "lat": 52.03314,
            "lon": 0.650204,
            "reference": "INCD-22839-I",
            "status": "planned",
            "type": "3"
          },
          {
            "area": "CO10 7AT",
            "lat": 52.035224,
            "lon": 0.661467,
            "reference": "INCD-22839-I",
            "status": "planned",
            "type": "3"
          }
        ],
        "startedAt": null,
        "restoreAt": null,
        "restoreAtText": "22 Aug 10:30 - 11:30",
        "updatedAt": null,
        "officialUrl": "https://www.ukpowernetworks.co.uk/power-cut/map",
        "locationQuality": "postcode_aggregate",
        "rawRecordCount": 3,
        "coordinateSpreadKm": 0.544
      }
    },
    {
      "type": "Feature",
      "id": "ukpn:planned:incd-626908-z",
      "geometry": {
        "type": "Point",
        "coordinates": [
          -0.12699,
          51.81946
        ]
      },
      "properties": {
        "providerId": "ukpn",
        "provider": "UK Power Networks",
        "feedIds": [
          "live"
        ],
        "reference": "INCD-626908-Z",
        "category": "planned",
        "status": "planned",
        "type": "3",
        "area": "Published incident location",
        "areas": [
          "Published incident location"
        ],
        "postcodes": [
          "AL9 5RL",
          "AL9 6AY",
          "AL9 6AU",
          "AL9 6AX",
          "AL9 6AT",
          "AL9 5PQ",
          "SG14 2PD",
          "SG14 2PA",
          "SG14 2NU",
          "SG14 2NZ",
          "AL9 6AA",
          "SG14 2LR",
          "SG14 2LU",
          "SG14 2LP",
          "AL9 6GZ",
          "AL9 6HT",
          "AL9 6HU",
          "SG14 2NS",
          "SG14 2PB",
          "SG14 2NW",
          "SG14 2NN",
          "SG14 2NR",
          "SG14 2NP",
          "SG14 2NL",
          "AL9 5RF",
          "AL9 6AB",
          "AL9 6AG",
          "AL9 6AE",
          "AL9 6AD",
          "SG14 2NX",
          "SG14 2TN",
          "SG14 2LN",
          "AL9 5PF",
          "AL9 5PG",
          "SG14 2LS",
          "SG14 2LT",
          "AL9 6AF",
          "AL9 6AQ",
          "SG14 2NJ",
          "AL9 6AZ",
          "AL9 5RE",
          "AL9 5RQ",
          "SG14 2LJ",
          "SG14 2LH",
          "SG14 2LG",
          "SG14 2FY"
        ],
        "groupedLocations": [
          {
            "area": "AL9 5RL",
            "lat": 51.778382,
            "lon": -0.152309,
            "reference": "INCD-626908-Z",
            "status": "planned",
            "type": "3"
          },
          {
            "area": "AL9 6AY",
            "lat": 51.763209,
            "lon": -0.158479,
            "reference": "INCD-626908-Z",
            "status": "planned",
            "type": "3"
          },
          {
            "area": "AL9 6AU",
            "lat": 51.763456,
            "lon": -0.156455,
            "reference": "INCD-626908-Z",
            "status": "planned",
            "type": "3"
          },
          {
            "area": "AL9 6AX",
            "lat": 51.76332,
            "lon": -0.160953,
            "reference": "INCD-626908-Z",
            "status": "planned",
            "type": "3"
          },
          {
            "area": "AL9 6AT",
            "lat": 51.763489,
            "lon": -0.155685,
            "reference": "INCD-626908-Z",
            "status": "planned",
            "type": "3"
          },
          {
            "area": "AL9 5PQ",
            "lat": 51.768215,
            "lon": -0.183132,
            "reference": "INCD-626908-Z",
            "status": "planned",
            "type": "3"
          },
          {
            "area": "SG14 2PD",
            "lat": 51.781219,
            "lon": -0.122008,
            "reference": "INCD-626908-Z",
            "status": "planned",
            "type": "3"
          },
          {
            "area": "SG14 2PA",
            "lat": 51.782742,
            "lon": -0.133457,
            "reference": "INCD-626908-Z",
            "status": "planned",
            "type": "3"
          },
          {
            "area": "SG14 2NU",
            "lat": 51.780688,
            "lon": -0.136035,
            "reference": "INCD-626908-Z",
            "status": "planned",
            "type": "3"
          },
          {
            "area": "SG14 2NZ",
            "lat": 51.781386,
            "lon": -0.139225,
            "reference": "INCD-626908-Z",
            "status": "planned",
            "type": "3"
          },
          {
            "area": "AL9 6AA",
            "lat": 51.767179,
            "lon": -0.142766,
            "reference": "INCD-626908-Z",
            "status": "planned",
            "type": "3"
          },
          {
            "area": "SG14 2LR",
            "lat": 51.786865,
            "lon": -0.126384,
            "reference": "INCD-626908-Z",
            "status": "planned",
            "type": "3"
          },
          {
            "area": "SG14 2LU",
            "lat": 51.78697,
            "lon": -0.127337,
            "reference": "INCD-626908-Z",
            "status": "planned",
            "type": "3"
          },
          {
            "area": "SG14 2LP",
            "lat": 51.790207,
            "lon": -0.129595,
            "reference": "INCD-626908-Z",
            "status": "planned",
            "type": "3"
          },
          {
            "area": "AL9 6GZ",
            "lat": 51.755421,
            "lon": -0.156131,
            "reference": "INCD-626908-Z",
            "status": "planned",
            "type": "3"
          },
          {
            "area": "AL9 6HT",
            "lat": 51.757696,
            "lon": -0.154429,
            "reference": "INCD-626908-Z",
            "status": "planned",
            "type": "3"
          },
          {
            "area": "AL9 6HU",
            "lat": 51.75421,
            "lon": -0.156339,
            "reference": "INCD-626908-Z",
            "status": "planned",
            "type": "3"
          },
          {
            "area": "SG14 2NS",
            "lat": 51.782374,
            "lon": -0.136908,
            "reference": "INCD-626908-Z",
            "status": "planned",
            "type": "3"
          },
          {
            "area": "SG14 2PB",
            "lat": 51.779497,
            "lon": -0.13072,
            "reference": "INCD-626908-Z",
            "status": "planned",
            "type": "3"
          },
          {
            "area": "SG14 2NN",
            "lat": 51.788472,
            "lon": -0.144356,
            "reference": "INCD-626908-Z",
            "status": "planned",
            "type": "3"
          },
          {
            "area": "SG14 2NR",
            "lat": 51.787889,
            "lon": -0.148425,
            "reference": "INCD-626908-Z",
            "status": "planned",
            "type": "3"
          },
          {
            "area": "SG14 2NP",
            "lat": 51.786137,
            "lon": -0.146293,
            "reference": "INCD-626908-Z",
            "status": "planned",
            "type": "3"
          },
          {
            "area": "SG14 2NL",
            "lat": 51.7857,
            "lon": -0.141918,
            "reference": "INCD-626908-Z",
            "status": "planned",
            "type": "3"
          },
          {
            "area": "AL9 5RF",
            "lat": 51.774184,
            "lon": -0.154713,
            "reference": "INCD-626908-Z",
            "status": "planned",
            "type": "3"
          },
          {
            "area": "AL9 6AB",
            "lat": 51.771849,
            "lon": -0.150909,
            "reference": "INCD-626908-Z",
            "status": "planned",
            "type": "3"
          },
          {
            "area": "AL9 6AG",
            "lat": 51.768642,
            "lon": -0.153997,
            "reference": "INCD-626908-Z",
            "status": "planned",
            "type": "3"
          },
          {
            "area": "AL9 6AE",
            "lat": 51.771258,
            "lon": -0.153948,
            "reference": "INCD-626908-Z",
            "status": "planned",
            "type": "3"
          },
          {
            "area": "AL9 6AD",
            "lat": 51.771939,
            "lon": -0.153761,
            "reference": "INCD-626908-Z",
            "status": "planned",
            "type": "3"
          },
          {
            "area": "SG14 2NX",
            "lat": 51.776834,
            "lon": -0.137441,
            "reference": "INCD-626908-Z",
            "status": "planned",
            "type": "3"
          },
          {
            "area": "SG14 2TN",
            "lat": 51.778216,
            "lon": -0.136702,
            "reference": "INCD-626908-Z",
            "status": "planned",
            "type": "3"
          },
          {
            "area": "SG14 2LN",
            "lat": 51.788971,
            "lon": -0.121439,
            "reference": "INCD-626908-Z",
            "status": "planned",
            "type": "3"
          },
          {
            "area": "AL9 5PF",
            "lat": 51.774058,
            "lon": -0.19229,
            "reference": "INCD-626908-Z",
            "status": "planned",
            "type": "3"
          },
          {
            "area": "AL9 5PG",
            "lat": 51.772209,
            "lon": -0.18961,
            "reference": "INCD-626908-Z",
            "status": "planned",
            "type": "3"
          },
          {
            "area": "SG14 2LS",
            "lat": 51.785182,
            "lon": -0.125207,
            "reference": "INCD-626908-Z",
            "status": "planned",
            "type": "3"
          },
          {
            "area": "SG14 2LT",
            "lat": 51.784974,
            "lon": -0.126782,
            "reference": "INCD-626908-Z",
            "status": "planned",
            "type": "3"
          },
          {
            "area": "AL9 6AF",
            "lat": 51.770787,
            "lon": -0.156576,
            "reference": "INCD-626908-Z",
            "status": "planned",
            "type": "3"
          },
          {
            "area": "AL9 6AQ",
            "lat": 51.768016,
            "lon": -0.15308,
            "reference": "INCD-626908-Z",
            "status": "planned",
            "type": "3"
          },
          {
            "area": "SG14 2NJ",
            "lat": 51.796869,
            "lon": -0.150508,
            "reference": "INCD-626908-Z",
            "status": "planned",
            "type": "3"
          },
          {
            "area": "AL9 6AZ",
            "lat": 51.760953,
            "lon": -0.170642,
            "reference": "INCD-626908-Z",
            "status": "planned",
            "type": "3"
          },
          {
            "area": "AL9 5RE",
            "lat": 51.776407,
            "lon": -0.158275,
            "reference": "INCD-626908-Z",
            "status": "planned",
            "type": "3"
          },
          {
            "area": "AL9 5RQ",
            "lat": 51.759723,
            "lon": -0.175923,
            "reference": "INCD-626908-Z",
            "status": "planned",
            "type": "3"
          },
          {
            "area": "SG14 2LJ",
            "lat": 51.789197,
            "lon": -0.114223,
            "reference": "INCD-626908-Z",
            "status": "planned",
            "type": "3"
          },
          {
            "area": "SG14 2LH",
            "lat": 51.790778,
            "lon": -0.110184,
            "reference": "INCD-626908-Z",
            "status": "planned",
            "type": "3"
          },
          {
            "area": "SG14 2LG",
            "lat": 51.790671,
            "lon": -0.107477,
            "reference": "INCD-626908-Z",
            "status": "planned",
            "type": "3"
          },
          {
            "area": "SG14 2FY",
            "lat": 51.785699,
            "lon": -0.142454,
            "reference": "INCD-626908-Z",
            "status": "planned",
            "type": "3"
          }
        ],
        "startedAt": null,
        "restoreAt": null,
        "restoreAtText": "22 Aug 09:30 - 10:30",
        "updatedAt": null,
        "officialUrl": "https://www.ukpowernetworks.co.uk/power-cut/map",
        "locationQuality": "postcode_aggregate",
        "rawRecordCount": 45,
        "coordinateSpreadKm": 3.188
      }
    },
    {
      "type": "Feature",
      "id": "ukpn:planned:incd-626917-z",
      "geometry": {
        "type": "Point",
        "coordinates": [
          -0.006881792682926831,
          52.37429509756095
        ]
      },
      "properties": {
        "providerId": "ukpn",
        "provider": "UK Power Networks",
        "feedIds": [
          "live"
        ],
        "reference": "INCD-626917-Z",
        "category": "planned",
        "status": "planned",
        "type": "3",
        "area": "Published incident location",
        "areas": [
          "Published incident location"
        ],
        "postcodes": [
          "PE28 3XH",
          "PE28 3XN",
          "PE28 3LF",
          "PE28 3XJ",
          "PE28 3LU",
          "PE28 3XL",
          "PE28 3YE",
          "PE28 3EG",
          "PE28 3EH",
          "PE28 3EE",
          "PE28 3YU",
          "PE28 3YZ",
          "PE28 3EN",
          "PE28 3DB",
          "PE28 3DA",
          "PE28 3YG",
          "PE28 3YF",
          "PE28 3YJ",
          "PE28 3JA",
          "PE28 3JB",
          "PE28 3JE",
          "PE28 3YY",
          "PE28 3YL",
          "PE28 3EU",
          "PE28 3JY",
          "PE28 3WD",
          "PE28 3EQ",
          "PE28 3YQ",
          "PE28 3EL",
          "PE28 3ES",
          "PE28 3ER",
          "PE28 3ET",
          "PE28 3LY",
          "PE28 3BF",
          "PE29 6JL",
          "PE28 3GY",
          "PE28 3NG",
          "PE28 3NE",
          "PE28 3ND",
          "PE28 3JH",
          "PE28 3LX",
          "PE28 3LE",
          "PE28 3DG",
          "PE28 3XW",
          "PE28 3EA",
          "PE28 3EJ",
          "PE28 3XT",
          "PE28 3XU",
          "PE28 3YR",
          "PE17 3JB",
          "PE29 6JZ",
          "PE28 3LZ",
          "PE28 3NQ",
          "PE28 3NA",
          "PE28 3NB",
          "PE28 3FQ",
          "PE28 3HW",
          "PE28 3HR",
          "PE17 3HW",
          "PE28 3HQ",
          "PE28 3NH",
          "PE28 3NF",
          "PE28 3NJ",
          "PE28 3BX",
          "PE28 3BY",
          "PE28 3LG",
          "PE28 3YB",
          "PE17 3ER",
          "PE28 3YS",
          "PE28 3YX",
          "PE28 3EB",
          "PE28 3EP",
          "PE28 3JD",
          "PE28 3YD",
          "PE28 3DD",
          "PE28 3FD",
          "PE17 3BY",
          "PE28 3FN",
          "PE28 3XS",
          "PE17 3JA",
          "PE28 3DQ",
          "PE28 3GZ",
          "PE28 3NU",
          "PE17 3EB",
          "PE28 3EW",
          "PE28 3FF",
          "PE28 3FH",
          "PE28 3DJ"
        ],
        "groupedLocations": [
          {
            "area": "PE28 3XH",
            "lat": 52.35691,
            "lon": 0.005422,
            "reference": "INCD-626917-Z",
            "status": "planned",
            "type": "3"
          },
          {
            "area": "PE28 3XN",
            "lat": 52.357527,
            "lon": 0.007741,
            "reference": "INCD-626917-Z",
            "status": "planned",
            "type": "3"
          },
          {
            "area": "PE28 3LF",
            "lat": 52.357057,
            "lon": 0.00418,
            "reference": "INCD-626917-Z",
            "status": "planned",
            "type": "3"
          },
          {
            "area": "PE28 3XJ",
            "lat": 52.356705,
            "lon": 0.007454,
            "reference": "INCD-626917-Z",
            "status": "planned",
            "type": "3"
          },
          {
            "area": "PE28 3LU",
            "lat": 52.357897,
            "lon": 0.010327,
            "reference": "INCD-626917-Z",
            "status": "planned",
            "type": "3"
          },
          {
            "area": "PE28 3XL",
            "lat": 52.356997,
            "lon": 0.007232,
            "reference": "INCD-626917-Z",
            "status": "planned",
            "type": "3"
          },
          {
            "area": "PE28 3YE",
            "lat": 52.380245,
            "lon": -0.000472,
            "reference": "INCD-626917-Z",
            "status": "planned",
            "type": "3"
          },
          {
            "area": "PE28 3EG",
            "lat": 52.381115,
            "lon": -0.002475,
            "reference": "INCD-626917-Z",
            "status": "planned",
            "type": "3"
          },
          {
            "area": "PE28 3EH",
            "lat": 52.382941,
            "lon": -0.003054,
            "reference": "INCD-626917-Z",
            "status": "planned",
            "type": "3"
          },
          {
            "area": "PE28 3EE",
            "lat": 52.382374,
            "lon": -0.001419,
            "reference": "INCD-626917-Z",
            "status": "planned",
            "type": "3"
          },
          {
            "area": "PE28 3YU",
            "lat": 52.382419,
            "lon": -0.005134,
            "reference": "INCD-626917-Z",
            "status": "planned",
            "type": "3"
          },
          {
            "area": "PE28 3YZ",
            "lat": 52.383063,
            "lon": -0.004973,
            "reference": "INCD-626917-Z",
            "status": "planned",
            "type": "3"
          },
          {
            "area": "PE28 3EN",
            "lat": 52.38244,
            "lon": -0.005868,
            "reference": "INCD-626917-Z",
            "status": "planned",
            "type": "3"
          },
          {
            "area": "PE28 3DB",
            "lat": 52.384582,
            "lon": -0.050694,
            "reference": "INCD-626917-Z",
            "status": "planned",
            "type": "3"
          },
          {
            "area": "PE28 3DA",
            "lat": 52.383781,
            "lon": -0.047423,
            "reference": "INCD-626917-Z",
            "status": "planned",
            "type": "3"
          },
          {
            "area": "PE28 3YG",
            "lat": 52.381209,
            "lon": -0.000604,
            "reference": "INCD-626917-Z",
            "status": "planned",
            "type": "3"
          },
          {
            "area": "PE28 3YF",
            "lat": 52.380959,
            "lon": -0.001233,
            "reference": "INCD-626917-Z",
            "status": "planned",
            "type": "3"
          },
          {
            "area": "PE28 3YJ",
            "lat": 52.379971,
            "lon": 0.001338,
            "reference": "INCD-626917-Z",
            "status": "planned",
            "type": "3"
          },
          {
            "area": "PE28 3JA",
            "lat": 52.380743,
            "lon": 0.003004,
            "reference": "INCD-626917-Z",
            "status": "planned",
            "type": "3"
          },
          {
            "area": "PE28 3JB",
            "lat": 52.381927,
            "lon": -0.000014,
            "reference": "INCD-626917-Z",
            "status": "planned",
            "type": "3"
          },
          {
            "area": "PE28 3JE",
            "lat": 52.383026,
            "lon": 0.003092,
            "reference": "INCD-626917-Z",
            "status": "planned",
            "type": "3"
          },
          {
            "area": "PE28 3YY",
            "lat": 52.382175,
            "lon": 0.000791,
            "reference": "INCD-626917-Z",
            "status": "planned",
            "type": "3"
          },
          {
            "area": "PE28 3YL",
            "lat": 52.381459,
            "lon": 0.00164,
            "reference": "INCD-626917-Z",
            "status": "planned",
            "type": "3"
          },
          {
            "area": "PE28 3EU",
            "lat": 52.3844,
            "lon": -0.001092,
            "reference": "INCD-626917-Z",
            "status": "planned",
            "type": "3"
          },
          {
            "area": "PE28 3JY",
            "lat": 52.382745,
            "lon": 0.000538,
            "reference": "INCD-626917-Z",
            "status": "planned",
            "type": "3"
          },
          {
            "area": "PE28 3WD",
            "lat": 52.399237,
            "lon": -0.000613,
            "reference": "INCD-626917-Z",
            "status": "planned",
            "type": "3"
          },
          {
            "area": "PE28 3EQ",
            "lat": 52.381448,
            "lon": -0.003576,
            "reference": "INCD-626917-Z",
            "status": "planned",
            "type": "3"
          },
          {
            "area": "PE28 3YQ",
            "lat": 52.382966,
            "lon": -0.001319,
            "reference": "INCD-626917-Z",
            "status": "planned",
            "type": "3"
          },
          {
            "area": "PE28 3EL",
            "lat": 52.383643,
            "lon": -0.00574,
            "reference": "INCD-626917-Z",
            "status": "planned",
            "type": "3"
          },
          {
            "area": "PE28 3ES",
            "lat": 52.383368,
            "lon": -0.019903,
            "reference": "INCD-626917-Z",
            "status": "planned",
            "type": "3"
          },
          {
            "area": "PE28 3ER",
            "lat": 52.382261,
            "lon": -0.010196,
            "reference": "INCD-626917-Z",
            "status": "planned",
            "type": "3"
          },
          {
            "area": "PE28 3ET",
            "lat": 52.377024,
            "lon": -0.024947,
            "reference": "INCD-626917-Z",
            "status": "planned",
            "type": "3"
          },
          {
            "area": "PE28 3LY",
            "lat": 52.362098,
            "lon": 0.012354,
            "reference": "INCD-626917-Z",
            "status": "planned",
            "type": "3"
          },
          {
            "area": "PE28 3BF",
            "lat": 52.362186,
            "lon": 0.011388,
            "reference": "INCD-626917-Z",
            "status": "planned",
            "type": "3"
          },
          {
            "area": "PE29 6JL",
            "lat": 52.335451,
            "lon": -0.21163,
            "reference": "INCD-626917-Z",
            "status": "planned",
            "type": "3"
          },
          {
            "area": "PE28 3GY",
            "lat": 52.3803,
            "lon": 0.002616,
            "reference": "INCD-626917-Z",
            "status": "planned",
            "type": "3"
          },
          {
            "area": "PE28 3NG",
            "lat": 52.370357,
            "lon": 0.01314,
            "reference": "INCD-626917-Z",
            "status": "planned",
            "type": "3"
          },
          {
            "area": "PE28 3NE",
            "lat": 52.365221,
            "lon": 0.010057,
            "reference": "INCD-626917-Z",
            "status": "planned",
            "type": "3"
          },
          {
            "area": "PE28 3ND",
            "lat": 52.365752,
            "lon": 0.013166,
            "reference": "INCD-626917-Z",
            "status": "planned",
            "type": "3"
          },
          {
            "area": "PE28 3JH",
            "lat": 52.356981,
            "lon": 0.00284,
            "reference": "INCD-626917-Z",
            "status": "planned",
            "type": "3"
          },
          {
            "area": "PE28 3LX",
            "lat": 52.355743,
            "lon": 0.006925,
            "reference": "INCD-626917-Z",
            "status": "planned",
            "type": "3"
          },
          {
            "area": "PE28 3LE",
            "lat": 52.356297,
            "lon": 0.002868,
            "reference": "INCD-626917-Z",
            "status": "planned",
            "type": "3"
          },
          {
            "area": "PE28 3DG",
            "lat": 52.382427,
            "lon": -0.035154,
            "reference": "INCD-626917-Z",
            "status": "planned",
            "type": "3"
          },
          {
            "area": "PE28 3XW",
            "lat": 52.357894,
            "lon": 0.005231,
            "reference": "INCD-626917-Z",
            "status": "planned",
            "type": "3"
          },
          {
            "area": "PE28 3EA",
            "lat": 52.383626,
            "lon": -0.00314,
            "reference": "INCD-626917-Z",
            "status": "planned",
            "type": "3"
          },
          {
            "area": "PE28 3EJ",
            "lat": 52.385027,
            "lon": -0.003077,
            "reference": "INCD-626917-Z",
            "status": "planned",
            "type": "3"
          },
          {
            "area": "PE28 3XT",
            "lat": 52.356266,
            "lon": 0.010518,
            "reference": "INCD-626917-Z",
            "status": "planned",
            "type": "3"
          },
          {
            "area": "PE28 3XU",
            "lat": 52.355298,
            "lon": 0.010342,
            "reference": "INCD-626917-Z",
            "status": "planned",
            "type": "3"
          },
          {
            "area": "PE28 3YR",
            "lat": 52.383572,
            "lon": -0.001012,
            "reference": "INCD-626917-Z",
            "status": "planned",
            "type": "3"
          },
          {
            "area": "PE29 6JZ",
            "lat": 52.334679,
            "lon": -0.212307,
            "reference": "INCD-626917-Z",
            "status": "planned",
            "type": "3"
          },
          {
            "area": "PE28 3LZ",
            "lat": 52.363853,
            "lon": 0.016957,
            "reference": "INCD-626917-Z",
            "status": "planned",
            "type": "3"
          },
          {
            "area": "PE28 3NQ",
            "lat": 52.36399,
            "lon": 0.015818,
            "reference": "INCD-626917-Z",
            "status": "planned",
            "type": "3"
          },
          {
            "area": "PE28 3NA",
            "lat": 52.362502,
            "lon": 0.013944,
            "reference": "INCD-626917-Z",
            "status": "planned",
            "type": "3"
          },
          {
            "area": "PE28 3NB",
            "lat": 52.364263,
            "lon": 0.014567,
            "reference": "INCD-626917-Z",
            "status": "planned",
            "type": "3"
          },
          {
            "area": "PE28 3FQ",
            "lat": 52.36193,
            "lon": 0.012669,
            "reference": "INCD-626917-Z",
            "status": "planned",
            "type": "3"
          },
          {
            "area": "PE28 3HW",
            "lat": 52.3967,
            "lon": 0.002124,
            "reference": "INCD-626917-Z",
            "status": "planned",
            "type": "3"
          },
          {
            "area": "PE28 3HR",
            "lat": 52.388075,
            "lon": -0.000941,
            "reference": "INCD-626917-Z",
            "status": "planned",
            "type": "3"
          },
          {
            "area": "PE28 3HQ",
            "lat": 52.402159,
            "lon": 0.009486,
            "reference": "INCD-626917-Z",
            "status": "planned",
            "type": "3"
          },
          {
            "area": "PE28 3NH",
            "lat": 52.369562,
            "lon": 0.014382,
            "reference": "INCD-626917-Z",
            "status": "planned",
            "type": "3"
          },
          {
            "area": "PE28 3NF",
            "lat": 52.367409,
            "lon": 0.014651,
            "reference": "INCD-626917-Z",
            "status": "planned",
            "type": "3"
          },
          {
            "area": "PE28 3NJ",
            "lat": 52.366395,
            "lon": 0.01979,
            "reference": "INCD-626917-Z",
            "status": "planned",
            "type": "3"
          },
          {
            "area": "PE28 3BX",
            "lat": 52.38194,
            "lon": -0.040465,
            "reference": "INCD-626917-Z",
            "status": "planned",
            "type": "3"
          },
          {
            "area": "PE28 3BY",
            "lat": 52.381358,
            "lon": -0.044414,
            "reference": "INCD-626917-Z",
            "status": "planned",
            "type": "3"
          },
          {
            "area": "PE28 3LG",
            "lat": 52.356027,
            "lon": 0.001343,
            "reference": "INCD-626917-Z",
            "status": "planned",
            "type": "3"
          },
          {
            "area": "PE28 3YB",
            "lat": 52.384629,
            "lon": -0.001831,
            "reference": "INCD-626917-Z",
            "status": "planned",
            "type": "3"
          },
          {
            "area": "PE28 3YS",
            "lat": 52.381681,
            "lon": -0.013146,
            "reference": "INCD-626917-Z",
            "status": "planned",
            "type": "3"
          },
          {
            "area": "PE28 3YX",
            "lat": 52.382788,
            "lon": -0.008395,
            "reference": "INCD-626917-Z",
            "status": "planned",
            "type": "3"
          },
          {
            "area": "PE28 3EB",
            "lat": 52.382714,
            "lon": -0.012013,
            "reference": "INCD-626917-Z",
            "status": "planned",
            "type": "3"
          },
          {
            "area": "PE28 3EP",
            "lat": 52.381458,
            "lon": -0.005751,
            "reference": "INCD-626917-Z",
            "status": "planned",
            "type": "3"
          },
          {
            "area": "PE28 3JD",
            "lat": 52.381053,
            "lon": 0.0065,
            "reference": "INCD-626917-Z",
            "status": "planned",
            "type": "3"
          },
          {
            "area": "PE28 3YD",
            "lat": 52.381915,
            "lon": -0.005128,
            "reference": "INCD-626917-Z",
            "status": "planned",
            "type": "3"
          },
          {
            "area": "PE28 3DD",
            "lat": 52.385922,
            "lon": -0.04746,
            "reference": "INCD-626917-Z",
            "status": "planned",
            "type": "3"
          },
          {
            "area": "PE28 3FD",
            "lat": 52.384958,
            "lon": -0.052235,
            "reference": "INCD-626917-Z",
            "status": "planned",
            "type": "3"
          },
          {
            "area": "PE28 3FN",
            "lat": 52.381567,
            "lon": -0.001543,
            "reference": "INCD-626917-Z",
            "status": "planned",
            "type": "3"
          },
          {
            "area": "PE28 3XS",
            "lat": 52.357055,
            "lon": 0.000582,
            "reference": "INCD-626917-Z",
            "status": "planned",
            "type": "3"
          },
          {
            "area": "PE28 3DQ",
            "lat": 52.377604,
            "lon": 0.008357,
            "reference": "INCD-626917-Z",
            "status": "planned",
            "type": "3"
          },
          {
            "area": "PE28 3GZ",
            "lat": 52.364003,
            "lon": 0.013439,
            "reference": "INCD-626917-Z",
            "status": "planned",
            "type": "3"
          },
          {
            "area": "PE28 3NU",
            "lat": 52.365334,
            "lon": 0.011326,
            "reference": "INCD-626917-Z",
            "status": "planned",
            "type": "3"
          },
          {
            "area": "PE28 3EW",
            "lat": 52.382984,
            "lon": -0.006137,
            "reference": "INCD-626917-Z",
            "status": "planned",
            "type": "3"
          },
          {
            "area": "PE28 3FF",
            "lat": 52.382577,
            "lon": -0.012915,
            "reference": "INCD-626917-Z",
            "status": "planned",
            "type": "3"
          },
          {
            "area": "PE28 3FH",
            "lat": 52.381334,
            "lon": 0.004206,
            "reference": "INCD-626917-Z",
            "status": "planned",
            "type": "3"
          },
          {
            "area": "PE28 3DJ",
            "lat": 52.38267,
            "lon": 0.010791,
            "reference": "INCD-626917-Z",
            "status": "planned",
            "type": "3"
          }
        ],
        "startedAt": null,
        "restoreAt": null,
        "restoreAtText": "22 Aug 09:30 - 10:30",
        "updatedAt": null,
        "officialUrl": "https://www.ukpowernetworks.co.uk/power-cut/map",
        "locationQuality": "postcode_aggregate",
        "rawRecordCount": 82,
        "coordinateSpreadKm": 14.63
      }
    },
    {
      "type": "Feature",
      "id": "ukpn:planned:incd-105007-v",
      "geometry": {
        "type": "Point",
        "coordinates": [
          0.89755,
          51.16445
        ]
      },
      "properties": {
        "providerId": "ukpn",
        "provider": "UK Power Networks",
        "feedIds": [
          "live"
        ],
        "reference": "INCD-105007-V",
        "category": "planned",
        "status": "planned",
        "type": "2",
        "area": "Published incident location",
        "areas": [
          "Published incident location"
        ],
        "postcodes": [
          "TN24 9JS",
          "TN24 9JN",
          "TN24 9JR",
          "TN24 9JW",
          "TN24 9JP",
          "TN24 9JL",
          "TN24 9JF"
        ],
        "groupedLocations": [
          {
            "area": "TN24 9JS",
            "lat": 51.160404,
            "lon": 0.878154,
            "reference": "INCD-105007-V",
            "status": "planned",
            "type": "2"
          },
          {
            "area": "TN24 9JN",
            "lat": 51.160162,
            "lon": 0.87924,
            "reference": "INCD-105007-V",
            "status": "planned",
            "type": "2"
          },
          {
            "area": "TN24 9JR",
            "lat": 51.160092,
            "lon": 0.878807,
            "reference": "INCD-105007-V",
            "status": "planned",
            "type": "2"
          },
          {
            "area": "TN24 9JW",
            "lat": 51.161286,
            "lon": 0.878152,
            "reference": "INCD-105007-V",
            "status": "planned",
            "type": "2"
          },
          {
            "area": "TN24 9JP",
            "lat": 51.162169,
            "lon": 0.879179,
            "reference": "INCD-105007-V",
            "status": "planned",
            "type": "2"
          },
          {
            "area": "TN24 9JL",
            "lat": 51.161934,
            "lon": 0.879951,
            "reference": "INCD-105007-V",
            "status": "planned",
            "type": "2"
          },
          {
            "area": "TN24 9JF",
            "lat": 51.162741,
            "lon": 0.879329,
            "reference": "INCD-105007-V",
            "status": "planned",
            "type": "2"
          }
        ],
        "startedAt": null,
        "restoreAt": null,
        "restoreAtText": "22 Aug 19:00 - 20:00",
        "updatedAt": null,
        "officialUrl": "https://www.ukpowernetworks.co.uk/power-cut/map",
        "locationQuality": "postcode_aggregate",
        "rawRecordCount": 7,
        "coordinateSpreadKm": 0.167
      }
    },
    {
      "type": "Feature",
      "id": "ukpn:planned:incd-458228-g",
      "geometry": {
        "type": "Point",
        "coordinates": [
          0.7693039285714286,
          50.93417853571428
        ]
      },
      "properties": {
        "providerId": "ukpn",
        "provider": "UK Power Networks",
        "feedIds": [
          "live"
        ],
        "reference": "INCD-458228-G",
        "category": "planned",
        "status": "planned",
        "type": "3",
        "area": "Published incident location",
        "areas": [
          "Published incident location"
        ],
        "postcodes": [
          "TN31 7QJ",
          "TN31 7PH",
          "TN31 7PJ",
          "TN31 7QB",
          "TN31 7WQ",
          "BN22 7QL",
          "TN31 7RA",
          "TN31 7XP",
          "TN31 7RD",
          "TN31 7RQ",
          "TN31 7RJ",
          "TN31 7RG",
          "TN31 7RR",
          "TN31 7XR",
          "TN31 7XS",
          "TN31 7RS",
          "TN31 7RH",
          "TN31 7RF",
          "TN31 7RP",
          "TN31 7FT",
          "TN31 7SF",
          "TN31 7RT",
          "TN31 7RX",
          "TN31 7RL",
          "TN31 7RE",
          "TN31 7RB",
          "TN31 7SR",
          "TN31 7SP"
        ],
        "groupedLocations": [
          {
            "area": "TN31 7QJ",
            "lat": 50.956176,
            "lon": 0.766026,
            "reference": "INCD-458228-G",
            "status": "planned",
            "type": "3"
          },
          {
            "area": "TN31 7PH",
            "lat": 50.965682,
            "lon": 0.742433,
            "reference": "INCD-458228-G",
            "status": "planned",
            "type": "3"
          },
          {
            "area": "TN31 7PJ",
            "lat": 50.97038,
            "lon": 0.743052,
            "reference": "INCD-458228-G",
            "status": "planned",
            "type": "3"
          },
          {
            "area": "TN31 7QB",
            "lat": 50.974621,
            "lon": 0.739797,
            "reference": "INCD-458228-G",
            "status": "planned",
            "type": "3"
          },
          {
            "area": "TN31 7WQ",
            "lat": 50.938273,
            "lon": 0.791512,
            "reference": "INCD-458228-G",
            "status": "planned",
            "type": "3"
          },
          {
            "area": "BN22 7QL",
            "lat": 50.771062,
            "lon": 0.294549,
            "reference": "INCD-458228-G",
            "status": "planned",
            "type": "3"
          },
          {
            "area": "TN31 7RA",
            "lat": 50.937462,
            "lon": 0.787065,
            "reference": "INCD-458228-G",
            "status": "planned",
            "type": "3"
          },
          {
            "area": "TN31 7XP",
            "lat": 50.936051,
            "lon": 0.791906,
            "reference": "INCD-458228-G",
            "status": "planned",
            "type": "3"
          },
          {
            "area": "TN31 7RD",
            "lat": 50.93658,
            "lon": 0.790101,
            "reference": "INCD-458228-G",
            "status": "planned",
            "type": "3"
          },
          {
            "area": "TN31 7RQ",
            "lat": 50.936917,
            "lon": 0.791047,
            "reference": "INCD-458228-G",
            "status": "planned",
            "type": "3"
          },
          {
            "area": "TN31 7RJ",
            "lat": 50.935682,
            "lon": 0.796026,
            "reference": "INCD-458228-G",
            "status": "planned",
            "type": "3"
          },
          {
            "area": "TN31 7RG",
            "lat": 50.935653,
            "lon": 0.791612,
            "reference": "INCD-458228-G",
            "status": "planned",
            "type": "3"
          },
          {
            "area": "TN31 7RR",
            "lat": 50.934498,
            "lon": 0.796638,
            "reference": "INCD-458228-G",
            "status": "planned",
            "type": "3"
          },
          {
            "area": "TN31 7XR",
            "lat": 50.936265,
            "lon": 0.793086,
            "reference": "INCD-458228-G",
            "status": "planned",
            "type": "3"
          },
          {
            "area": "TN31 7XS",
            "lat": 50.935718,
            "lon": 0.792299,
            "reference": "INCD-458228-G",
            "status": "planned",
            "type": "3"
          },
          {
            "area": "TN31 7RS",
            "lat": 50.933892,
            "lon": 0.80167,
            "reference": "INCD-458228-G",
            "status": "planned",
            "type": "3"
          },
          {
            "area": "TN31 7RH",
            "lat": 50.934201,
            "lon": 0.795154,
            "reference": "INCD-458228-G",
            "status": "planned",
            "type": "3"
          },
          {
            "area": "TN31 7RF",
            "lat": 50.935172,
            "lon": 0.79517,
            "reference": "INCD-458228-G",
            "status": "planned",
            "type": "3"
          },
          {
            "area": "TN31 7RP",
            "lat": 50.934784,
            "lon": 0.796001,
            "reference": "INCD-458228-G",
            "status": "planned",
            "type": "3"
          },
          {
            "area": "TN31 7FT",
            "lat": 50.934041,
            "lon": 0.797323,
            "reference": "INCD-458228-G",
            "status": "planned",
            "type": "3"
          },
          {
            "area": "TN31 7SF",
            "lat": 50.934641,
            "lon": 0.79632,
            "reference": "INCD-458228-G",
            "status": "planned",
            "type": "3"
          },
          {
            "area": "TN31 7RT",
            "lat": 50.932084,
            "lon": 0.805788,
            "reference": "INCD-458228-G",
            "status": "planned",
            "type": "3"
          },
          {
            "area": "TN31 7RX",
            "lat": 50.934936,
            "lon": 0.793405,
            "reference": "INCD-458228-G",
            "status": "planned",
            "type": "3"
          },
          {
            "area": "TN31 7RL",
            "lat": 50.935959,
            "lon": 0.796854,
            "reference": "INCD-458228-G",
            "status": "planned",
            "type": "3"
          },
          {
            "area": "TN31 7RE",
            "lat": 50.935599,
            "lon": 0.79047,
            "reference": "INCD-458228-G",
            "status": "planned",
            "type": "3"
          },
          {
            "area": "TN31 7RB",
            "lat": 50.937074,
            "lon": 0.786714,
            "reference": "INCD-458228-G",
            "status": "planned",
            "type": "3"
          },
          {
            "area": "TN31 7SR",
            "lat": 50.937007,
            "lon": 0.789145,
            "reference": "INCD-458228-G",
            "status": "planned",
            "type": "3"
          },
          {
            "area": "TN31 7SP",
            "lat": 50.936589,
            "lon": 0.789347,
            "reference": "INCD-458228-G",
            "status": "planned",
            "type": "3"
          }
        ],
        "startedAt": null,
        "restoreAt": null,
        "restoreAtText": "22 Aug 16:30 - 17:30",
        "updatedAt": null,
        "officialUrl": "https://www.ukpowernetworks.co.uk/power-cut/map",
        "locationQuality": "postcode_aggregate",
        "rawRecordCount": 28,
        "coordinateSpreadKm": 37.943
      }
    },
    {
      "type": "Feature",
      "id": "ukpn:planned:incd-626933-z",
      "geometry": {
        "type": "Point",
        "coordinates": [
          -0.42968,
          51.86284
        ]
      },
      "properties": {
        "providerId": "ukpn",
        "provider": "UK Power Networks",
        "feedIds": [
          "live"
        ],
        "reference": "INCD-626933-Z",
        "category": "planned",
        "status": "planned",
        "type": "3",
        "area": "Published incident location",
        "areas": [
          "Published incident location"
        ],
        "postcodes": [
          "LU1 4AQ",
          "LU1 4AS",
          "LU1 4NE",
          "LU1 4AT"
        ],
        "groupedLocations": [
          {
            "area": "LU1 4AQ",
            "lat": 51.866745,
            "lon": -0.458543,
            "reference": "INCD-626933-Z",
            "status": "planned",
            "type": "3"
          },
          {
            "area": "LU1 4AS",
            "lat": 51.869253,
            "lon": -0.459183,
            "reference": "INCD-626933-Z",
            "status": "planned",
            "type": "3"
          },
          {
            "area": "LU1 4NE",
            "lat": 51.867436,
            "lon": -0.458403,
            "reference": "INCD-626933-Z",
            "status": "planned",
            "type": "3"
          },
          {
            "area": "LU1 4AT",
            "lat": 51.873222,
            "lon": -0.462824,
            "reference": "INCD-626933-Z",
            "status": "planned",
            "type": "3"
          }
        ],
        "startedAt": null,
        "restoreAt": null,
        "restoreAtText": "22 Aug 14:00 - 15:00",
        "updatedAt": null,
        "officialUrl": "https://www.ukpowernetworks.co.uk/power-cut/map",
        "locationQuality": "postcode_aggregate",
        "rawRecordCount": 4,
        "coordinateSpreadKm": 0.498
      }
    },
    {
      "type": "Feature",
      "id": "ukpn:planned:incd-458234-g",
      "geometry": {
        "type": "Point",
        "coordinates": [
          0.13445,
          51.34832
        ]
      },
      "properties": {
        "providerId": "ukpn",
        "provider": "UK Power Networks",
        "feedIds": [
          "live"
        ],
        "reference": "INCD-458234-G",
        "category": "planned",
        "status": "planned",
        "type": "4",
        "area": "Published incident location",
        "areas": [
          "Published incident location"
        ],
        "postcodes": [
          "BR6 7JH",
          "BR6 7HH",
          "BR6 7JL"
        ],
        "groupedLocations": [
          {
            "area": "BR6 7JH",
            "lat": 51.35143,
            "lon": 0.075169,
            "reference": "INCD-458234-G",
            "status": "planned",
            "type": "4"
          },
          {
            "area": "BR6 7HH",
            "lat": 51.354764,
            "lon": 0.056921,
            "reference": "INCD-458234-G",
            "status": "planned",
            "type": "4"
          },
          {
            "area": "BR6 7JL",
            "lat": 51.341861,
            "lon": 0.064988,
            "reference": "INCD-458234-G",
            "status": "planned",
            "type": "4"
          }
        ],
        "startedAt": null,
        "restoreAt": null,
        "restoreAtText": "22 Aug 14:30 - 15:30",
        "updatedAt": null,
        "officialUrl": "https://www.ukpowernetworks.co.uk/power-cut/map",
        "locationQuality": "postcode_aggregate",
        "rawRecordCount": 3,
        "coordinateSpreadKm": 0.856
      }
    },
    {
      "type": "Feature",
      "id": "ukpn:planned:incd-105008-v",
      "geometry": {
        "type": "Point",
        "coordinates": [
          0.74914,
          51.34866
        ]
      },
      "properties": {
        "providerId": "ukpn",
        "provider": "UK Power Networks",
        "feedIds": [
          "live"
        ],
        "reference": "INCD-105008-V",
        "category": "planned",
        "status": "planned",
        "type": "2",
        "area": "Published incident location",
        "areas": [
          "Published incident location"
        ],
        "postcodes": [
          "ME10 4JD",
          "ME10 4JA",
          "ME10 3DD",
          "ME10 4NW",
          "ME10 4JB",
          "ME10 4NJ"
        ],
        "groupedLocations": [
          {
            "area": "ME10 4JD",
            "lat": 51.336301,
            "lon": 0.756216,
            "reference": "INCD-105008-V",
            "status": "planned",
            "type": "2"
          },
          {
            "area": "ME10 4JA",
            "lat": 51.336954,
            "lon": 0.75482,
            "reference": "INCD-105008-V",
            "status": "planned",
            "type": "2"
          },
          {
            "area": "ME10 3DD",
            "lat": 51.33726,
            "lon": 0.75827,
            "reference": "INCD-105008-V",
            "status": "planned",
            "type": "2"
          },
          {
            "area": "ME10 4NW",
            "lat": 51.33554,
            "lon": 0.757205,
            "reference": "INCD-105008-V",
            "status": "planned",
            "type": "2"
          },
          {
            "area": "ME10 4JB",
            "lat": 51.336299,
            "lon": 0.7586,
            "reference": "INCD-105008-V",
            "status": "planned",
            "type": "2"
          },
          {
            "area": "ME10 4NJ",
            "lat": 51.335508,
            "lon": 0.755508,
            "reference": "INCD-105008-V",
            "status": "planned",
            "type": "2"
          }
        ],
        "startedAt": null,
        "restoreAt": null,
        "restoreAtText": "22 Aug 15:30 - 16:30",
        "updatedAt": null,
        "officialUrl": "https://www.ukpowernetworks.co.uk/power-cut/map",
        "locationQuality": "postcode_aggregate",
        "rawRecordCount": 6,
        "coordinateSpreadKm": 0.153
      }
    },
    {
      "type": "Feature",
      "id": "ukpn:planned:incd-626952-z",
      "geometry": {
        "type": "Point",
        "coordinates": [
          -0.22952,
          51.58984
        ]
      },
      "properties": {
        "providerId": "ukpn",
        "provider": "UK Power Networks",
        "feedIds": [
          "live"
        ],
        "reference": "INCD-626952-Z",
        "category": "planned",
        "status": "planned",
        "type": "2",
        "area": "Published incident location",
        "areas": [
          "Published incident location"
        ],
        "postcodes": [
          "NW4 4AQ",
          "NW4 4AG"
        ],
        "groupedLocations": [
          {
            "area": "NW4 4AQ",
            "lat": 51.587586,
            "lon": -0.226044,
            "reference": "INCD-626952-Z",
            "status": "planned",
            "type": "2"
          },
          {
            "area": "NW4 4AG",
            "lat": 51.587867,
            "lon": -0.223204,
            "reference": "INCD-626952-Z",
            "status": "planned",
            "type": "2"
          }
        ],
        "startedAt": null,
        "restoreAt": null,
        "restoreAtText": "22 Aug 16:30 - 17:30",
        "updatedAt": null,
        "officialUrl": "https://www.ukpowernetworks.co.uk/power-cut/map",
        "locationQuality": "postcode_aggregate",
        "rawRecordCount": 2,
        "coordinateSpreadKm": 0.099
      }
    },
    {
      "type": "Feature",
      "id": "ukpn:planned:incd-626965-z",
      "geometry": {
        "type": "Point",
        "coordinates": [
          0.35671,
          52.34406
        ]
      },
      "properties": {
        "providerId": "ukpn",
        "provider": "UK Power Networks",
        "feedIds": [
          "live"
        ],
        "reference": "INCD-626965-Z",
        "category": "planned",
        "status": "planned",
        "type": "3",
        "area": "Published incident location",
        "areas": [
          "Published incident location"
        ],
        "postcodes": [
          "CB25 0BQ",
          "CB25 0AA",
          "CB25 0BT",
          "CB25 0JE",
          "CB5 0BQ",
          "CB25 0DY",
          "CB25 0DU",
          "CB25 0EJ",
          "CB25 0DB",
          "CB25 0FT",
          "CB25 0RA",
          "CB7 5LW",
          "CB25 0DE",
          "CB25 0DA",
          "CB25 0AB",
          "CB25 0DL",
          "CB25 0DD",
          "CB25 0HJ",
          "CB25 0HL",
          "CB25 0EY",
          "CB25 0JP",
          "CB25 0HD",
          "CB25 0HF",
          "CB25 0HE",
          "CB25 0HQ",
          "CB25 0HB",
          "CB5 0HE",
          "CB25 0HN",
          "CB25 0AS",
          "CB25 0HG",
          "CB25 0ES",
          "CB25 0AF",
          "CB25 0JL",
          "CB25 0AG",
          "CB25 0JR",
          "CB25 0DN",
          "CB25 0DQ",
          "CB25 0DF",
          "CB25 0DH",
          "CB5 0RA",
          "CB25 0HS",
          "CB25 0RE",
          "CB25 0HR",
          "CB25 0EP",
          "CB25 0EN",
          "CB25 0DG",
          "CB25 0AH",
          "CB25 0AL",
          "CB25 0RF",
          "CB25 0AE",
          "CB25 0AR",
          "CB25 0AQ",
          "CB25 0ER",
          "CB25 0HW",
          "CB7 5LP",
          "CB5 0DU",
          "CB25 0HA",
          "CB25 0EL",
          "CB25 0DZ",
          "CB25 0EX",
          "CB25 0RQ",
          "CB25 0ET",
          "CB25 0LW",
          "CB7 5DY",
          "CB25 0EG",
          "CB25 0FE",
          "CB25 0HH",
          "CB25 0PA",
          "CB25 0GH",
          "CB5 0HG",
          "CB25 0BP",
          "CB5 0BP",
          "CB5 0AA",
          "CB5 0AH",
          "CB25 0AP",
          "CB5 0DF",
          "CB25 0BU",
          "CB25 0AD",
          "CB25 0AU",
          "CB25 0FP",
          "CB25 0AN",
          "CB25 0BZ",
          "CB25 0DW"
        ],
        "groupedLocations": [
          {
            "area": "CB25 0BQ",
            "lat": 52.295446,
            "lon": 0.337721,
            "reference": "INCD-626965-Z",
            "status": "planned",
            "type": "3"
          },
          {
            "area": "CB25 0AA",
            "lat": 52.278157,
            "lon": 0.329379,
            "reference": "INCD-626965-Z",
            "status": "planned",
            "type": "3"
          },
          {
            "area": "CB25 0BT",
            "lat": 52.292883,
            "lon": 0.330445,
            "reference": "INCD-626965-Z",
            "status": "planned",
            "type": "3"
          },
          {
            "area": "CB25 0JE",
            "lat": 52.276533,
            "lon": 0.329661,
            "reference": "INCD-626965-Z",
            "status": "planned",
            "type": "3"
          },
          {
            "area": "CB25 0DY",
            "lat": 52.275382,
            "lon": 0.328296,
            "reference": "INCD-626965-Z",
            "status": "planned",
            "type": "3"
          },
          {
            "area": "CB25 0DU",
            "lat": 52.27784,
            "lon": 0.326299,
            "reference": "INCD-626965-Z",
            "status": "planned",
            "type": "3"
          },
          {
            "area": "CB25 0EJ",
            "lat": 52.277543,
            "lon": 0.322208,
            "reference": "INCD-626965-Z",
            "status": "planned",
            "type": "3"
          },
          {
            "area": "CB25 0DB",
            "lat": 52.291723,
            "lon": 0.349066,
            "reference": "INCD-626965-Z",
            "status": "planned",
            "type": "3"
          },
          {
            "area": "CB25 0FT",
            "lat": 52.278926,
            "lon": 0.321401,
            "reference": "INCD-626965-Z",
            "status": "planned",
            "type": "3"
          },
          {
            "area": "CB25 0RA",
            "lat": 52.270651,
            "lon": 0.331097,
            "reference": "INCD-626965-Z",
            "status": "planned",
            "type": "3"
          },
          {
            "area": "CB7 5LW",
            "lat": 52.305466,
            "lon": 0.37947,
            "reference": "INCD-626965-Z",
            "status": "planned",
            "type": "3"
          },
          {
            "area": "CB25 0DE",
            "lat": 52.2805,
            "lon": 0.330954,
            "reference": "INCD-626965-Z",
            "status": "planned",
            "type": "3"
          },
          {
            "area": "CB25 0DA",
            "lat": 52.281527,
            "lon": 0.334057,
            "reference": "INCD-626965-Z",
            "status": "planned",
            "type": "3"
          },
          {
            "area": "CB25 0AB",
            "lat": 52.278923,
            "lon": 0.332484,
            "reference": "INCD-626965-Z",
            "status": "planned",
            "type": "3"
          },
          {
            "area": "CB25 0DL",
            "lat": 52.281143,
            "lon": 0.328876,
            "reference": "INCD-626965-Z",
            "status": "planned",
            "type": "3"
          },
          {
            "area": "CB25 0DD",
            "lat": 52.279958,
            "lon": 0.329694,
            "reference": "INCD-626965-Z",
            "status": "planned",
            "type": "3"
          },
          {
            "area": "CB25 0HJ",
            "lat": 52.271758,
            "lon": 0.328736,
            "reference": "INCD-626965-Z",
            "status": "planned",
            "type": "3"
          },
          {
            "area": "CB25 0HL",
            "lat": 52.272507,
            "lon": 0.329978,
            "reference": "INCD-626965-Z",
            "status": "planned",
            "type": "3"
          },
          {
            "area": "CB25 0EY",
            "lat": 52.271633,
            "lon": 0.326414,
            "reference": "INCD-626965-Z",
            "status": "planned",
            "type": "3"
          },
          {
            "area": "CB25 0JP",
            "lat": 52.276591,
            "lon": 0.331262,
            "reference": "INCD-626965-Z",
            "status": "planned",
            "type": "3"
          },
          {
            "area": "CB25 0HD",
            "lat": 52.272711,
            "lon": 0.327408,
            "reference": "INCD-626965-Z",
            "status": "planned",
            "type": "3"
          },
          {
            "area": "CB25 0HF",
            "lat": 52.271639,
            "lon": 0.324743,
            "reference": "INCD-626965-Z",
            "status": "planned",
            "type": "3"
          },
          {
            "area": "CB25 0HE",
            "lat": 52.273432,
            "lon": 0.325497,
            "reference": "INCD-626965-Z",
            "status": "planned",
            "type": "3"
          },
          {
            "area": "CB25 0HQ",
            "lat": 52.271989,
            "lon": 0.325245,
            "reference": "INCD-626965-Z",
            "status": "planned",
            "type": "3"
          },
          {
            "area": "CB25 0HB",
            "lat": 52.269014,
            "lon": 0.329282,
            "reference": "INCD-626965-Z",
            "status": "planned",
            "type": "3"
          },
          {
            "area": "CB25 0HN",
            "lat": 52.272989,
            "lon": 0.32285,
            "reference": "INCD-626965-Z",
            "status": "planned",
            "type": "3"
          },
          {
            "area": "CB25 0AS",
            "lat": 52.278157,
            "lon": 0.330757,
            "reference": "INCD-626965-Z",
            "status": "planned",
            "type": "3"
          },
          {
            "area": "CB25 0HG",
            "lat": 52.272018,
            "lon": 0.323297,
            "reference": "INCD-626965-Z",
            "status": "planned",
            "type": "3"
          },
          {
            "area": "CB25 0ES",
            "lat": 52.274212,
            "lon": 0.323793,
            "reference": "INCD-626965-Z",
            "status": "planned",
            "type": "3"
          },
          {
            "area": "CB25 0AF",
            "lat": 52.269819,
            "lon": 0.333164,
            "reference": "INCD-626965-Z",
            "status": "planned",
            "type": "3"
          },
          {
            "area": "CB25 0JL",
            "lat": 52.277923,
            "lon": 0.331229,
            "reference": "INCD-626965-Z",
            "status": "planned",
            "type": "3"
          },
          {
            "area": "CB25 0AG",
            "lat": 52.269185,
            "lon": 0.327898,
            "reference": "INCD-626965-Z",
            "status": "planned",
            "type": "3"
          },
          {
            "area": "CB25 0JR",
            "lat": 52.271201,
            "lon": 0.329631,
            "reference": "INCD-626965-Z",
            "status": "planned",
            "type": "3"
          },
          {
            "area": "CB25 0DN",
            "lat": 52.281276,
            "lon": 0.330364,
            "reference": "INCD-626965-Z",
            "status": "planned",
            "type": "3"
          },
          {
            "area": "CB25 0DQ",
            "lat": 52.282003,
            "lon": 0.33178,
            "reference": "INCD-626965-Z",
            "status": "planned",
            "type": "3"
          },
          {
            "area": "CB25 0DF",
            "lat": 52.28403,
            "lon": 0.330699,
            "reference": "INCD-626965-Z",
            "status": "planned",
            "type": "3"
          },
          {
            "area": "CB25 0DH",
            "lat": 52.282669,
            "lon": 0.330393,
            "reference": "INCD-626965-Z",
            "status": "planned",
            "type": "3"
          },
          {
            "area": "CB25 0HS",
            "lat": 52.270882,
            "lon": 0.328515,
            "reference": "INCD-626965-Z",
            "status": "planned",
            "type": "3"
          },
          {
            "area": "CB25 0RE",
            "lat": 52.271516,
            "lon": 0.332359,
            "reference": "INCD-626965-Z",
            "status": "planned",
            "type": "3"
          },
          {
            "area": "CB25 0HR",
            "lat": 52.273401,
            "lon": 0.32891,
            "reference": "INCD-626965-Z",
            "status": "planned",
            "type": "3"
          },
          {
            "area": "CB25 0EP",
            "lat": 52.274152,
            "lon": 0.325432,
            "reference": "INCD-626965-Z",
            "status": "planned",
            "type": "3"
          },
          {
            "area": "CB25 0EN",
            "lat": 52.27487,
            "lon": 0.325044,
            "reference": "INCD-626965-Z",
            "status": "planned",
            "type": "3"
          },
          {
            "area": "CB25 0DG",
            "lat": 52.283844,
            "lon": 0.334208,
            "reference": "INCD-626965-Z",
            "status": "planned",
            "type": "3"
          },
          {
            "area": "CB25 0AH",
            "lat": 52.267162,
            "lon": 0.323776,
            "reference": "INCD-626965-Z",
            "status": "planned",
            "type": "3"
          },
          {
            "area": "CB25 0AL",
            "lat": 52.267604,
            "lon": 0.32418,
            "reference": "INCD-626965-Z",
            "status": "planned",
            "type": "3"
          },
          {
            "area": "CB25 0RF",
            "lat": 52.283396,
            "lon": 0.333686,
            "reference": "INCD-626965-Z",
            "status": "planned",
            "type": "3"
          },
          {
            "area": "CB25 0AE",
            "lat": 52.273342,
            "lon": 0.331868,
            "reference": "INCD-626965-Z",
            "status": "planned",
            "type": "3"
          },
          {
            "area": "CB25 0AR",
            "lat": 52.268538,
            "lon": 0.327425,
            "reference": "INCD-626965-Z",
            "status": "planned",
            "type": "3"
          },
          {
            "area": "CB25 0AQ",
            "lat": 52.269305,
            "lon": 0.328227,
            "reference": "INCD-626965-Z",
            "status": "planned",
            "type": "3"
          },
          {
            "area": "CB25 0ER",
            "lat": 52.275443,
            "lon": 0.325221,
            "reference": "INCD-626965-Z",
            "status": "planned",
            "type": "3"
          },
          {
            "area": "CB25 0HW",
            "lat": 52.274378,
            "lon": 0.323113,
            "reference": "INCD-626965-Z",
            "status": "planned",
            "type": "3"
          },
          {
            "area": "CB7 5LP",
            "lat": 52.302968,
            "lon": 0.370872,
            "reference": "INCD-626965-Z",
            "status": "planned",
            "type": "3"
          },
          {
            "area": "CB25 0HA",
            "lat": 52.275065,
            "lon": 0.327048,
            "reference": "INCD-626965-Z",
            "status": "planned",
            "type": "3"
          },
          {
            "area": "CB25 0EL",
            "lat": 52.275919,
            "lon": 0.323384,
            "reference": "INCD-626965-Z",
            "status": "planned",
            "type": "3"
          },
          {
            "area": "CB25 0DZ",
            "lat": 52.277923,
            "lon": 0.324383,
            "reference": "INCD-626965-Z",
            "status": "planned",
            "type": "3"
          },
          {
            "area": "CB25 0EX",
            "lat": 52.2771,
            "lon": 0.323709,
            "reference": "INCD-626965-Z",
            "status": "planned",
            "type": "3"
          },
          {
            "area": "CB25 0RQ",
            "lat": 52.276521,
            "lon": 0.323445,
            "reference": "INCD-626965-Z",
            "status": "planned",
            "type": "3"
          },
          {
            "area": "CB25 0ET",
            "lat": 52.278007,
            "lon": 0.323742,
            "reference": "INCD-626965-Z",
            "status": "planned",
            "type": "3"
          },
          {
            "area": "CB25 0LW",
            "lat": 52.277059,
            "lon": 0.328985,
            "reference": "INCD-626965-Z",
            "status": "planned",
            "type": "3"
          },
          {
            "area": "CB7 5DY",
            "lat": 52.335445,
            "lon": 0.335352,
            "reference": "INCD-626965-Z",
            "status": "planned",
            "type": "3"
          },
          {
            "area": "CB25 0EG",
            "lat": 52.28025,
            "lon": 0.326762,
            "reference": "INCD-626965-Z",
            "status": "planned",
            "type": "3"
          },
          {
            "area": "CB25 0FE",
            "lat": 52.267903,
            "lon": 0.330894,
            "reference": "INCD-626965-Z",
            "status": "planned",
            "type": "3"
          },
          {
            "area": "CB25 0HH",
            "lat": 52.271514,
            "lon": 0.32972,
            "reference": "INCD-626965-Z",
            "status": "planned",
            "type": "3"
          },
          {
            "area": "CB25 0PA",
            "lat": 52.271643,
            "lon": 0.33367,
            "reference": "INCD-626965-Z",
            "status": "planned",
            "type": "3"
          },
          {
            "area": "CB25 0GH",
            "lat": 52.268032,
            "lon": 0.32026,
            "reference": "INCD-626965-Z",
            "status": "planned",
            "type": "3"
          },
          {
            "area": "CB25 0BP",
            "lat": 52.275398,
            "lon": 0.316511,
            "reference": "INCD-626965-Z",
            "status": "planned",
            "type": "3"
          },
          {
            "area": "CB25 0AP",
            "lat": 52.251913,
            "lon": 0.341895,
            "reference": "INCD-626965-Z",
            "status": "planned",
            "type": "3"
          },
          {
            "area": "CB25 0BU",
            "lat": 52.26699,
            "lon": 0.325204,
            "reference": "INCD-626965-Z",
            "status": "planned",
            "type": "3"
          },
          {
            "area": "CB25 0AD",
            "lat": 52.283151,
            "lon": 0.330609,
            "reference": "INCD-626965-Z",
            "status": "planned",
            "type": "3"
          },
          {
            "area": "CB25 0AU",
            "lat": 52.283613,
            "lon": 0.329519,
            "reference": "INCD-626965-Z",
            "status": "planned",
            "type": "3"
          },
          {
            "area": "CB25 0FP",
            "lat": 52.285012,
            "lon": 0.329255,
            "reference": "INCD-626965-Z",
            "status": "planned",
            "type": "3"
          },
          {
            "area": "CB25 0AN",
            "lat": 52.265104,
            "lon": 0.323727,
            "reference": "INCD-626965-Z",
            "status": "planned",
            "type": "3"
          },
          {
            "area": "CB25 0BZ",
            "lat": 52.266808,
            "lon": 0.32578,
            "reference": "INCD-626965-Z",
            "status": "planned",
            "type": "3"
          },
          {
            "area": "CB25 0DW",
            "lat": 52.266507,
            "lon": 0.324167,
            "reference": "INCD-626965-Z",
            "status": "planned",
            "type": "3"
          }
        ],
        "startedAt": null,
        "restoreAt": null,
        "restoreAtText": "22 Aug 14:00 - 15:00",
        "updatedAt": null,
        "officialUrl": "https://www.ukpowernetworks.co.uk/power-cut/map",
        "locationQuality": "postcode_aggregate",
        "rawRecordCount": 74,
        "coordinateSpreadKm": 6.512
      }
    },
    {
      "type": "Feature",
      "id": "ukpn:planned:incd-626969-z",
      "geometry": {
        "type": "Point",
        "coordinates": [
          0.43941,
          52.27184
        ]
      },
      "properties": {
        "providerId": "ukpn",
        "provider": "UK Power Networks",
        "feedIds": [
          "live"
        ],
        "reference": "INCD-626969-Z",
        "category": "planned",
        "status": "planned",
        "type": "2",
        "area": "Published incident location",
        "areas": [
          "Published incident location"
        ],
        "postcodes": [
          "CB8 8FF",
          "CB8 8LL",
          "CB8 8LB",
          "CB8 8NG",
          "CB8 8FP",
          "CB8 8LT",
          "CB8 7AB"
        ],
        "groupedLocations": [
          {
            "area": "CB8 8FF",
            "lat": 52.246341,
            "lon": 0.408345,
            "reference": "INCD-626969-Z",
            "status": "planned",
            "type": "2"
          },
          {
            "area": "CB8 8LL",
            "lat": 52.245467,
            "lon": 0.408444,
            "reference": "INCD-626969-Z",
            "status": "planned",
            "type": "2"
          },
          {
            "area": "CB8 8LB",
            "lat": 52.245281,
            "lon": 0.407848,
            "reference": "INCD-626969-Z",
            "status": "planned",
            "type": "2"
          },
          {
            "area": "CB8 8NG",
            "lat": 52.245461,
            "lon": 0.408268,
            "reference": "INCD-626969-Z",
            "status": "planned",
            "type": "2"
          },
          {
            "area": "CB8 8FP",
            "lat": 52.245718,
            "lon": 0.408472,
            "reference": "INCD-626969-Z",
            "status": "planned",
            "type": "2"
          },
          {
            "area": "CB8 8LT",
            "lat": 52.246088,
            "lon": 0.40839,
            "reference": "INCD-626969-Z",
            "status": "planned",
            "type": "2"
          },
          {
            "area": "CB8 7AB",
            "lat": 52.247647,
            "lon": 0.406013,
            "reference": "INCD-626969-Z",
            "status": "planned",
            "type": "2"
          }
        ],
        "startedAt": null,
        "restoreAt": null,
        "restoreAtText": "22 Aug 16:30 - 17:30",
        "updatedAt": null,
        "officialUrl": "https://www.ukpowernetworks.co.uk/power-cut/map",
        "locationQuality": "postcode_aggregate",
        "rawRecordCount": 7,
        "coordinateSpreadKm": 0.226
      }
    },
    {
      "type": "Feature",
      "id": "ukpn:planned:incd-458255-g",
      "geometry": {
        "type": "Point",
        "coordinates": [
          0.22121,
          50.94417
        ]
      },
      "properties": {
        "providerId": "ukpn",
        "provider": "UK Power Networks",
        "feedIds": [
          "live"
        ],
        "reference": "INCD-458255-G",
        "category": "planned",
        "status": "planned",
        "type": "3",
        "area": "Published incident location",
        "areas": [
          "Published incident location"
        ],
        "postcodes": [
          "TN21 0HJ",
          "TN21 0EZ",
          "TN21 0HQ",
          "TN21 0HA",
          "TN21 0HD",
          "TN21 0HB",
          "TN21 0EY",
          "TN21 0HH",
          "TN21 0HE"
        ],
        "groupedLocations": [
          {
            "area": "TN21 0HJ",
            "lat": 50.933987,
            "lon": 0.247876,
            "reference": "INCD-458255-G",
            "status": "planned",
            "type": "3"
          },
          {
            "area": "TN21 0EZ",
            "lat": 50.936388,
            "lon": 0.246511,
            "reference": "INCD-458255-G",
            "status": "planned",
            "type": "3"
          },
          {
            "area": "TN21 0HQ",
            "lat": 50.934569,
            "lon": 0.247121,
            "reference": "INCD-458255-G",
            "status": "planned",
            "type": "3"
          },
          {
            "area": "TN21 0HA",
            "lat": 50.937246,
            "lon": 0.247278,
            "reference": "INCD-458255-G",
            "status": "planned",
            "type": "3"
          },
          {
            "area": "TN21 0HD",
            "lat": 50.93545,
            "lon": 0.248501,
            "reference": "INCD-458255-G",
            "status": "planned",
            "type": "3"
          },
          {
            "area": "TN21 0HB",
            "lat": 50.935311,
            "lon": 0.246872,
            "reference": "INCD-458255-G",
            "status": "planned",
            "type": "3"
          },
          {
            "area": "TN21 0EY",
            "lat": 50.935533,
            "lon": 0.245616,
            "reference": "INCD-458255-G",
            "status": "planned",
            "type": "3"
          },
          {
            "area": "TN21 0HH",
            "lat": 50.934735,
            "lon": 0.249221,
            "reference": "INCD-458255-G",
            "status": "planned",
            "type": "3"
          },
          {
            "area": "TN21 0HE",
            "lat": 50.934859,
            "lon": 0.251191,
            "reference": "INCD-458255-G",
            "status": "planned",
            "type": "3"
          }
        ],
        "startedAt": null,
        "restoreAt": null,
        "restoreAtText": "To be confirmed",
        "updatedAt": null,
        "officialUrl": "https://www.ukpowernetworks.co.uk/power-cut/map",
        "locationQuality": "postcode_aggregate",
        "rawRecordCount": 9,
        "coordinateSpreadKm": 0.244
      }
    },
    {
      "type": "Feature",
      "id": "ukpn:planned:incd-458259-g",
      "geometry": {
        "type": "Point",
        "coordinates": [
          -0.5871226,
          51.256901600000006
        ]
      },
      "properties": {
        "providerId": "ukpn",
        "provider": "UK Power Networks",
        "feedIds": [
          "live"
        ],
        "reference": "INCD-458259-G",
        "category": "planned",
        "status": "planned",
        "type": "2",
        "area": "Published incident location",
        "areas": [
          "Published incident location"
        ],
        "postcodes": [
          "GU2 9PZ",
          "GU2 9PX",
          "GU2 9QA",
          "GU2 9PY",
          "GU2 9ZA"
        ],
        "groupedLocations": [
          {
            "area": "GU2 9PZ",
            "lat": 51.257631,
            "lon": -0.587192,
            "reference": "INCD-458259-G",
            "status": "planned",
            "type": "2"
          },
          {
            "area": "GU2 9PX",
            "lat": 51.255906,
            "lon": -0.587316,
            "reference": "INCD-458259-G",
            "status": "planned",
            "type": "2"
          },
          {
            "area": "GU2 9QA",
            "lat": 51.257729,
            "lon": -0.588622,
            "reference": "INCD-458259-G",
            "status": "planned",
            "type": "2"
          },
          {
            "area": "GU2 9PY",
            "lat": 51.255784,
            "lon": -0.586948,
            "reference": "INCD-458259-G",
            "status": "planned",
            "type": "2"
          },
          {
            "area": "GU2 9ZA",
            "lat": 51.257458,
            "lon": -0.585535,
            "reference": "INCD-458259-G",
            "status": "planned",
            "type": "2"
          }
        ],
        "startedAt": null,
        "restoreAt": null,
        "restoreAtText": "22 Aug 17:30 - 18:30",
        "updatedAt": null,
        "officialUrl": "https://www.ukpowernetworks.co.uk/power-cut/map",
        "locationQuality": "postcode_aggregate",
        "rawRecordCount": 5,
        "coordinateSpreadKm": 0.139
      }
    },
    {
      "type": "Feature",
      "id": "ukpn:planned:incd-626976-z",
      "geometry": {
        "type": "Point",
        "coordinates": [
          0.29089,
          52.75421
        ]
      },
      "properties": {
        "providerId": "ukpn",
        "provider": "UK Power Networks",
        "feedIds": [
          "live"
        ],
        "reference": "INCD-626976-Z",
        "category": "planned",
        "status": "planned",
        "type": "3",
        "area": "Published incident location",
        "areas": [
          "Published incident location"
        ],
        "postcodes": [
          "PE14 7JN",
          "PE14 7JG",
          "PE14 7JL",
          "PE14 7JF",
          "PE14 7HW",
          "PE14 7HP",
          "PE14 7HN",
          "PE14 7JH",
          "PE14 7JP",
          "PE14 7SH",
          "PE14 8JY",
          "PE14 7SJ",
          "PE14 7RR",
          "PE14 7TD",
          "PE14 7RS",
          "PE14 7SF",
          "PE14 7SG",
          "PE14 7SE",
          "PE14 7QT",
          "PE14 7RP",
          "PE14 7RY",
          "PE14 7RW",
          "PE34 4QQ",
          "PE34 4QH",
          "PE34 4RF",
          "PE34 4QX",
          "PE34 4QL",
          "PE34 4QJ",
          "PE34 4QW",
          "PE34 4QP",
          "PE34 4QR",
          "PE34 4QT",
          "PE34 4QN",
          "PE34 4QY",
          "PE34 4RQ",
          "PE34 4HT",
          "PE34 4RJ",
          "PE14 7QD",
          "PE14 7RH",
          "PE14 7SR",
          "PE14 7SW",
          "PE14 7QG",
          "PE14 7QF",
          "PE14 7QQ",
          "PE14 7RD",
          "PE14 7DP",
          "PE14 7QA",
          "PE14 7QX",
          "PE14 7QH",
          "PE14 7QJ",
          "PE14 7QL",
          "PE14 7QW",
          "PE14 7QP",
          "PE14 7EZ",
          "PE14 7NW",
          "PE14 7NS",
          "PE14 7PE",
          "PE14 7PD",
          "PE14 7PN",
          "PE14 7PH",
          "PE14 7NU",
          "PE14 7LH",
          "PE14 7PR",
          "PE14 7LG",
          "PE14 7LF",
          "PE14 7SQ",
          "PE14 7TB",
          "PE14 7RX",
          "PE34 4QU",
          "PE14 7RU",
          "PE14 7RT",
          "PE34 4QZ",
          "PE14 7SN",
          "PE14 7HU",
          "PE14 7EB",
          "PE14 7HR",
          "PE14 7HY",
          "PE14 7NP",
          "PE14 7NT",
          "PE14 7NR",
          "PE14 7PA",
          "PE14 7PG",
          "PE14 7PQ",
          "PE14 7HT",
          "PE14 7HL",
          "PE14 7LL",
          "PE14 7QB",
          "PE14 7RZ",
          "PE14 7RA",
          "PE14 7QY",
          "PE14 7EG",
          "PE14 7JA",
          "PE14 7NY",
          "PE14 7HX",
          "PE14 7TA",
          "PE14 7XA",
          "PE34 4RE",
          "PE34 4QS",
          "PE14 7QE",
          "PE14 7RE",
          "PE14 7HS",
          "PE14 7HJ",
          "PE14 7LJ",
          "PE14 7NN",
          "PE14 7PB",
          "PE14 7PL",
          "PE14 7QS",
          "PE14 7RQ",
          "PE14 7ST",
          "PE14 7PF",
          "PE14 7JW",
          "PE14 7QU",
          "PE14 7QN",
          "PE14 7SP",
          "PE34 4FH",
          "PE14 7NX",
          "PE14 7ND",
          "PE14 7JQ",
          "PE14 7NQ",
          "PE14 8PE",
          "PE14 8JR"
        ],
        "groupedLocations": [
          {
            "area": "PE14 7JN",
            "lat": 52.737014,
            "lon": 0.199004,
            "reference": "INCD-626976-Z",
            "status": "planned",
            "type": "3"
          },
          {
            "area": "PE14 7JG",
            "lat": 52.73595,
            "lon": 0.191381,
            "reference": "INCD-626976-Z",
            "status": "planned",
            "type": "3"
          },
          {
            "area": "PE14 7JL",
            "lat": 52.735851,
            "lon": 0.189954,
            "reference": "INCD-626976-Z",
            "status": "planned",
            "type": "3"
          },
          {
            "area": "PE14 7JF",
            "lat": 52.732133,
            "lon": 0.196047,
            "reference": "INCD-626976-Z",
            "status": "planned",
            "type": "3"
          },
          {
            "area": "PE14 7HW",
            "lat": 52.729136,
            "lon": 0.208782,
            "reference": "INCD-626976-Z",
            "status": "planned",
            "type": "3"
          },
          {
            "area": "PE14 7HN",
            "lat": 52.729575,
            "lon": 0.210804,
            "reference": "INCD-626976-Z",
            "status": "planned",
            "type": "3"
          },
          {
            "area": "PE14 7JH",
            "lat": 52.739344,
            "lon": 0.192144,
            "reference": "INCD-626976-Z",
            "status": "planned",
            "type": "3"
          },
          {
            "area": "PE14 7JP",
            "lat": 52.744199,
            "lon": 0.199914,
            "reference": "INCD-626976-Z",
            "status": "planned",
            "type": "3"
          },
          {
            "area": "PE14 7SH",
            "lat": 52.688197,
            "lon": 0.274472,
            "reference": "INCD-626976-Z",
            "status": "planned",
            "type": "3"
          },
          {
            "area": "PE14 8JY",
            "lat": 52.68167,
            "lon": 0.27252,
            "reference": "INCD-626976-Z",
            "status": "planned",
            "type": "3"
          },
          {
            "area": "PE14 7SJ",
            "lat": 52.681808,
            "lon": 0.273282,
            "reference": "INCD-626976-Z",
            "status": "planned",
            "type": "3"
          },
          {
            "area": "PE14 7RR",
            "lat": 52.705441,
            "lon": 0.275043,
            "reference": "INCD-626976-Z",
            "status": "planned",
            "type": "3"
          },
          {
            "area": "PE14 7TD",
            "lat": 52.704176,
            "lon": 0.275821,
            "reference": "INCD-626976-Z",
            "status": "planned",
            "type": "3"
          },
          {
            "area": "PE14 7RS",
            "lat": 52.704786,
            "lon": 0.275438,
            "reference": "INCD-626976-Z",
            "status": "planned",
            "type": "3"
          },
          {
            "area": "PE14 7SF",
            "lat": 52.703121,
            "lon": 0.27504,
            "reference": "INCD-626976-Z",
            "status": "planned",
            "type": "3"
          },
          {
            "area": "PE14 7SG",
            "lat": 52.697962,
            "lon": 0.273973,
            "reference": "INCD-626976-Z",
            "status": "planned",
            "type": "3"
          },
          {
            "area": "PE14 7SE",
            "lat": 52.704193,
            "lon": 0.273068,
            "reference": "INCD-626976-Z",
            "status": "planned",
            "type": "3"
          },
          {
            "area": "PE14 7QT",
            "lat": 52.707679,
            "lon": 0.256699,
            "reference": "INCD-626976-Z",
            "status": "planned",
            "type": "3"
          },
          {
            "area": "PE14 7RP",
            "lat": 52.706049,
            "lon": 0.263454,
            "reference": "INCD-626976-Z",
            "status": "planned",
            "type": "3"
          },
          {
            "area": "PE14 7RY",
            "lat": 52.713209,
            "lon": 0.277875,
            "reference": "INCD-626976-Z",
            "status": "planned",
            "type": "3"
          },
          {
            "area": "PE14 7RW",
            "lat": 52.705678,
            "lon": 0.274848,
            "reference": "INCD-626976-Z",
            "status": "planned",
            "type": "3"
          },
          {
            "area": "PE34 4QQ",
            "lat": 52.704504,
            "lon": 0.290981,
            "reference": "INCD-626976-Z",
            "status": "planned",
            "type": "3"
          },
          {
            "area": "PE34 4QH",
            "lat": 52.704668,
            "lon": 0.292766,
            "reference": "INCD-626976-Z",
            "status": "planned",
            "type": "3"
          },
          {
            "area": "PE34 4RF",
            "lat": 52.698249,
            "lon": 0.290831,
            "reference": "INCD-626976-Z",
            "status": "planned",
            "type": "3"
          },
          {
            "area": "PE34 4QX",
            "lat": 52.699185,
            "lon": 0.28937,
            "reference": "INCD-626976-Z",
            "status": "planned",
            "type": "3"
          },
          {
            "area": "PE34 4QL",
            "lat": 52.70191,
            "lon": 0.285161,
            "reference": "INCD-626976-Z",
            "status": "planned",
            "type": "3"
          },
          {
            "area": "PE34 4QJ",
            "lat": 52.701349,
            "lon": 0.285339,
            "reference": "INCD-626976-Z",
            "status": "planned",
            "type": "3"
          },
          {
            "area": "PE34 4QW",
            "lat": 52.701361,
            "lon": 0.282379,
            "reference": "INCD-626976-Z",
            "status": "planned",
            "type": "3"
          },
          {
            "area": "PE34 4QP",
            "lat": 52.701623,
            "lon": 0.280942,
            "reference": "INCD-626976-Z",
            "status": "planned",
            "type": "3"
          },
          {
            "area": "PE34 4QR",
            "lat": 52.70071,
            "lon": 0.280702,
            "reference": "INCD-626976-Z",
            "status": "planned",
            "type": "3"
          },
          {
            "area": "PE34 4QT",
            "lat": 52.700757,
            "lon": 0.279654,
            "reference": "INCD-626976-Z",
            "status": "planned",
            "type": "3"
          },
          {
            "area": "PE34 4QN",
            "lat": 52.703418,
            "lon": 0.28108,
            "reference": "INCD-626976-Z",
            "status": "planned",
            "type": "3"
          },
          {
            "area": "PE34 4QY",
            "lat": 52.698451,
            "lon": 0.287837,
            "reference": "INCD-626976-Z",
            "status": "planned",
            "type": "3"
          },
          {
            "area": "PE34 4RQ",
            "lat": 52.698283,
            "lon": 0.285786,
            "reference": "INCD-626976-Z",
            "status": "planned",
            "type": "3"
          },
          {
            "area": "PE34 4HT",
            "lat": 52.699108,
            "lon": 0.28497,
            "reference": "INCD-626976-Z",
            "status": "planned",
            "type": "3"
          },
          {
            "area": "PE34 4RJ",
            "lat": 52.698555,
            "lon": 0.28429,
            "reference": "INCD-626976-Z",
            "status": "planned",
            "type": "3"
          },
          {
            "area": "PE14 7QD",
            "lat": 52.70097,
            "lon": 0.246347,
            "reference": "INCD-626976-Z",
            "status": "planned",
            "type": "3"
          },
          {
            "area": "PE14 7RH",
            "lat": 52.699329,
            "lon": 0.247106,
            "reference": "INCD-626976-Z",
            "status": "planned",
            "type": "3"
          },
          {
            "area": "PE14 7SR",
            "lat": 52.690968,
            "lon": 0.251782,
            "reference": "INCD-626976-Z",
            "status": "planned",
            "type": "3"
          },
          {
            "area": "PE14 7SW",
            "lat": 52.688123,
            "lon": 0.246723,
            "reference": "INCD-626976-Z",
            "status": "planned",
            "type": "3"
          },
          {
            "area": "PE14 7QG",
            "lat": 52.696897,
            "lon": 0.243533,
            "reference": "INCD-626976-Z",
            "status": "planned",
            "type": "3"
          },
          {
            "area": "PE14 7QF",
            "lat": 52.696602,
            "lon": 0.244391,
            "reference": "INCD-626976-Z",
            "status": "planned",
            "type": "3"
          },
          {
            "area": "PE14 7QQ",
            "lat": 52.699518,
            "lon": 0.242809,
            "reference": "INCD-626976-Z",
            "status": "planned",
            "type": "3"
          },
          {
            "area": "PE14 7RD",
            "lat": 52.692952,
            "lon": 0.236227,
            "reference": "INCD-626976-Z",
            "status": "planned",
            "type": "3"
          },
          {
            "area": "PE14 7DP",
            "lat": 52.704275,
            "lon": 0.215535,
            "reference": "INCD-626976-Z",
            "status": "planned",
            "type": "3"
          },
          {
            "area": "PE14 7QA",
            "lat": 52.702166,
            "lon": 0.245387,
            "reference": "INCD-626976-Z",
            "status": "planned",
            "type": "3"
          },
          {
            "area": "PE14 7QX",
            "lat": 52.699415,
            "lon": 0.233005,
            "reference": "INCD-626976-Z",
            "status": "planned",
            "type": "3"
          },
          {
            "area": "PE14 7QH",
            "lat": 52.702276,
            "lon": 0.240996,
            "reference": "INCD-626976-Z",
            "status": "planned",
            "type": "3"
          },
          {
            "area": "PE14 7QJ",
            "lat": 52.702525,
            "lon": 0.243081,
            "reference": "INCD-626976-Z",
            "status": "planned",
            "type": "3"
          },
          {
            "area": "PE14 7QL",
            "lat": 52.709191,
            "lon": 0.239574,
            "reference": "INCD-626976-Z",
            "status": "planned",
            "type": "3"
          },
          {
            "area": "PE14 7QW",
            "lat": 52.71651,
            "lon": 0.234826,
            "reference": "INCD-626976-Z",
            "status": "planned",
            "type": "3"
          },
          {
            "area": "PE14 7QP",
            "lat": 52.722166,
            "lon": 0.231457,
            "reference": "INCD-626976-Z",
            "status": "planned",
            "type": "3"
          },
          {
            "area": "PE14 7EZ",
            "lat": 52.696097,
            "lon": 0.20371,
            "reference": "INCD-626976-Z",
            "status": "planned",
            "type": "3"
          },
          {
            "area": "PE14 7NW",
            "lat": 52.726589,
            "lon": 0.217584,
            "reference": "INCD-626976-Z",
            "status": "planned",
            "type": "3"
          },
          {
            "area": "PE14 7NS",
            "lat": 52.728151,
            "lon": 0.221558,
            "reference": "INCD-626976-Z",
            "status": "planned",
            "type": "3"
          },
          {
            "area": "PE14 7PE",
            "lat": 52.724881,
            "lon": 0.228604,
            "reference": "INCD-626976-Z",
            "status": "planned",
            "type": "3"
          },
          {
            "area": "PE14 7PD",
            "lat": 52.727172,
            "lon": 0.225344,
            "reference": "INCD-626976-Z",
            "status": "planned",
            "type": "3"
          },
          {
            "area": "PE14 7PN",
            "lat": 52.732447,
            "lon": 0.229805,
            "reference": "INCD-626976-Z",
            "status": "planned",
            "type": "3"
          },
          {
            "area": "PE14 7PH",
            "lat": 52.727114,
            "lon": 0.232746,
            "reference": "INCD-626976-Z",
            "status": "planned",
            "type": "3"
          },
          {
            "area": "PE14 7NU",
            "lat": 52.728962,
            "lon": 0.22819,
            "reference": "INCD-626976-Z",
            "status": "planned",
            "type": "3"
          },
          {
            "area": "PE14 7LH",
            "lat": 52.734204,
            "lon": 0.220503,
            "reference": "INCD-626976-Z",
            "status": "planned",
            "type": "3"
          },
          {
            "area": "PE14 7PR",
            "lat": 52.731093,
            "lon": 0.222419,
            "reference": "INCD-626976-Z",
            "status": "planned",
            "type": "3"
          },
          {
            "area": "PE14 7LG",
            "lat": 52.73245,
            "lon": 0.220547,
            "reference": "INCD-626976-Z",
            "status": "planned",
            "type": "3"
          },
          {
            "area": "PE14 7LF",
            "lat": 52.732631,
            "lon": 0.219061,
            "reference": "INCD-626976-Z",
            "status": "planned",
            "type": "3"
          },
          {
            "area": "PE14 7SQ",
            "lat": 52.6883,
            "lon": 0.273782,
            "reference": "INCD-626976-Z",
            "status": "planned",
            "type": "3"
          },
          {
            "area": "PE14 7TB",
            "lat": 52.703822,
            "lon": 0.276009,
            "reference": "INCD-626976-Z",
            "status": "planned",
            "type": "3"
          },
          {
            "area": "PE14 7RX",
            "lat": 52.706184,
            "lon": 0.280351,
            "reference": "INCD-626976-Z",
            "status": "planned",
            "type": "3"
          },
          {
            "area": "PE34 4QU",
            "lat": 52.699753,
            "lon": 0.289296,
            "reference": "INCD-626976-Z",
            "status": "planned",
            "type": "3"
          },
          {
            "area": "PE14 7RU",
            "lat": 52.704087,
            "lon": 0.278125,
            "reference": "INCD-626976-Z",
            "status": "planned",
            "type": "3"
          },
          {
            "area": "PE14 7RT",
            "lat": 52.704217,
            "lon": 0.279775,
            "reference": "INCD-626976-Z",
            "status": "planned",
            "type": "3"
          },
          {
            "area": "PE34 4QZ",
            "lat": 52.69466,
            "lon": 0.286721,
            "reference": "INCD-626976-Z",
            "status": "planned",
            "type": "3"
          },
          {
            "area": "PE14 7SN",
            "lat": 52.681156,
            "lon": 0.251855,
            "reference": "INCD-626976-Z",
            "status": "planned",
            "type": "3"
          },
          {
            "area": "PE14 7HU",
            "lat": 52.719955,
            "lon": 0.215085,
            "reference": "INCD-626976-Z",
            "status": "planned",
            "type": "3"
          },
          {
            "area": "PE14 7EB",
            "lat": 52.69684,
            "lon": 0.204858,
            "reference": "INCD-626976-Z",
            "status": "planned",
            "type": "3"
          },
          {
            "area": "PE14 7HR",
            "lat": 52.727201,
            "lon": 0.21372,
            "reference": "INCD-626976-Z",
            "status": "planned",
            "type": "3"
          },
          {
            "area": "PE14 7HY",
            "lat": 52.725263,
            "lon": 0.214436,
            "reference": "INCD-626976-Z",
            "status": "planned",
            "type": "3"
          },
          {
            "area": "PE14 7NP",
            "lat": 52.726292,
            "lon": 0.218561,
            "reference": "INCD-626976-Z",
            "status": "planned",
            "type": "3"
          },
          {
            "area": "PE14 7NT",
            "lat": 52.726826,
            "lon": 0.220321,
            "reference": "INCD-626976-Z",
            "status": "planned",
            "type": "3"
          },
          {
            "area": "PE14 7NR",
            "lat": 52.724949,
            "lon": 0.223543,
            "reference": "INCD-626976-Z",
            "status": "planned",
            "type": "3"
          },
          {
            "area": "PE14 7PA",
            "lat": 52.727415,
            "lon": 0.224853,
            "reference": "INCD-626976-Z",
            "status": "planned",
            "type": "3"
          },
          {
            "area": "PE14 7PG",
            "lat": 52.724172,
            "lon": 0.231397,
            "reference": "INCD-626976-Z",
            "status": "planned",
            "type": "3"
          },
          {
            "area": "PE14 7PQ",
            "lat": 52.725433,
            "lon": 0.234171,
            "reference": "INCD-626976-Z",
            "status": "planned",
            "type": "3"
          },
          {
            "area": "PE14 7HT",
            "lat": 52.72576,
            "lon": 0.217186,
            "reference": "INCD-626976-Z",
            "status": "planned",
            "type": "3"
          },
          {
            "area": "PE14 7HL",
            "lat": 52.732764,
            "lon": 0.210002,
            "reference": "INCD-626976-Z",
            "status": "planned",
            "type": "3"
          },
          {
            "area": "PE14 7LL",
            "lat": 52.734078,
            "lon": 0.220986,
            "reference": "INCD-626976-Z",
            "status": "planned",
            "type": "3"
          },
          {
            "area": "PE14 7QB",
            "lat": 52.702546,
            "lon": 0.244799,
            "reference": "INCD-626976-Z",
            "status": "planned",
            "type": "3"
          },
          {
            "area": "PE14 7RZ",
            "lat": 52.715801,
            "lon": 0.278202,
            "reference": "INCD-626976-Z",
            "status": "planned",
            "type": "3"
          },
          {
            "area": "PE14 7RA",
            "lat": 52.692829,
            "lon": 0.228466,
            "reference": "INCD-626976-Z",
            "status": "planned",
            "type": "3"
          },
          {
            "area": "PE14 7QY",
            "lat": 52.697432,
            "lon": 0.219836,
            "reference": "INCD-626976-Z",
            "status": "planned",
            "type": "3"
          },
          {
            "area": "PE14 7EG",
            "lat": 52.696459,
            "lon": 0.204557,
            "reference": "INCD-626976-Z",
            "status": "planned",
            "type": "3"
          },
          {
            "area": "PE14 7JA",
            "lat": 52.720387,
            "lon": 0.198656,
            "reference": "INCD-626976-Z",
            "status": "planned",
            "type": "3"
          },
          {
            "area": "PE14 7NY",
            "lat": 52.729552,
            "lon": 0.230264,
            "reference": "INCD-626976-Z",
            "status": "planned",
            "type": "3"
          },
          {
            "area": "PE14 7HX",
            "lat": 52.71331,
            "lon": 0.213165,
            "reference": "INCD-626976-Z",
            "status": "planned",
            "type": "3"
          },
          {
            "area": "PE14 7TA",
            "lat": 52.704906,
            "lon": 0.275711,
            "reference": "INCD-626976-Z",
            "status": "planned",
            "type": "3"
          },
          {
            "area": "PE14 7XA",
            "lat": 52.707315,
            "lon": 0.27437,
            "reference": "INCD-626976-Z",
            "status": "planned",
            "type": "3"
          },
          {
            "area": "PE34 4RE",
            "lat": 52.69742,
            "lon": 0.291394,
            "reference": "INCD-626976-Z",
            "status": "planned",
            "type": "3"
          },
          {
            "area": "PE34 4QS",
            "lat": 52.702382,
            "lon": 0.279798,
            "reference": "INCD-626976-Z",
            "status": "planned",
            "type": "3"
          },
          {
            "area": "PE14 7QE",
            "lat": 52.697675,
            "lon": 0.247998,
            "reference": "INCD-626976-Z",
            "status": "planned",
            "type": "3"
          },
          {
            "area": "PE14 7RE",
            "lat": 52.694261,
            "lon": 0.237863,
            "reference": "INCD-626976-Z",
            "status": "planned",
            "type": "3"
          },
          {
            "area": "PE14 7HS",
            "lat": 52.726389,
            "lon": 0.21627,
            "reference": "INCD-626976-Z",
            "status": "planned",
            "type": "3"
          },
          {
            "area": "PE14 7HJ",
            "lat": 52.732426,
            "lon": 0.212711,
            "reference": "INCD-626976-Z",
            "status": "planned",
            "type": "3"
          },
          {
            "area": "PE14 7LJ",
            "lat": 52.733414,
            "lon": 0.219945,
            "reference": "INCD-626976-Z",
            "status": "planned",
            "type": "3"
          },
          {
            "area": "PE14 7NN",
            "lat": 52.727268,
            "lon": 0.217337,
            "reference": "INCD-626976-Z",
            "status": "planned",
            "type": "3"
          },
          {
            "area": "PE14 7PB",
            "lat": 52.72727,
            "lon": 0.224461,
            "reference": "INCD-626976-Z",
            "status": "planned",
            "type": "3"
          },
          {
            "area": "PE14 7PL",
            "lat": 52.727889,
            "lon": 0.23406,
            "reference": "INCD-626976-Z",
            "status": "planned",
            "type": "3"
          },
          {
            "area": "PE14 7QS",
            "lat": 52.709984,
            "lon": 0.256566,
            "reference": "INCD-626976-Z",
            "status": "planned",
            "type": "3"
          },
          {
            "area": "PE14 7RQ",
            "lat": 52.704767,
            "lon": 0.279241,
            "reference": "INCD-626976-Z",
            "status": "planned",
            "type": "3"
          },
          {
            "area": "PE14 7ST",
            "lat": 52.703607,
            "lon": 0.274992,
            "reference": "INCD-626976-Z",
            "status": "planned",
            "type": "3"
          },
          {
            "area": "PE14 7PF",
            "lat": 52.72165,
            "lon": 0.231653,
            "reference": "INCD-626976-Z",
            "status": "planned",
            "type": "3"
          },
          {
            "area": "PE14 7JW",
            "lat": 52.731759,
            "lon": 0.221445,
            "reference": "INCD-626976-Z",
            "status": "planned",
            "type": "3"
          },
          {
            "area": "PE14 7QU",
            "lat": 52.701225,
            "lon": 0.240943,
            "reference": "INCD-626976-Z",
            "status": "planned",
            "type": "3"
          },
          {
            "area": "PE14 7QN",
            "lat": 52.712783,
            "lon": 0.234591,
            "reference": "INCD-626976-Z",
            "status": "planned",
            "type": "3"
          },
          {
            "area": "PE14 7SP",
            "lat": 52.703184,
            "lon": 0.275976,
            "reference": "INCD-626976-Z",
            "status": "planned",
            "type": "3"
          },
          {
            "area": "PE34 4FH",
            "lat": 52.699372,
            "lon": 0.289928,
            "reference": "INCD-626976-Z",
            "status": "planned",
            "type": "3"
          },
          {
            "area": "PE14 7NX",
            "lat": 52.728761,
            "lon": 0.217294,
            "reference": "INCD-626976-Z",
            "status": "planned",
            "type": "3"
          },
          {
            "area": "PE14 7ND",
            "lat": 52.734448,
            "lon": 0.220901,
            "reference": "INCD-626976-Z",
            "status": "planned",
            "type": "3"
          },
          {
            "area": "PE14 7JQ",
            "lat": 52.725701,
            "lon": 0.218413,
            "reference": "INCD-626976-Z",
            "status": "planned",
            "type": "3"
          },
          {
            "area": "PE14 7NQ",
            "lat": 52.733273,
            "lon": 0.219345,
            "reference": "INCD-626976-Z",
            "status": "planned",
            "type": "3"
          },
          {
            "area": "PE14 8PE",
            "lat": 52.619342,
            "lon": 0.235045,
            "reference": "INCD-626976-Z",
            "status": "planned",
            "type": "3"
          },
          {
            "area": "PE14 8JR",
            "lat": 52.654387,
            "lon": 0.281514,
            "reference": "INCD-626976-Z",
            "status": "planned",
            "type": "3"
          }
        ],
        "startedAt": null,
        "restoreAt": null,
        "restoreAtText": "22 Aug 15:00 - 16:00",
        "updatedAt": null,
        "officialUrl": "https://www.ukpowernetworks.co.uk/power-cut/map",
        "locationQuality": "postcode_aggregate",
        "rawRecordCount": 120,
        "coordinateSpreadKm": 10.174
      }
    },
    {
      "type": "Feature",
      "id": "ukpn:current:mult-11678808-b053-4e7b-b6c2-7a2b9134e024",
      "geometry": {
        "type": "Point",
        "coordinates": [
          -0.59229,
          51.25747
        ]
      },
      "properties": {
        "providerId": "ukpn",
        "provider": "UK Power Networks",
        "feedIds": [
          "live"
        ],
        "reference": "MULT-11678808-b053-4e7b-b6c2-7a2b9134e024",
        "category": "current",
        "status": "current",
        "type": "0",
        "area": "Published incident location",
        "areas": [
          "Published incident location"
        ],
        "postcodes": [],
        "groupedLocations": [
          {
            "area": "Published incident location",
            "lat": 51.25747,
            "lon": -0.59229,
            "reference": "MULT-11678808-b053-4e7b-b6c2-7a2b9134e024",
            "status": "current",
            "type": "0"
          }
        ],
        "startedAt": null,
        "restoreAt": null,
        "restoreAtText": "",
        "updatedAt": null,
        "officialUrl": "https://www.ukpowernetworks.co.uk/power-cut/map",
        "locationQuality": "postcode_aggregate",
        "rawRecordCount": 1,
        "coordinateSpreadKm": 0
      }
    },
    {
      "type": "Feature",
      "id": "ukpn:current:mult-74e4722b-ad60-424e-9b26-4156788393ee",
      "geometry": {
        "type": "Point",
        "coordinates": [
          0.30566,
          50.77718
        ]
      },
      "properties": {
        "providerId": "ukpn",
        "provider": "UK Power Networks",
        "feedIds": [
          "live"
        ],
        "reference": "MULT-74e4722b-ad60-424e-9b26-4156788393ee",
        "category": "current",
        "status": "current",
        "type": "0",
        "area": "Published incident location",
        "areas": [
          "Published incident location"
        ],
        "postcodes": [],
        "groupedLocations": [
          {
            "area": "Published incident location",
            "lat": 50.77718,
            "lon": 0.30566,
            "reference": "MULT-74e4722b-ad60-424e-9b26-4156788393ee",
            "status": "current",
            "type": "0"
          }
        ],
        "startedAt": null,
        "restoreAt": null,
        "restoreAtText": "",
        "updatedAt": null,
        "officialUrl": "https://www.ukpowernetworks.co.uk/power-cut/map",
        "locationQuality": "postcode_aggregate",
        "rawRecordCount": 1,
        "coordinateSpreadKm": 0
      }
    },
    {
      "type": "Feature",
      "id": "ukpn:planned:incd-626863-z",
      "geometry": {
        "type": "Point",
        "coordinates": [
          0.93971,
          52.72872
        ]
      },
      "properties": {
        "providerId": "ukpn",
        "provider": "UK Power Networks",
        "feedIds": [
          "live"
        ],
        "reference": "INCD-626863-Z",
        "category": "planned",
        "status": "planned",
        "type": "3",
        "area": "Published incident location",
        "areas": [
          "Published incident location"
        ],
        "postcodes": [
          "NR21 7HY",
          "NR21 7EB",
          "NR21 7AF",
          "NR21 7LN",
          "NR21 7LH",
          "NR21 7LL",
          "NR21 7LW",
          "NR21 7LP",
          "NR21 7NU",
          "NR20 5DY",
          "NR20 5DZ",
          "NR20 5DX",
          "NR20 5EE",
          "NR20 5SS",
          "NR21 7DY",
          "NR21 7NQ",
          "NR21 7NH",
          "NR21 7JH",
          "NR21 7JJ",
          "NR21 7AA",
          "NR21 7HU",
          "NR21 7JG",
          "NR20 5DT",
          "NR20 5DU",
          "NR20 5DS",
          "NR20 5SR",
          "NR20 5SP",
          "NR20 5AP",
          "NR20 5ST",
          "NR21 7EE",
          "NR20 5TL",
          "NR21 7JF",
          "NR21 7NB",
          "NR21 7NW",
          "NR21 7NP",
          "NR21 7NZ",
          "NR21 7NL",
          "NR21 7NN",
          "NR21 7NR",
          "NR21 7NS",
          "NR21 7NT",
          "NR21 7ND",
          "NR21 7JD",
          "NR21 7JE",
          "NR20 5TQ",
          "NR20 5TH",
          "NR20 5TA",
          "NR20 5TG",
          "NR20 5TD",
          "NR20 5TB",
          "NR20 5TE",
          "NR20 5TF",
          "NR21 7AE",
          "NR21 7LT",
          "NR21 7LG",
          "NR21 7LQ",
          "NR21 7JZ",
          "NR21 7LJ",
          "NR21 7LY",
          "NR20 5RT",
          "NR20 5SX",
          "NR20 5SZ",
          "PE32 2RJ",
          "NR21 7DZ",
          "NR20 4JG",
          "NR21 7LU",
          "NR21 7NX",
          "NR21 7JQ",
          "NR21 7NG",
          "NR21 7HX",
          "NR21 7HZ",
          "NR20 5SY",
          "NR21 7ED",
          "NR21 7JU",
          "NR21 7EF",
          "NR21 7EQ",
          "NR21 7EG",
          "NR21 7EL",
          "NR21 7PB",
          "NR20 5AE",
          "NR20 5AT",
          "NR20 5FF",
          "NR20 5SU",
          "NR20 5TU",
          "NR20 5TP",
          "NR21 7FA",
          "NR21 7NF",
          "NR21 7HT",
          "NR21 7EA",
          "NR20 4JA",
          "NR21 7LB"
        ],
        "groupedLocations": [
          {
            "area": "NR21 7HY",
            "lat": 52.789741,
            "lon": 0.832884,
            "reference": "INCD-626863-Z",
            "status": "planned",
            "type": "3"
          },
          {
            "area": "NR21 7EB",
            "lat": 52.815464,
            "lon": 0.813792,
            "reference": "INCD-626863-Z",
            "status": "planned",
            "type": "3"
          },
          {
            "area": "NR21 7AF",
            "lat": 52.806824,
            "lon": 0.878928,
            "reference": "INCD-626863-Z",
            "status": "planned",
            "type": "3"
          },
          {
            "area": "NR21 7LN",
            "lat": 52.825353,
            "lon": 0.835052,
            "reference": "INCD-626863-Z",
            "status": "planned",
            "type": "3"
          },
          {
            "area": "NR21 7LH",
            "lat": 52.827246,
            "lon": 0.836363,
            "reference": "INCD-626863-Z",
            "status": "planned",
            "type": "3"
          },
          {
            "area": "NR21 7LL",
            "lat": 52.823975,
            "lon": 0.833626,
            "reference": "INCD-626863-Z",
            "status": "planned",
            "type": "3"
          },
          {
            "area": "NR21 7LW",
            "lat": 52.822269,
            "lon": 0.833173,
            "reference": "INCD-626863-Z",
            "status": "planned",
            "type": "3"
          },
          {
            "area": "NR21 7LP",
            "lat": 52.822687,
            "lon": 0.831835,
            "reference": "INCD-626863-Z",
            "status": "planned",
            "type": "3"
          },
          {
            "area": "NR21 7NU",
            "lat": 52.803609,
            "lon": 0.844483,
            "reference": "INCD-626863-Z",
            "status": "planned",
            "type": "3"
          },
          {
            "area": "NR20 5DY",
            "lat": 52.774066,
            "lon": 0.862145,
            "reference": "INCD-626863-Z",
            "status": "planned",
            "type": "3"
          },
          {
            "area": "NR20 5DZ",
            "lat": 52.778013,
            "lon": 0.858429,
            "reference": "INCD-626863-Z",
            "status": "planned",
            "type": "3"
          },
          {
            "area": "NR20 5DX",
            "lat": 52.773523,
            "lon": 0.867477,
            "reference": "INCD-626863-Z",
            "status": "planned",
            "type": "3"
          },
          {
            "area": "NR20 5EE",
            "lat": 52.776739,
            "lon": 0.883585,
            "reference": "INCD-626863-Z",
            "status": "planned",
            "type": "3"
          },
          {
            "area": "NR20 5SS",
            "lat": 52.772295,
            "lon": 0.835561,
            "reference": "INCD-626863-Z",
            "status": "planned",
            "type": "3"
          },
          {
            "area": "NR21 7DY",
            "lat": 52.820463,
            "lon": 0.826673,
            "reference": "INCD-626863-Z",
            "status": "planned",
            "type": "3"
          },
          {
            "area": "NR21 7NQ",
            "lat": 52.79935,
            "lon": 0.848078,
            "reference": "INCD-626863-Z",
            "status": "planned",
            "type": "3"
          },
          {
            "area": "NR21 7NH",
            "lat": 52.798469,
            "lon": 0.851047,
            "reference": "INCD-626863-Z",
            "status": "planned",
            "type": "3"
          },
          {
            "area": "NR21 7JH",
            "lat": 52.79966,
            "lon": 0.849745,
            "reference": "INCD-626863-Z",
            "status": "planned",
            "type": "3"
          },
          {
            "area": "NR21 7JJ",
            "lat": 52.800208,
            "lon": 0.850152,
            "reference": "INCD-626863-Z",
            "status": "planned",
            "type": "3"
          },
          {
            "area": "NR21 7AA",
            "lat": 52.800464,
            "lon": 0.846622,
            "reference": "INCD-626863-Z",
            "status": "planned",
            "type": "3"
          },
          {
            "area": "NR21 7HU",
            "lat": 52.796752,
            "lon": 0.832642,
            "reference": "INCD-626863-Z",
            "status": "planned",
            "type": "3"
          },
          {
            "area": "NR21 7JG",
            "lat": 52.7898,
            "lon": 0.871944,
            "reference": "INCD-626863-Z",
            "status": "planned",
            "type": "3"
          },
          {
            "area": "NR20 5DT",
            "lat": 52.769181,
            "lon": 0.867443,
            "reference": "INCD-626863-Z",
            "status": "planned",
            "type": "3"
          },
          {
            "area": "NR20 5DU",
            "lat": 52.770545,
            "lon": 0.866792,
            "reference": "INCD-626863-Z",
            "status": "planned",
            "type": "3"
          },
          {
            "area": "NR20 5DS",
            "lat": 52.767575,
            "lon": 0.868746,
            "reference": "INCD-626863-Z",
            "status": "planned",
            "type": "3"
          },
          {
            "area": "NR20 5SR",
            "lat": 52.77184,
            "lon": 0.836125,
            "reference": "INCD-626863-Z",
            "status": "planned",
            "type": "3"
          },
          {
            "area": "NR20 5SP",
            "lat": 52.769795,
            "lon": 0.841952,
            "reference": "INCD-626863-Z",
            "status": "planned",
            "type": "3"
          },
          {
            "area": "NR20 5AP",
            "lat": 52.771981,
            "lon": 0.843385,
            "reference": "INCD-626863-Z",
            "status": "planned",
            "type": "3"
          },
          {
            "area": "NR20 5ST",
            "lat": 52.773803,
            "lon": 0.842065,
            "reference": "INCD-626863-Z",
            "status": "planned",
            "type": "3"
          },
          {
            "area": "NR21 7EE",
            "lat": 52.79532,
            "lon": 0.801321,
            "reference": "INCD-626863-Z",
            "status": "planned",
            "type": "3"
          },
          {
            "area": "NR20 5TL",
            "lat": 52.774634,
            "lon": 0.84375,
            "reference": "INCD-626863-Z",
            "status": "planned",
            "type": "3"
          },
          {
            "area": "NR21 7JF",
            "lat": 52.792272,
            "lon": 0.874955,
            "reference": "INCD-626863-Z",
            "status": "planned",
            "type": "3"
          },
          {
            "area": "NR21 7NB",
            "lat": 52.814768,
            "lon": 0.848255,
            "reference": "INCD-626863-Z",
            "status": "planned",
            "type": "3"
          },
          {
            "area": "NR21 7NW",
            "lat": 52.800125,
            "lon": 0.844241,
            "reference": "INCD-626863-Z",
            "status": "planned",
            "type": "3"
          },
          {
            "area": "NR21 7NP",
            "lat": 52.801356,
            "lon": 0.842808,
            "reference": "INCD-626863-Z",
            "status": "planned",
            "type": "3"
          },
          {
            "area": "NR21 7NZ",
            "lat": 52.801227,
            "lon": 0.84366,
            "reference": "INCD-626863-Z",
            "status": "planned",
            "type": "3"
          },
          {
            "area": "NR21 7NL",
            "lat": 52.798811,
            "lon": 0.844289,
            "reference": "INCD-626863-Z",
            "status": "planned",
            "type": "3"
          },
          {
            "area": "NR21 7NN",
            "lat": 52.799018,
            "lon": 0.84316,
            "reference": "INCD-626863-Z",
            "status": "planned",
            "type": "3"
          },
          {
            "area": "NR21 7NR",
            "lat": 52.801779,
            "lon": 0.843889,
            "reference": "INCD-626863-Z",
            "status": "planned",
            "type": "3"
          },
          {
            "area": "NR21 7NS",
            "lat": 52.801458,
            "lon": 0.846791,
            "reference": "INCD-626863-Z",
            "status": "planned",
            "type": "3"
          },
          {
            "area": "NR21 7NT",
            "lat": 52.802344,
            "lon": 0.846597,
            "reference": "INCD-626863-Z",
            "status": "planned",
            "type": "3"
          },
          {
            "area": "NR21 7ND",
            "lat": 52.80327,
            "lon": 0.851094,
            "reference": "INCD-626863-Z",
            "status": "planned",
            "type": "3"
          },
          {
            "area": "NR21 7JD",
            "lat": 52.795254,
            "lon": 0.85907,
            "reference": "INCD-626863-Z",
            "status": "planned",
            "type": "3"
          },
          {
            "area": "NR21 7JE",
            "lat": 52.79398,
            "lon": 0.855248,
            "reference": "INCD-626863-Z",
            "status": "planned",
            "type": "3"
          },
          {
            "area": "NR20 5TQ",
            "lat": 52.771276,
            "lon": 0.8458,
            "reference": "INCD-626863-Z",
            "status": "planned",
            "type": "3"
          },
          {
            "area": "NR20 5TH",
            "lat": 52.772148,
            "lon": 0.844685,
            "reference": "INCD-626863-Z",
            "status": "planned",
            "type": "3"
          },
          {
            "area": "NR20 5TA",
            "lat": 52.775208,
            "lon": 0.844974,
            "reference": "INCD-626863-Z",
            "status": "planned",
            "type": "3"
          },
          {
            "area": "NR20 5TG",
            "lat": 52.772406,
            "lon": 0.847045,
            "reference": "INCD-626863-Z",
            "status": "planned",
            "type": "3"
          },
          {
            "area": "NR20 5TD",
            "lat": 52.773025,
            "lon": 0.845232,
            "reference": "INCD-626863-Z",
            "status": "planned",
            "type": "3"
          },
          {
            "area": "NR20 5TB",
            "lat": 52.774407,
            "lon": 0.845366,
            "reference": "INCD-626863-Z",
            "status": "planned",
            "type": "3"
          },
          {
            "area": "NR20 5TE",
            "lat": 52.772338,
            "lon": 0.846136,
            "reference": "INCD-626863-Z",
            "status": "planned",
            "type": "3"
          },
          {
            "area": "NR20 5TF",
            "lat": 52.772314,
            "lon": 0.849738,
            "reference": "INCD-626863-Z",
            "status": "planned",
            "type": "3"
          },
          {
            "area": "NR21 7AE",
            "lat": 52.803411,
            "lon": 0.870986,
            "reference": "INCD-626863-Z",
            "status": "planned",
            "type": "3"
          },
          {
            "area": "NR21 7LT",
            "lat": 52.818265,
            "lon": 0.832141,
            "reference": "INCD-626863-Z",
            "status": "planned",
            "type": "3"
          },
          {
            "area": "NR21 7LG",
            "lat": 52.826058,
            "lon": 0.841288,
            "reference": "INCD-626863-Z",
            "status": "planned",
            "type": "3"
          },
          {
            "area": "NR21 7LQ",
            "lat": 52.8258,
            "lon": 0.838569,
            "reference": "INCD-626863-Z",
            "status": "planned",
            "type": "3"
          },
          {
            "area": "NR21 7JZ",
            "lat": 52.826558,
            "lon": 0.836926,
            "reference": "INCD-626863-Z",
            "status": "planned",
            "type": "3"
          },
          {
            "area": "NR21 7LJ",
            "lat": 52.826742,
            "lon": 0.834118,
            "reference": "INCD-626863-Z",
            "status": "planned",
            "type": "3"
          },
          {
            "area": "NR21 7LY",
            "lat": 52.825924,
            "lon": 0.833738,
            "reference": "INCD-626863-Z",
            "status": "planned",
            "type": "3"
          },
          {
            "area": "NR20 5RT",
            "lat": 52.782984,
            "lon": 1.011105,
            "reference": "INCD-626863-Z",
            "status": "planned",
            "type": "3"
          },
          {
            "area": "NR20 5SX",
            "lat": 52.779173,
            "lon": 0.844254,
            "reference": "INCD-626863-Z",
            "status": "planned",
            "type": "3"
          },
          {
            "area": "NR20 5SZ",
            "lat": 52.778617,
            "lon": 0.847554,
            "reference": "INCD-626863-Z",
            "status": "planned",
            "type": "3"
          },
          {
            "area": "PE32 2RJ",
            "lat": 52.76575,
            "lon": 0.820414,
            "reference": "INCD-626863-Z",
            "status": "planned",
            "type": "3"
          },
          {
            "area": "NR21 7DZ",
            "lat": 52.817911,
            "lon": 0.82811,
            "reference": "INCD-626863-Z",
            "status": "planned",
            "type": "3"
          },
          {
            "area": "NR20 4JG",
            "lat": 52.744806,
            "lon": 0.859812,
            "reference": "INCD-626863-Z",
            "status": "planned",
            "type": "3"
          },
          {
            "area": "NR21 7LU",
            "lat": 52.818329,
            "lon": 0.833615,
            "reference": "INCD-626863-Z",
            "status": "planned",
            "type": "3"
          },
          {
            "area": "NR21 7NX",
            "lat": 52.809376,
            "lon": 0.843969,
            "reference": "INCD-626863-Z",
            "status": "planned",
            "type": "3"
          },
          {
            "area": "NR21 7JQ",
            "lat": 52.78206,
            "lon": 0.878879,
            "reference": "INCD-626863-Z",
            "status": "planned",
            "type": "3"
          },
          {
            "area": "NR21 7NG",
            "lat": 52.800132,
            "lon": 0.84807,
            "reference": "INCD-626863-Z",
            "status": "planned",
            "type": "3"
          },
          {
            "area": "NR21 7HX",
            "lat": 52.791297,
            "lon": 0.826102,
            "reference": "INCD-626863-Z",
            "status": "planned",
            "type": "3"
          },
          {
            "area": "NR21 7HZ",
            "lat": 52.786931,
            "lon": 0.838708,
            "reference": "INCD-626863-Z",
            "status": "planned",
            "type": "3"
          },
          {
            "area": "NR20 5SY",
            "lat": 52.785333,
            "lon": 0.851345,
            "reference": "INCD-626863-Z",
            "status": "planned",
            "type": "3"
          },
          {
            "area": "NR21 7ED",
            "lat": 52.816396,
            "lon": 0.808643,
            "reference": "INCD-626863-Z",
            "status": "planned",
            "type": "3"
          },
          {
            "area": "NR21 7JU",
            "lat": 52.79959,
            "lon": 0.850823,
            "reference": "INCD-626863-Z",
            "status": "planned",
            "type": "3"
          },
          {
            "area": "NR21 7EF",
            "lat": 52.793276,
            "lon": 0.798756,
            "reference": "INCD-626863-Z",
            "status": "planned",
            "type": "3"
          },
          {
            "area": "NR21 7EQ",
            "lat": 52.790078,
            "lon": 0.798225,
            "reference": "INCD-626863-Z",
            "status": "planned",
            "type": "3"
          },
          {
            "area": "NR21 7EG",
            "lat": 52.79205,
            "lon": 0.7989,
            "reference": "INCD-626863-Z",
            "status": "planned",
            "type": "3"
          },
          {
            "area": "NR21 7EL",
            "lat": 52.794111,
            "lon": 0.79921,
            "reference": "INCD-626863-Z",
            "status": "planned",
            "type": "3"
          },
          {
            "area": "NR21 7PB",
            "lat": 52.800815,
            "lon": 0.844716,
            "reference": "INCD-626863-Z",
            "status": "planned",
            "type": "3"
          },
          {
            "area": "NR20 5AE",
            "lat": 52.773981,
            "lon": 0.84439,
            "reference": "INCD-626863-Z",
            "status": "planned",
            "type": "3"
          },
          {
            "area": "NR20 5AT",
            "lat": 52.774718,
            "lon": 0.845135,
            "reference": "INCD-626863-Z",
            "status": "planned",
            "type": "3"
          },
          {
            "area": "NR20 5FF",
            "lat": 52.772207,
            "lon": 0.842969,
            "reference": "INCD-626863-Z",
            "status": "planned",
            "type": "3"
          },
          {
            "area": "NR20 5SU",
            "lat": 52.77411,
            "lon": 0.842381,
            "reference": "INCD-626863-Z",
            "status": "planned",
            "type": "3"
          },
          {
            "area": "NR20 5TU",
            "lat": 52.775285,
            "lon": 0.842858,
            "reference": "INCD-626863-Z",
            "status": "planned",
            "type": "3"
          },
          {
            "area": "NR20 5TP",
            "lat": 52.775842,
            "lon": 0.844407,
            "reference": "INCD-626863-Z",
            "status": "planned",
            "type": "3"
          },
          {
            "area": "NR21 7NF",
            "lat": 52.802767,
            "lon": 0.850675,
            "reference": "INCD-626863-Z",
            "status": "planned",
            "type": "3"
          },
          {
            "area": "NR21 7HT",
            "lat": 52.781045,
            "lon": 0.813617,
            "reference": "INCD-626863-Z",
            "status": "planned",
            "type": "3"
          },
          {
            "area": "NR21 7EA",
            "lat": 52.810058,
            "lon": 0.815773,
            "reference": "INCD-626863-Z",
            "status": "planned",
            "type": "3"
          },
          {
            "area": "NR20 4JA",
            "lat": 52.760048,
            "lon": 0.863197,
            "reference": "INCD-626863-Z",
            "status": "planned",
            "type": "3"
          },
          {
            "area": "NR21 7LB",
            "lat": 52.8275,
            "lon": 0.83626,
            "reference": "INCD-626863-Z",
            "status": "planned",
            "type": "3"
          }
        ],
        "startedAt": null,
        "restoreAt": null,
        "restoreAtText": "22 Aug 15:30 - 16:30",
        "updatedAt": null,
        "officialUrl": "https://www.ukpowernetworks.co.uk/power-cut/map",
        "locationQuality": "postcode_aggregate",
        "rawRecordCount": 90,
        "coordinateSpreadKm": 11.257
      }
    },
    {
      "type": "Feature",
      "id": "ukpn:planned:incd-458214-g",
      "geometry": {
        "type": "Point",
        "coordinates": [
          0.011942,
          51.073881
        ]
      },
      "properties": {
        "providerId": "ukpn",
        "provider": "UK Power Networks",
        "feedIds": [
          "live"
        ],
        "reference": "INCD-458214-G",
        "category": "planned",
        "status": "planned",
        "type": "2",
        "area": "Published incident location",
        "areas": [
          "Published incident location"
        ],
        "postcodes": [
          "RH18 5JH",
          "RH18 5JF"
        ],
        "groupedLocations": [
          {
            "area": "RH18 5JH",
            "lat": 51.072457,
            "lon": 0.01814,
            "reference": "INCD-458214-G",
            "status": "planned",
            "type": "2"
          },
          {
            "area": "RH18 5JF",
            "lat": 51.075305,
            "lon": 0.005744,
            "reference": "INCD-458214-G",
            "status": "planned",
            "type": "2"
          }
        ],
        "startedAt": null,
        "restoreAt": null,
        "restoreAtText": "22 Aug 10:30 - 11:30",
        "updatedAt": null,
        "officialUrl": "https://www.ukpowernetworks.co.uk/power-cut/map",
        "locationQuality": "postcode_aggregate",
        "rawRecordCount": 2,
        "coordinateSpreadKm": 0.461
      }
    },
    {
      "type": "Feature",
      "id": "ukpn:planned:incd-414613-j",
      "geometry": {
        "type": "Point",
        "coordinates": [
          -0.24348,
          51.50222
        ]
      },
      "properties": {
        "providerId": "ukpn",
        "provider": "UK Power Networks",
        "feedIds": [
          "live"
        ],
        "reference": "INCD-414613-J",
        "category": "planned",
        "status": "planned",
        "type": "2",
        "area": "Published incident location",
        "areas": [
          "Published incident location"
        ],
        "postcodes": [
          "W12 9AY",
          "W12 9BB",
          "W12 9BD",
          "W12 9PT",
          "W12 9PU",
          "W12 9PW",
          "W12 9PR"
        ],
        "groupedLocations": [
          {
            "area": "W12 9AY",
            "lat": 51.503482,
            "lon": -0.238205,
            "reference": "INCD-414613-J",
            "status": "planned",
            "type": "2"
          },
          {
            "area": "W12 9BB",
            "lat": 51.501891,
            "lon": -0.238857,
            "reference": "INCD-414613-J",
            "status": "planned",
            "type": "2"
          },
          {
            "area": "W12 9BD",
            "lat": 51.501894,
            "lon": -0.238453,
            "reference": "INCD-414613-J",
            "status": "planned",
            "type": "2"
          },
          {
            "area": "W12 9PT",
            "lat": 51.503908,
            "lon": -0.236618,
            "reference": "INCD-414613-J",
            "status": "planned",
            "type": "2"
          },
          {
            "area": "W12 9PU",
            "lat": 51.503154,
            "lon": -0.238563,
            "reference": "INCD-414613-J",
            "status": "planned",
            "type": "2"
          },
          {
            "area": "W12 9PW",
            "lat": 51.50336,
            "lon": -0.238455,
            "reference": "INCD-414613-J",
            "status": "planned",
            "type": "2"
          },
          {
            "area": "W12 9PR",
            "lat": 51.5041,
            "lon": -0.238066,
            "reference": "INCD-414613-J",
            "status": "planned",
            "type": "2"
          }
        ],
        "startedAt": null,
        "restoreAt": null,
        "restoreAtText": "22 Aug 10:30 - 11:30",
        "updatedAt": null,
        "officialUrl": "https://www.ukpowernetworks.co.uk/power-cut/map",
        "locationQuality": "postcode_aggregate",
        "rawRecordCount": 7,
        "coordinateSpreadKm": 0.144
      }
    },
    {
      "type": "Feature",
      "id": "ukpn:planned:incd-626904-z",
      "geometry": {
        "type": "Point",
        "coordinates": [
          0.64876,
          51.56142
        ]
      },
      "properties": {
        "providerId": "ukpn",
        "provider": "UK Power Networks",
        "feedIds": [
          "live"
        ],
        "reference": "INCD-626904-Z",
        "category": "planned",
        "status": "planned",
        "type": "2",
        "area": "Published incident location",
        "areas": [
          "Published incident location"
        ],
        "postcodes": [
          "SS9 4JY",
          "SS9 4DG",
          "SS9 4JZ",
          "SS9 4LD",
          "SS9 4LB",
          "SS9 4LA",
          "SS9 4BU",
          "SS9 4JX",
          "SS9 4JU",
          "SS9 4LH",
          "SS9 4NE"
        ],
        "groupedLocations": [
          {
            "area": "SS9 4JY",
            "lat": 51.562262,
            "lon": 0.658163,
            "reference": "INCD-626904-Z",
            "status": "planned",
            "type": "2"
          },
          {
            "area": "SS9 4DG",
            "lat": 51.562721,
            "lon": 0.656574,
            "reference": "INCD-626904-Z",
            "status": "planned",
            "type": "2"
          },
          {
            "area": "SS9 4JZ",
            "lat": 51.56271,
            "lon": 0.657843,
            "reference": "INCD-626904-Z",
            "status": "planned",
            "type": "2"
          },
          {
            "area": "SS9 4LD",
            "lat": 51.561736,
            "lon": 0.653587,
            "reference": "INCD-626904-Z",
            "status": "planned",
            "type": "2"
          },
          {
            "area": "SS9 4LB",
            "lat": 51.562106,
            "lon": 0.653565,
            "reference": "INCD-626904-Z",
            "status": "planned",
            "type": "2"
          },
          {
            "area": "SS9 4LA",
            "lat": 51.561888,
            "lon": 0.658011,
            "reference": "INCD-626904-Z",
            "status": "planned",
            "type": "2"
          },
          {
            "area": "SS9 4BU",
            "lat": 51.561318,
            "lon": 0.658555,
            "reference": "INCD-626904-Z",
            "status": "planned",
            "type": "2"
          },
          {
            "area": "SS9 4JX",
            "lat": 51.562072,
            "lon": 0.656262,
            "reference": "INCD-626904-Z",
            "status": "planned",
            "type": "2"
          },
          {
            "area": "SS9 4JU",
            "lat": 51.561143,
            "lon": 0.656366,
            "reference": "INCD-626904-Z",
            "status": "planned",
            "type": "2"
          },
          {
            "area": "SS9 4LH",
            "lat": 51.562745,
            "lon": 0.657527,
            "reference": "INCD-626904-Z",
            "status": "planned",
            "type": "2"
          },
          {
            "area": "SS9 4NE",
            "lat": 51.560314,
            "lon": 0.652465,
            "reference": "INCD-626904-Z",
            "status": "planned",
            "type": "2"
          }
        ],
        "startedAt": null,
        "restoreAt": null,
        "restoreAtText": "22 Aug 14:00 - 15:00",
        "updatedAt": null,
        "officialUrl": "https://www.ukpowernetworks.co.uk/power-cut/map",
        "locationQuality": "postcode_aggregate",
        "rawRecordCount": 11,
        "coordinateSpreadKm": 0.317
      }
    },
    {
      "type": "Feature",
      "id": "ukpn:planned:incd-626911-z",
      "geometry": {
        "type": "Point",
        "coordinates": [
          0.8667,
          51.88486
        ]
      },
      "properties": {
        "providerId": "ukpn",
        "provider": "UK Power Networks",
        "feedIds": [
          "live"
        ],
        "reference": "INCD-626911-Z",
        "category": "planned",
        "status": "planned",
        "type": "3",
        "area": "Published incident location",
        "areas": [
          "Published incident location"
        ],
        "postcodes": [
          "CO3 4AU",
          "CO3 4AZ",
          "CO3 4AS",
          "CO3 4AR",
          "CO3 4AN"
        ],
        "groupedLocations": [
          {
            "area": "CO3 4AU",
            "lat": 51.896917,
            "lon": 0.866274,
            "reference": "INCD-626911-Z",
            "status": "planned",
            "type": "3"
          },
          {
            "area": "CO3 4AZ",
            "lat": 51.898483,
            "lon": 0.8769,
            "reference": "INCD-626911-Z",
            "status": "planned",
            "type": "3"
          },
          {
            "area": "CO3 4AS",
            "lat": 51.893401,
            "lon": 0.860701,
            "reference": "INCD-626911-Z",
            "status": "planned",
            "type": "3"
          },
          {
            "area": "CO3 4AR",
            "lat": 51.89436,
            "lon": 0.865283,
            "reference": "INCD-626911-Z",
            "status": "planned",
            "type": "3"
          },
          {
            "area": "CO3 4AN",
            "lat": 51.89093,
            "lon": 0.863596,
            "reference": "INCD-626911-Z",
            "status": "planned",
            "type": "3"
          }
        ],
        "startedAt": null,
        "restoreAt": null,
        "restoreAtText": "22 Aug 13:30 - 14:30",
        "updatedAt": null,
        "officialUrl": "https://www.ukpowernetworks.co.uk/power-cut/map",
        "locationQuality": "postcode_aggregate",
        "rawRecordCount": 5,
        "coordinateSpreadKm": 0.819
      }
    },
    {
      "type": "Feature",
      "id": "ukpn:planned:incd-80745-n",
      "geometry": {
        "type": "Point",
        "coordinates": [
          -0.04174,
          51.44652
        ]
      },
      "properties": {
        "providerId": "ukpn",
        "provider": "UK Power Networks",
        "feedIds": [
          "live"
        ],
        "reference": "INCD-80745-N",
        "category": "planned",
        "status": "planned",
        "type": "2",
        "area": "Published incident location",
        "areas": [
          "Published incident location"
        ],
        "postcodes": [
          "SE23 1RS",
          "SE23 1SD",
          "SE23 1RY",
          "SE23 1RU",
          "SE23 1HU",
          "SE23 1HY",
          "SE23 1RJ",
          "SE23 1RT",
          "SE23 1RL",
          "SE23 1RX",
          "SE23 1RQ"
        ],
        "groupedLocations": [
          {
            "area": "SE23 1RS",
            "lat": 51.443899,
            "lon": -0.038473,
            "reference": "INCD-80745-N",
            "status": "planned",
            "type": "2"
          },
          {
            "area": "SE23 1SD",
            "lat": 51.442824,
            "lon": -0.039253,
            "reference": "INCD-80745-N",
            "status": "planned",
            "type": "2"
          },
          {
            "area": "SE23 1RY",
            "lat": 51.443641,
            "lon": -0.038671,
            "reference": "INCD-80745-N",
            "status": "planned",
            "type": "2"
          },
          {
            "area": "SE23 1RU",
            "lat": 51.442538,
            "lon": -0.039409,
            "reference": "INCD-80745-N",
            "status": "planned",
            "type": "2"
          },
          {
            "area": "SE23 1HU",
            "lat": 51.442383,
            "lon": -0.040854,
            "reference": "INCD-80745-N",
            "status": "planned",
            "type": "2"
          },
          {
            "area": "SE23 1HY",
            "lat": 51.442453,
            "lon": -0.037542,
            "reference": "INCD-80745-N",
            "status": "planned",
            "type": "2"
          },
          {
            "area": "SE23 1RJ",
            "lat": 51.442931,
            "lon": -0.040845,
            "reference": "INCD-80745-N",
            "status": "planned",
            "type": "2"
          },
          {
            "area": "SE23 1RT",
            "lat": 51.443496,
            "lon": -0.039655,
            "reference": "INCD-80745-N",
            "status": "planned",
            "type": "2"
          },
          {
            "area": "SE23 1RL",
            "lat": 51.442976,
            "lon": -0.040311,
            "reference": "INCD-80745-N",
            "status": "planned",
            "type": "2"
          },
          {
            "area": "SE23 1RX",
            "lat": 51.443139,
            "lon": -0.038232,
            "reference": "INCD-80745-N",
            "status": "planned",
            "type": "2"
          },
          {
            "area": "SE23 1RQ",
            "lat": 51.443952,
            "lon": -0.037909,
            "reference": "INCD-80745-N",
            "status": "planned",
            "type": "2"
          }
        ],
        "startedAt": null,
        "restoreAt": null,
        "restoreAtText": "22 Aug 11:30 - 12:30",
        "updatedAt": null,
        "officialUrl": "https://www.ukpowernetworks.co.uk/power-cut/map",
        "locationQuality": "postcode_aggregate",
        "rawRecordCount": 11,
        "coordinateSpreadKm": 0.141
      }
    },
    {
      "type": "Feature",
      "id": "ukpn:planned:incd-458226-g",
      "geometry": {
        "type": "Point",
        "coordinates": [
          0.29014,
          50.78061
        ]
      },
      "properties": {
        "providerId": "ukpn",
        "provider": "UK Power Networks",
        "feedIds": [
          "live"
        ],
        "reference": "INCD-458226-G",
        "category": "planned",
        "status": "planned",
        "type": "2",
        "area": "Published incident location",
        "areas": [
          "Published incident location"
        ],
        "postcodes": [
          "BN22 7NB",
          "BN22 7NH",
          "BN22 7QP",
          "BN22 7NL",
          "BN22 8AH",
          "BN22 7NE",
          "BN22 7NG",
          "BN22 7QL"
        ],
        "groupedLocations": [
          {
            "area": "BN22 7NB",
            "lat": 50.770427,
            "lon": 0.294858,
            "reference": "INCD-458226-G",
            "status": "planned",
            "type": "2"
          },
          {
            "area": "BN22 7NH",
            "lat": 50.771209,
            "lon": 0.295308,
            "reference": "INCD-458226-G",
            "status": "planned",
            "type": "2"
          },
          {
            "area": "BN22 7QP",
            "lat": 50.772316,
            "lon": 0.294851,
            "reference": "INCD-458226-G",
            "status": "planned",
            "type": "2"
          },
          {
            "area": "BN22 7NL",
            "lat": 50.77243,
            "lon": 0.295467,
            "reference": "INCD-458226-G",
            "status": "planned",
            "type": "2"
          },
          {
            "area": "BN22 8AH",
            "lat": 50.771458,
            "lon": 0.294086,
            "reference": "INCD-458226-G",
            "status": "planned",
            "type": "2"
          },
          {
            "area": "BN22 7NE",
            "lat": 50.771517,
            "lon": 0.295195,
            "reference": "INCD-458226-G",
            "status": "planned",
            "type": "2"
          },
          {
            "area": "BN22 7NG",
            "lat": 50.77174,
            "lon": 0.295291,
            "reference": "INCD-458226-G",
            "status": "planned",
            "type": "2"
          },
          {
            "area": "BN22 7QL",
            "lat": 50.771062,
            "lon": 0.294549,
            "reference": "INCD-458226-G",
            "status": "planned",
            "type": "2"
          }
        ],
        "startedAt": null,
        "restoreAt": null,
        "restoreAtText": "22 Aug 13:30 - 14:30",
        "updatedAt": null,
        "officialUrl": "https://www.ukpowernetworks.co.uk/power-cut/map",
        "locationQuality": "postcode_aggregate",
        "rawRecordCount": 8,
        "coordinateSpreadKm": 0.122
      }
    },
    {
      "type": "Feature",
      "id": "ukpn:planned:incd-458241-g",
      "geometry": {
        "type": "Point",
        "coordinates": [
          -0.00986,
          51.38275
        ]
      },
      "properties": {
        "providerId": "ukpn",
        "provider": "UK Power Networks",
        "feedIds": [
          "live"
        ],
        "reference": "INCD-458241-G",
        "category": "planned",
        "status": "planned",
        "type": "2",
        "area": "Published incident location",
        "areas": [
          "Published incident location"
        ],
        "postcodes": [
          "BR4 0HN",
          "BR4 0HL",
          "BR4 0HJ",
          "BR4 0HH"
        ],
        "groupedLocations": [
          {
            "area": "BR4 0HN",
            "lat": 51.387152,
            "lon": 0.003138,
            "reference": "INCD-458241-G",
            "status": "planned",
            "type": "2"
          },
          {
            "area": "BR4 0HL",
            "lat": 51.385319,
            "lon": 0.003058,
            "reference": "INCD-458241-G",
            "status": "planned",
            "type": "2"
          },
          {
            "area": "BR4 0HJ",
            "lat": 51.386669,
            "lon": 0.002456,
            "reference": "INCD-458241-G",
            "status": "planned",
            "type": "2"
          },
          {
            "area": "BR4 0HH",
            "lat": 51.384792,
            "lon": 0.002317,
            "reference": "INCD-458241-G",
            "status": "planned",
            "type": "2"
          }
        ],
        "startedAt": null,
        "restoreAt": null,
        "restoreAtText": "22 Aug 15:30 - 16:30",
        "updatedAt": null,
        "officialUrl": "https://www.ukpowernetworks.co.uk/power-cut/map",
        "locationQuality": "postcode_aggregate",
        "rawRecordCount": 4,
        "coordinateSpreadKm": 0.136
      }
    },
    {
      "type": "Feature",
      "id": "ukpn:planned:incd-626951-z",
      "geometry": {
        "type": "Point",
        "coordinates": [
          -0.7042,
          51.69592
        ]
      },
      "properties": {
        "providerId": "ukpn",
        "provider": "UK Power Networks",
        "feedIds": [
          "live"
        ],
        "reference": "INCD-626951-Z",
        "category": "planned",
        "status": "planned",
        "type": "3",
        "area": "Published incident location",
        "areas": [
          "Published incident location"
        ],
        "postcodes": [
          "HP16 0DP",
          "HP16 0EG",
          "HP16 0EQ",
          "HP16 0EF",
          "HP16 0EZ",
          "HP16 0DS",
          "HP16 0DL",
          "HP16 0HG",
          "HP16 0ER",
          "HP16 0HD",
          "HP16 0HB",
          "HP16 0HR",
          "HP16 0EE",
          "HP16 0EU",
          "HP16 0EX",
          "HP16 0EB",
          "HP16 0DZ",
          "HP16 0ED",
          "HP16 0EH",
          "HP16 0EA",
          "HP16 0QX",
          "HP16 0ES",
          "HP16 0DG",
          "HP16 0DE",
          "HP16 0DF",
          "HP16 0BB",
          "HP16 0BH",
          "HP16 0BW",
          "HP16 0BJ",
          "HP16 0BL",
          "HP16 0BX",
          "HP16 0BG",
          "HP16 0BN",
          "HP16 0AR",
          "HP16 0BZ",
          "HP16 0HA",
          "HP16 0EY",
          "HP16 0EJ",
          "HP16 0HQ"
        ],
        "groupedLocations": [
          {
            "area": "HP16 0DP",
            "lat": 51.683272,
            "lon": -0.698499,
            "reference": "INCD-626951-Z",
            "status": "planned",
            "type": "3"
          },
          {
            "area": "HP16 0EG",
            "lat": 51.688686,
            "lon": -0.699429,
            "reference": "INCD-626951-Z",
            "status": "planned",
            "type": "3"
          },
          {
            "area": "HP16 0EQ",
            "lat": 51.689705,
            "lon": -0.699704,
            "reference": "INCD-626951-Z",
            "status": "planned",
            "type": "3"
          },
          {
            "area": "HP16 0EF",
            "lat": 51.687134,
            "lon": -0.703018,
            "reference": "INCD-626951-Z",
            "status": "planned",
            "type": "3"
          },
          {
            "area": "HP16 0EZ",
            "lat": 51.688696,
            "lon": -0.701903,
            "reference": "INCD-626951-Z",
            "status": "planned",
            "type": "3"
          },
          {
            "area": "HP16 0DS",
            "lat": 51.684081,
            "lon": -0.698505,
            "reference": "INCD-626951-Z",
            "status": "planned",
            "type": "3"
          },
          {
            "area": "HP16 0DL",
            "lat": 51.685717,
            "lon": -0.695218,
            "reference": "INCD-626951-Z",
            "status": "planned",
            "type": "3"
          },
          {
            "area": "HP16 0HG",
            "lat": 51.689684,
            "lon": -0.705896,
            "reference": "INCD-626951-Z",
            "status": "planned",
            "type": "3"
          },
          {
            "area": "HP16 0ER",
            "lat": 51.690145,
            "lon": -0.702859,
            "reference": "INCD-626951-Z",
            "status": "planned",
            "type": "3"
          },
          {
            "area": "HP16 0HD",
            "lat": 51.689192,
            "lon": -0.708601,
            "reference": "INCD-626951-Z",
            "status": "planned",
            "type": "3"
          },
          {
            "area": "HP16 0HB",
            "lat": 51.688724,
            "lon": -0.706097,
            "reference": "INCD-626951-Z",
            "status": "planned",
            "type": "3"
          },
          {
            "area": "HP16 0HR",
            "lat": 51.689383,
            "lon": -0.703055,
            "reference": "INCD-626951-Z",
            "status": "planned",
            "type": "3"
          },
          {
            "area": "HP16 0EE",
            "lat": 51.683731,
            "lon": -0.709943,
            "reference": "INCD-626951-Z",
            "status": "planned",
            "type": "3"
          },
          {
            "area": "HP16 0EU",
            "lat": 51.687064,
            "lon": -0.705624,
            "reference": "INCD-626951-Z",
            "status": "planned",
            "type": "3"
          },
          {
            "area": "HP16 0EX",
            "lat": 51.686705,
            "lon": -0.708108,
            "reference": "INCD-626951-Z",
            "status": "planned",
            "type": "3"
          },
          {
            "area": "HP16 0EB",
            "lat": 51.682204,
            "lon": -0.712561,
            "reference": "INCD-626951-Z",
            "status": "planned",
            "type": "3"
          },
          {
            "area": "HP16 0DZ",
            "lat": 51.682195,
            "lon": -0.706891,
            "reference": "INCD-626951-Z",
            "status": "planned",
            "type": "3"
          },
          {
            "area": "HP16 0ED",
            "lat": 51.683301,
            "lon": -0.70929,
            "reference": "INCD-626951-Z",
            "status": "planned",
            "type": "3"
          },
          {
            "area": "HP16 0EH",
            "lat": 51.683051,
            "lon": -0.709442,
            "reference": "INCD-626951-Z",
            "status": "planned",
            "type": "3"
          },
          {
            "area": "HP16 0EA",
            "lat": 51.681929,
            "lon": -0.712092,
            "reference": "INCD-626951-Z",
            "status": "planned",
            "type": "3"
          },
          {
            "area": "HP16 0QX",
            "lat": 51.702547,
            "lon": -0.686065,
            "reference": "INCD-626951-Z",
            "status": "planned",
            "type": "3"
          },
          {
            "area": "HP16 0ES",
            "lat": 51.691439,
            "lon": -0.701983,
            "reference": "INCD-626951-Z",
            "status": "planned",
            "type": "3"
          },
          {
            "area": "HP16 0DG",
            "lat": 51.693572,
            "lon": -0.698102,
            "reference": "INCD-626951-Z",
            "status": "planned",
            "type": "3"
          },
          {
            "area": "HP16 0DE",
            "lat": 51.694793,
            "lon": -0.699572,
            "reference": "INCD-626951-Z",
            "status": "planned",
            "type": "3"
          },
          {
            "area": "HP16 0DF",
            "lat": 51.694126,
            "lon": -0.700184,
            "reference": "INCD-626951-Z",
            "status": "planned",
            "type": "3"
          },
          {
            "area": "HP16 0BB",
            "lat": 51.701509,
            "lon": -0.704343,
            "reference": "INCD-626951-Z",
            "status": "planned",
            "type": "3"
          },
          {
            "area": "HP16 0BH",
            "lat": 51.700421,
            "lon": -0.70598,
            "reference": "INCD-626951-Z",
            "status": "planned",
            "type": "3"
          },
          {
            "area": "HP16 0BW",
            "lat": 51.699412,
            "lon": -0.705763,
            "reference": "INCD-626951-Z",
            "status": "planned",
            "type": "3"
          },
          {
            "area": "HP16 0BJ",
            "lat": 51.700038,
            "lon": -0.705485,
            "reference": "INCD-626951-Z",
            "status": "planned",
            "type": "3"
          },
          {
            "area": "HP16 0BL",
            "lat": 51.699775,
            "lon": -0.704494,
            "reference": "INCD-626951-Z",
            "status": "planned",
            "type": "3"
          },
          {
            "area": "HP16 0BX",
            "lat": 51.700857,
            "lon": -0.704767,
            "reference": "INCD-626951-Z",
            "status": "planned",
            "type": "3"
          },
          {
            "area": "HP16 0BG",
            "lat": 51.701187,
            "lon": -0.705293,
            "reference": "INCD-626951-Z",
            "status": "planned",
            "type": "3"
          },
          {
            "area": "HP16 0BN",
            "lat": 51.698653,
            "lon": -0.70467,
            "reference": "INCD-626951-Z",
            "status": "planned",
            "type": "3"
          },
          {
            "area": "HP16 0AR",
            "lat": 51.70103,
            "lon": -0.70576,
            "reference": "INCD-626951-Z",
            "status": "planned",
            "type": "3"
          },
          {
            "area": "HP16 0BZ",
            "lat": 51.700695,
            "lon": -0.706406,
            "reference": "INCD-626951-Z",
            "status": "planned",
            "type": "3"
          },
          {
            "area": "HP16 0HA",
            "lat": 51.688062,
            "lon": -0.700734,
            "reference": "INCD-626951-Z",
            "status": "planned",
            "type": "3"
          },
          {
            "area": "HP16 0EY",
            "lat": 51.688876,
            "lon": -0.703605,
            "reference": "INCD-626951-Z",
            "status": "planned",
            "type": "3"
          },
          {
            "area": "HP16 0EJ",
            "lat": 51.68777,
            "lon": -0.706038,
            "reference": "INCD-626951-Z",
            "status": "planned",
            "type": "3"
          },
          {
            "area": "HP16 0HQ",
            "lat": 51.692456,
            "lon": -0.711894,
            "reference": "INCD-626951-Z",
            "status": "planned",
            "type": "3"
          }
        ],
        "startedAt": null,
        "restoreAt": null,
        "restoreAtText": "22 Aug 14:00 - 15:00",
        "updatedAt": null,
        "officialUrl": "https://www.ukpowernetworks.co.uk/power-cut/map",
        "locationQuality": "postcode_aggregate",
        "rawRecordCount": 39,
        "coordinateSpreadKm": 1.758
      }
    },
    {
      "type": "Feature",
      "id": "ukpn:planned:incd-458239-g",
      "geometry": {
        "type": "Point",
        "coordinates": [
          0.02028175,
          51.069786750000006
        ]
      },
      "properties": {
        "providerId": "ukpn",
        "provider": "UK Power Networks",
        "feedIds": [
          "live"
        ],
        "reference": "INCD-458239-G",
        "category": "planned",
        "status": "planned",
        "type": "3",
        "area": "Published incident location",
        "areas": [
          "Published incident location"
        ],
        "postcodes": [
          "RH18 5JJ",
          "RH18 5JN",
          "RH18 5JH",
          "RH18 5JF"
        ],
        "groupedLocations": [
          {
            "area": "RH18 5JJ",
            "lat": 51.068287,
            "lon": 0.024211,
            "reference": "INCD-458239-G",
            "status": "planned",
            "type": "3"
          },
          {
            "area": "RH18 5JN",
            "lat": 51.063098,
            "lon": 0.033032,
            "reference": "INCD-458239-G",
            "status": "planned",
            "type": "3"
          },
          {
            "area": "RH18 5JH",
            "lat": 51.072457,
            "lon": 0.01814,
            "reference": "INCD-458239-G",
            "status": "planned",
            "type": "3"
          },
          {
            "area": "RH18 5JF",
            "lat": 51.075305,
            "lon": 0.005744,
            "reference": "INCD-458239-G",
            "status": "planned",
            "type": "3"
          }
        ],
        "startedAt": null,
        "restoreAt": null,
        "restoreAtText": "To be confirmed",
        "updatedAt": null,
        "officialUrl": "https://www.ukpowernetworks.co.uk/power-cut/map",
        "locationQuality": "postcode_aggregate",
        "rawRecordCount": 4,
        "coordinateSpreadKm": 1.187
      }
    },
    {
      "type": "Feature",
      "id": "ukpn:planned:incd-626967-z",
      "geometry": {
        "type": "Point",
        "coordinates": [
          0.71995,
          52.24724
        ]
      },
      "properties": {
        "providerId": "ukpn",
        "provider": "UK Power Networks",
        "feedIds": [
          "live"
        ],
        "reference": "INCD-626967-Z",
        "category": "planned",
        "status": "planned",
        "type": "2",
        "area": "Published incident location",
        "areas": [
          "Published incident location"
        ],
        "postcodes": [
          "IP33 1XX",
          "IP33 1YQ"
        ],
        "groupedLocations": [
          {
            "area": "IP33 1XX",
            "lat": 52.247113,
            "lon": 0.721588,
            "reference": "INCD-626967-Z",
            "status": "planned",
            "type": "2"
          },
          {
            "area": "IP33 1YQ",
            "lat": 52.247333,
            "lon": 0.723359,
            "reference": "INCD-626967-Z",
            "status": "planned",
            "type": "2"
          }
        ],
        "startedAt": null,
        "restoreAt": null,
        "restoreAtText": "22 Aug 16:30 - 17:30",
        "updatedAt": null,
        "officialUrl": "https://www.ukpowernetworks.co.uk/power-cut/map",
        "locationQuality": "postcode_aggregate",
        "rawRecordCount": 2,
        "coordinateSpreadKm": 0.062
      }
    },
    {
      "type": "Feature",
      "id": "ukpn:planned:incd-458264-g",
      "geometry": {
        "type": "Point",
        "coordinates": [
          -0.10547,
          50.81552
        ]
      },
      "properties": {
        "providerId": "ukpn",
        "provider": "UK Power Networks",
        "feedIds": [
          "live"
        ],
        "reference": "INCD-458264-G",
        "category": "planned",
        "status": "planned",
        "type": "3",
        "area": "Published incident location",
        "areas": [
          "Published incident location"
        ],
        "postcodes": [
          "CT3 1SE",
          "CT3 1SH",
          "CT3 4BA",
          "CT3 4BD",
          "CT3 4BB",
          "BN2 5ZE",
          "CT3 1SQ",
          "CT3 4BH",
          "CT3 4BE",
          "CT3 4BJ",
          "CT3 4BL",
          "CT3 1SJ",
          "CT3 1RX",
          "CT3 1SA",
          "CT3 1SB",
          "CT3 1RH",
          "CT3 1RP",
          "CT3 1RY",
          "CT3 1RT",
          "CT3 1RQ",
          "CT3 1RG",
          "CT3 1RJ",
          "CT3 1SD",
          "CT3 1HP",
          "CT3 4BP",
          "CT3 1SG",
          "CT3 1EE",
          "CT3 1FU",
          "CT3 1RF",
          "CT3 1RD",
          "CT3 1RL",
          "CT3 1RE",
          "CT3 1RN",
          "CT3 1RW",
          "CT3 1ED",
          "CT3 1EB",
          "CT3 1DZ",
          "CT3 1FS",
          "CT3 1RS",
          "CT3 1SL",
          "CT3 1RR"
        ],
        "groupedLocations": [
          {
            "area": "CT3 1SE",
            "lat": 51.295327,
            "lon": 1.190859,
            "reference": "INCD-458264-G",
            "status": "planned",
            "type": "3"
          },
          {
            "area": "CT3 1SH",
            "lat": 51.296407,
            "lon": 1.187204,
            "reference": "INCD-458264-G",
            "status": "planned",
            "type": "3"
          },
          {
            "area": "CT3 4BA",
            "lat": 51.300517,
            "lon": 1.180286,
            "reference": "INCD-458264-G",
            "status": "planned",
            "type": "3"
          },
          {
            "area": "CT3 4BD",
            "lat": 51.300776,
            "lon": 1.183015,
            "reference": "INCD-458264-G",
            "status": "planned",
            "type": "3"
          },
          {
            "area": "CT3 4BB",
            "lat": 51.301142,
            "lon": 1.182782,
            "reference": "INCD-458264-G",
            "status": "planned",
            "type": "3"
          },
          {
            "area": "BN2 5ZE",
            "lat": 50.811623,
            "lon": -0.103872,
            "reference": "INCD-458264-G",
            "status": "planned",
            "type": "3"
          },
          {
            "area": "CT3 1SQ",
            "lat": 51.298785,
            "lon": 1.197656,
            "reference": "INCD-458264-G",
            "status": "planned",
            "type": "3"
          },
          {
            "area": "CT3 4BH",
            "lat": 51.304667,
            "lon": 1.197649,
            "reference": "INCD-458264-G",
            "status": "planned",
            "type": "3"
          },
          {
            "area": "CT3 4BE",
            "lat": 51.305525,
            "lon": 1.190289,
            "reference": "INCD-458264-G",
            "status": "planned",
            "type": "3"
          },
          {
            "area": "CT3 4BJ",
            "lat": 51.308481,
            "lon": 1.197311,
            "reference": "INCD-458264-G",
            "status": "planned",
            "type": "3"
          },
          {
            "area": "CT3 4BL",
            "lat": 51.310733,
            "lon": 1.208059,
            "reference": "INCD-458264-G",
            "status": "planned",
            "type": "3"
          },
          {
            "area": "CT3 1SJ",
            "lat": 51.286347,
            "lon": 1.183394,
            "reference": "INCD-458264-G",
            "status": "planned",
            "type": "3"
          },
          {
            "area": "CT3 1RX",
            "lat": 51.28613,
            "lon": 1.185416,
            "reference": "INCD-458264-G",
            "status": "planned",
            "type": "3"
          },
          {
            "area": "CT3 1SA",
            "lat": 51.290148,
            "lon": 1.186483,
            "reference": "INCD-458264-G",
            "status": "planned",
            "type": "3"
          },
          {
            "area": "CT3 1SB",
            "lat": 51.290685,
            "lon": 1.187266,
            "reference": "INCD-458264-G",
            "status": "planned",
            "type": "3"
          },
          {
            "area": "CT3 1RH",
            "lat": 51.285192,
            "lon": 1.184519,
            "reference": "INCD-458264-G",
            "status": "planned",
            "type": "3"
          },
          {
            "area": "CT3 1RP",
            "lat": 51.284818,
            "lon": 1.186028,
            "reference": "INCD-458264-G",
            "status": "planned",
            "type": "3"
          },
          {
            "area": "CT3 1RY",
            "lat": 51.287465,
            "lon": 1.184289,
            "reference": "INCD-458264-G",
            "status": "planned",
            "type": "3"
          },
          {
            "area": "CT3 1RT",
            "lat": 51.284953,
            "lon": 1.186008,
            "reference": "INCD-458264-G",
            "status": "planned",
            "type": "3"
          },
          {
            "area": "CT3 1RQ",
            "lat": 51.284192,
            "lon": 1.182901,
            "reference": "INCD-458264-G",
            "status": "planned",
            "type": "3"
          },
          {
            "area": "CT3 1RG",
            "lat": 51.283426,
            "lon": 1.182317,
            "reference": "INCD-458264-G",
            "status": "planned",
            "type": "3"
          },
          {
            "area": "CT3 1RJ",
            "lat": 51.284441,
            "lon": 1.184352,
            "reference": "INCD-458264-G",
            "status": "planned",
            "type": "3"
          },
          {
            "area": "CT3 1SD",
            "lat": 51.291288,
            "lon": 1.191526,
            "reference": "INCD-458264-G",
            "status": "planned",
            "type": "3"
          },
          {
            "area": "CT3 1HP",
            "lat": 51.30831,
            "lon": 1.230106,
            "reference": "INCD-458264-G",
            "status": "planned",
            "type": "3"
          },
          {
            "area": "CT3 4BP",
            "lat": 51.322973,
            "lon": 1.209445,
            "reference": "INCD-458264-G",
            "status": "planned",
            "type": "3"
          },
          {
            "area": "CT3 1SG",
            "lat": 51.299371,
            "lon": 1.192962,
            "reference": "INCD-458264-G",
            "status": "planned",
            "type": "3"
          },
          {
            "area": "CT3 1EE",
            "lat": 51.306436,
            "lon": 1.225984,
            "reference": "INCD-458264-G",
            "status": "planned",
            "type": "3"
          },
          {
            "area": "CT3 1FU",
            "lat": 51.309026,
            "lon": 1.224042,
            "reference": "INCD-458264-G",
            "status": "planned",
            "type": "3"
          },
          {
            "area": "CT3 1RF",
            "lat": 51.283094,
            "lon": 1.183255,
            "reference": "INCD-458264-G",
            "status": "planned",
            "type": "3"
          },
          {
            "area": "CT3 1RD",
            "lat": 51.28277,
            "lon": 1.181282,
            "reference": "INCD-458264-G",
            "status": "planned",
            "type": "3"
          },
          {
            "area": "CT3 1RL",
            "lat": 51.284199,
            "lon": 1.183977,
            "reference": "INCD-458264-G",
            "status": "planned",
            "type": "3"
          },
          {
            "area": "CT3 1RE",
            "lat": 51.283389,
            "lon": 1.181683,
            "reference": "INCD-458264-G",
            "status": "planned",
            "type": "3"
          },
          {
            "area": "CT3 1RN",
            "lat": 51.284225,
            "lon": 1.184681,
            "reference": "INCD-458264-G",
            "status": "planned",
            "type": "3"
          },
          {
            "area": "CT3 1RW",
            "lat": 51.283997,
            "lon": 1.185125,
            "reference": "INCD-458264-G",
            "status": "planned",
            "type": "3"
          },
          {
            "area": "CT3 1ED",
            "lat": 51.304661,
            "lon": 1.228041,
            "reference": "INCD-458264-G",
            "status": "planned",
            "type": "3"
          },
          {
            "area": "CT3 1EB",
            "lat": 51.305118,
            "lon": 1.227456,
            "reference": "INCD-458264-G",
            "status": "planned",
            "type": "3"
          },
          {
            "area": "CT3 1DZ",
            "lat": 51.303987,
            "lon": 1.227362,
            "reference": "INCD-458264-G",
            "status": "planned",
            "type": "3"
          },
          {
            "area": "CT3 1FS",
            "lat": 51.306545,
            "lon": 1.226896,
            "reference": "INCD-458264-G",
            "status": "planned",
            "type": "3"
          },
          {
            "area": "CT3 1RS",
            "lat": 51.284591,
            "lon": 1.185438,
            "reference": "INCD-458264-G",
            "status": "planned",
            "type": "3"
          },
          {
            "area": "CT3 1SL",
            "lat": 51.284031,
            "lon": 1.191151,
            "reference": "INCD-458264-G",
            "status": "planned",
            "type": "3"
          },
          {
            "area": "CT3 1RR",
            "lat": 51.284497,
            "lon": 1.185245,
            "reference": "INCD-458264-G",
            "status": "planned",
            "type": "3"
          }
        ],
        "startedAt": null,
        "restoreAt": null,
        "restoreAtText": "22 Aug 17:30 - 18:30",
        "updatedAt": null,
        "officialUrl": "https://www.ukpowernetworks.co.uk/power-cut/map",
        "locationQuality": "postcode_aggregate",
        "rawRecordCount": 41,
        "coordinateSpreadKm": 102.906
      }
    },
    {
      "type": "Feature",
      "id": "ukpn:planned:incd-458262-g",
      "geometry": {
        "type": "Point",
        "coordinates": [
          0.63201,
          50.89724
        ]
      },
      "properties": {
        "providerId": "ukpn",
        "provider": "UK Power Networks",
        "feedIds": [
          "live"
        ],
        "reference": "INCD-458262-G",
        "category": "planned",
        "status": "planned",
        "type": "3",
        "area": "Published incident location",
        "areas": [
          "Published incident location"
        ],
        "postcodes": [
          "TN36 4JY",
          "TN36 4EG",
          "TN36 4EH",
          "TN36 4HU",
          "TN36 4EJ",
          "TN36 4EL",
          "TN36 4HT",
          "TN36 4JT",
          "TN36 4AB",
          "TN36 4ES",
          "TN36 4JA",
          "TN36 4HA",
          "TN36 4EU",
          "TN36 4EX",
          "TN36 4AA",
          "TN36 4EN",
          "TN36 4EY",
          "TN36 4EP",
          "TN36 4HB",
          "TN36 4HJ",
          "TN36 4HE",
          "TN36 4HS",
          "TN36 4HR",
          "TN36 4HD",
          "TN36 4HP",
          "TN36 4HX",
          "TN36 4HH",
          "TN36 4HG",
          "TN36 4HN",
          "TN36 4HL",
          "TN36 4EA",
          "TN36 4ED",
          "TN36 4EE",
          "TN36 4EB",
          "TN36 4LA",
          "TN36 4LB",
          "TN36 4LU",
          "TN36 4LJ",
          "TN36 4LQ",
          "TN36 4LF",
          "TN36 4LZ",
          "TN36 4LG",
          "TN36 4LD",
          "TN36 4LH",
          "TN36 4LL",
          "TN36 4LP",
          "TN36 4LW",
          "TN36 4LS",
          "TN36 4NA",
          "TN36 4ND",
          "TN36 4LN",
          "TN36 4LX",
          "TN36 4JZ",
          "TN36 4LT",
          "TN36 4HW",
          "TN36 4NH",
          "TN36 4NB",
          "TN36 4HF",
          "TN36 4NE",
          "TN36 4NG",
          "TN36 4LR",
          "TN36 4AQ",
          "TN31 7TA",
          "TN31 7TB",
          "TN35 4EH",
          "TN35 4EN",
          "TN35 4EW",
          "TN35 4EL",
          "TN35 4HF",
          "TN36 4AE",
          "TN36 4AG",
          "TN36 4AD",
          "TN36 4BH",
          "TN36 4AH",
          "TN36 4JX",
          "TN36 4JU",
          "TN36 4AF"
        ],
        "groupedLocations": [
          {
            "area": "TN36 4JY",
            "lat": 50.926651,
            "lon": 0.711771,
            "reference": "INCD-458262-G",
            "status": "planned",
            "type": "3"
          },
          {
            "area": "TN36 4EG",
            "lat": 50.925153,
            "lon": 0.711228,
            "reference": "INCD-458262-G",
            "status": "planned",
            "type": "3"
          },
          {
            "area": "TN36 4EH",
            "lat": 50.925837,
            "lon": 0.711168,
            "reference": "INCD-458262-G",
            "status": "planned",
            "type": "3"
          },
          {
            "area": "TN36 4HU",
            "lat": 50.925953,
            "lon": 0.710449,
            "reference": "INCD-458262-G",
            "status": "planned",
            "type": "3"
          },
          {
            "area": "TN36 4EJ",
            "lat": 50.925481,
            "lon": 0.710635,
            "reference": "INCD-458262-G",
            "status": "planned",
            "type": "3"
          },
          {
            "area": "TN36 4EL",
            "lat": 50.925194,
            "lon": 0.709808,
            "reference": "INCD-458262-G",
            "status": "planned",
            "type": "3"
          },
          {
            "area": "TN36 4HT",
            "lat": 50.925768,
            "lon": 0.709499,
            "reference": "INCD-458262-G",
            "status": "planned",
            "type": "3"
          },
          {
            "area": "TN36 4JT",
            "lat": 50.926271,
            "lon": 0.71303,
            "reference": "INCD-458262-G",
            "status": "planned",
            "type": "3"
          },
          {
            "area": "TN36 4AB",
            "lat": 50.921951,
            "lon": 0.705008,
            "reference": "INCD-458262-G",
            "status": "planned",
            "type": "3"
          },
          {
            "area": "TN36 4ES",
            "lat": 50.923366,
            "lon": 0.707581,
            "reference": "INCD-458262-G",
            "status": "planned",
            "type": "3"
          },
          {
            "area": "TN36 4JA",
            "lat": 50.92258,
            "lon": 0.705799,
            "reference": "INCD-458262-G",
            "status": "planned",
            "type": "3"
          },
          {
            "area": "TN36 4HA",
            "lat": 50.924966,
            "lon": 0.707631,
            "reference": "INCD-458262-G",
            "status": "planned",
            "type": "3"
          },
          {
            "area": "TN36 4EU",
            "lat": 50.923585,
            "lon": 0.707451,
            "reference": "INCD-458262-G",
            "status": "planned",
            "type": "3"
          },
          {
            "area": "TN36 4EX",
            "lat": 50.923349,
            "lon": 0.706769,
            "reference": "INCD-458262-G",
            "status": "planned",
            "type": "3"
          },
          {
            "area": "TN36 4AA",
            "lat": 50.923257,
            "lon": 0.70608,
            "reference": "INCD-458262-G",
            "status": "planned",
            "type": "3"
          },
          {
            "area": "TN36 4EN",
            "lat": 50.924266,
            "lon": 0.70796,
            "reference": "INCD-458262-G",
            "status": "planned",
            "type": "3"
          },
          {
            "area": "TN36 4EY",
            "lat": 50.924984,
            "lon": 0.707248,
            "reference": "INCD-458262-G",
            "status": "planned",
            "type": "3"
          },
          {
            "area": "TN36 4EP",
            "lat": 50.923264,
            "lon": 0.708101,
            "reference": "INCD-458262-G",
            "status": "planned",
            "type": "3"
          },
          {
            "area": "TN36 4HB",
            "lat": 50.925035,
            "lon": 0.708546,
            "reference": "INCD-458262-G",
            "status": "planned",
            "type": "3"
          },
          {
            "area": "TN36 4HJ",
            "lat": 50.925915,
            "lon": 0.708199,
            "reference": "INCD-458262-G",
            "status": "planned",
            "type": "3"
          },
          {
            "area": "TN36 4HE",
            "lat": 50.925221,
            "lon": 0.707874,
            "reference": "INCD-458262-G",
            "status": "planned",
            "type": "3"
          },
          {
            "area": "TN36 4HS",
            "lat": 50.926629,
            "lon": 0.707685,
            "reference": "INCD-458262-G",
            "status": "planned",
            "type": "3"
          },
          {
            "area": "TN36 4HR",
            "lat": 50.926499,
            "lon": 0.707862,
            "reference": "INCD-458262-G",
            "status": "planned",
            "type": "3"
          },
          {
            "area": "TN36 4HD",
            "lat": 50.9255,
            "lon": 0.708672,
            "reference": "INCD-458262-G",
            "status": "planned",
            "type": "3"
          },
          {
            "area": "TN36 4HP",
            "lat": 50.926429,
            "lon": 0.708143,
            "reference": "INCD-458262-G",
            "status": "planned",
            "type": "3"
          },
          {
            "area": "TN36 4HX",
            "lat": 50.926144,
            "lon": 0.709592,
            "reference": "INCD-458262-G",
            "status": "planned",
            "type": "3"
          },
          {
            "area": "TN36 4HH",
            "lat": 50.926073,
            "lon": 0.705674,
            "reference": "INCD-458262-G",
            "status": "planned",
            "type": "3"
          },
          {
            "area": "TN36 4HG",
            "lat": 50.925412,
            "lon": 0.707785,
            "reference": "INCD-458262-G",
            "status": "planned",
            "type": "3"
          },
          {
            "area": "TN36 4HN",
            "lat": 50.926284,
            "lon": 0.708974,
            "reference": "INCD-458262-G",
            "status": "planned",
            "type": "3"
          },
          {
            "area": "TN36 4HL",
            "lat": 50.926188,
            "lon": 0.708869,
            "reference": "INCD-458262-G",
            "status": "planned",
            "type": "3"
          },
          {
            "area": "TN36 4EA",
            "lat": 50.924708,
            "lon": 0.71022,
            "reference": "INCD-458262-G",
            "status": "planned",
            "type": "3"
          },
          {
            "area": "TN36 4ED",
            "lat": 50.923089,
            "lon": 0.709443,
            "reference": "INCD-458262-G",
            "status": "planned",
            "type": "3"
          },
          {
            "area": "TN36 4EE",
            "lat": 50.924029,
            "lon": 0.710821,
            "reference": "INCD-458262-G",
            "status": "planned",
            "type": "3"
          },
          {
            "area": "TN36 4EB",
            "lat": 50.924106,
            "lon": 0.709801,
            "reference": "INCD-458262-G",
            "status": "planned",
            "type": "3"
          },
          {
            "area": "TN36 4LA",
            "lat": 50.924295,
            "lon": 0.720244,
            "reference": "INCD-458262-G",
            "status": "planned",
            "type": "3"
          },
          {
            "area": "TN36 4LB",
            "lat": 50.923432,
            "lon": 0.725658,
            "reference": "INCD-458262-G",
            "status": "planned",
            "type": "3"
          },
          {
            "area": "TN36 4LU",
            "lat": 50.917896,
            "lon": 0.731994,
            "reference": "INCD-458262-G",
            "status": "planned",
            "type": "3"
          },
          {
            "area": "TN36 4LJ",
            "lat": 50.923243,
            "lon": 0.726814,
            "reference": "INCD-458262-G",
            "status": "planned",
            "type": "3"
          },
          {
            "area": "TN36 4LQ",
            "lat": 50.920299,
            "lon": 0.724977,
            "reference": "INCD-458262-G",
            "status": "planned",
            "type": "3"
          },
          {
            "area": "TN36 4LF",
            "lat": 50.920749,
            "lon": 0.725373,
            "reference": "INCD-458262-G",
            "status": "planned",
            "type": "3"
          },
          {
            "area": "TN36 4LZ",
            "lat": 50.924235,
            "lon": 0.718974,
            "reference": "INCD-458262-G",
            "status": "planned",
            "type": "3"
          },
          {
            "area": "TN36 4LG",
            "lat": 50.920318,
            "lon": 0.726102,
            "reference": "INCD-458262-G",
            "status": "planned",
            "type": "3"
          },
          {
            "area": "TN36 4LD",
            "lat": 50.921051,
            "lon": 0.725163,
            "reference": "INCD-458262-G",
            "status": "planned",
            "type": "3"
          },
          {
            "area": "TN36 4LH",
            "lat": 50.919019,
            "lon": 0.724732,
            "reference": "INCD-458262-G",
            "status": "planned",
            "type": "3"
          },
          {
            "area": "TN36 4LL",
            "lat": 50.921303,
            "lon": 0.729746,
            "reference": "INCD-458262-G",
            "status": "planned",
            "type": "3"
          },
          {
            "area": "TN36 4LP",
            "lat": 50.918411,
            "lon": 0.726119,
            "reference": "INCD-458262-G",
            "status": "planned",
            "type": "3"
          },
          {
            "area": "TN36 4LW",
            "lat": 50.915122,
            "lon": 0.725998,
            "reference": "INCD-458262-G",
            "status": "planned",
            "type": "3"
          },
          {
            "area": "TN36 4LS",
            "lat": 50.916306,
            "lon": 0.726921,
            "reference": "INCD-458262-G",
            "status": "planned",
            "type": "3"
          },
          {
            "area": "TN36 4NA",
            "lat": 50.916624,
            "lon": 0.724051,
            "reference": "INCD-458262-G",
            "status": "planned",
            "type": "3"
          },
          {
            "area": "TN36 4ND",
            "lat": 50.912649,
            "lon": 0.721742,
            "reference": "INCD-458262-G",
            "status": "planned",
            "type": "3"
          },
          {
            "area": "TN36 4LN",
            "lat": 50.917566,
            "lon": 0.725315,
            "reference": "INCD-458262-G",
            "status": "planned",
            "type": "3"
          },
          {
            "area": "TN36 4LX",
            "lat": 50.913129,
            "lon": 0.72544,
            "reference": "INCD-458262-G",
            "status": "planned",
            "type": "3"
          },
          {
            "area": "TN36 4JZ",
            "lat": 50.915917,
            "lon": 0.725859,
            "reference": "INCD-458262-G",
            "status": "planned",
            "type": "3"
          },
          {
            "area": "TN36 4LT",
            "lat": 50.914226,
            "lon": 0.728151,
            "reference": "INCD-458262-G",
            "status": "planned",
            "type": "3"
          },
          {
            "area": "TN36 4HW",
            "lat": 50.915183,
            "lon": 0.726485,
            "reference": "INCD-458262-G",
            "status": "planned",
            "type": "3"
          },
          {
            "area": "TN36 4NH",
            "lat": 50.913053,
            "lon": 0.720229,
            "reference": "INCD-458262-G",
            "status": "planned",
            "type": "3"
          },
          {
            "area": "TN36 4NB",
            "lat": 50.915256,
            "lon": 0.722947,
            "reference": "INCD-458262-G",
            "status": "planned",
            "type": "3"
          },
          {
            "area": "TN36 4HF",
            "lat": 50.912892,
            "lon": 0.719024,
            "reference": "INCD-458262-G",
            "status": "planned",
            "type": "3"
          },
          {
            "area": "TN36 4NE",
            "lat": 50.912938,
            "lon": 0.722057,
            "reference": "INCD-458262-G",
            "status": "planned",
            "type": "3"
          },
          {
            "area": "TN36 4LR",
            "lat": 50.918086,
            "lon": 0.726171,
            "reference": "INCD-458262-G",
            "status": "planned",
            "type": "3"
          },
          {
            "area": "TN36 4AQ",
            "lat": 50.926199,
            "lon": 0.71341,
            "reference": "INCD-458262-G",
            "status": "planned",
            "type": "3"
          },
          {
            "area": "TN31 7TA",
            "lat": 50.944156,
            "lon": 0.729433,
            "reference": "INCD-458262-G",
            "status": "planned",
            "type": "3"
          },
          {
            "area": "TN31 7TB",
            "lat": 50.940945,
            "lon": 0.727537,
            "reference": "INCD-458262-G",
            "status": "planned",
            "type": "3"
          },
          {
            "area": "TN35 4EH",
            "lat": 50.889484,
            "lon": 0.686588,
            "reference": "INCD-458262-G",
            "status": "planned",
            "type": "3"
          },
          {
            "area": "TN35 4EN",
            "lat": 50.89267,
            "lon": 0.68963,
            "reference": "INCD-458262-G",
            "status": "planned",
            "type": "3"
          },
          {
            "area": "TN35 4EW",
            "lat": 50.893071,
            "lon": 0.690194,
            "reference": "INCD-458262-G",
            "status": "planned",
            "type": "3"
          },
          {
            "area": "TN35 4EL",
            "lat": 50.893359,
            "lon": 0.692116,
            "reference": "INCD-458262-G",
            "status": "planned",
            "type": "3"
          },
          {
            "area": "TN35 4HF",
            "lat": 50.890277,
            "lon": 0.683406,
            "reference": "INCD-458262-G",
            "status": "planned",
            "type": "3"
          },
          {
            "area": "TN36 4AE",
            "lat": 50.915542,
            "lon": 0.701734,
            "reference": "INCD-458262-G",
            "status": "planned",
            "type": "3"
          },
          {
            "area": "TN36 4AG",
            "lat": 50.916611,
            "lon": 0.698267,
            "reference": "INCD-458262-G",
            "status": "planned",
            "type": "3"
          },
          {
            "area": "TN36 4AD",
            "lat": 50.92107,
            "lon": 0.69447,
            "reference": "INCD-458262-G",
            "status": "planned",
            "type": "3"
          },
          {
            "area": "TN36 4BH",
            "lat": 50.917667,
            "lon": 0.673897,
            "reference": "INCD-458262-G",
            "status": "planned",
            "type": "3"
          },
          {
            "area": "TN36 4AH",
            "lat": 50.91199,
            "lon": 0.682976,
            "reference": "INCD-458262-G",
            "status": "planned",
            "type": "3"
          },
          {
            "area": "TN36 4JX",
            "lat": 50.933305,
            "lon": 0.701753,
            "reference": "INCD-458262-G",
            "status": "planned",
            "type": "3"
          },
          {
            "area": "TN36 4JU",
            "lat": 50.92921,
            "lon": 0.707294,
            "reference": "INCD-458262-G",
            "status": "planned",
            "type": "3"
          },
          {
            "area": "TN36 4AF",
            "lat": 50.922372,
            "lon": 0.703524,
            "reference": "INCD-458262-G",
            "status": "planned",
            "type": "3"
          }
        ],
        "startedAt": null,
        "restoreAt": null,
        "restoreAtText": "To be confirmed",
        "updatedAt": null,
        "officialUrl": "https://www.ukpowernetworks.co.uk/power-cut/map",
        "locationQuality": "postcode_aggregate",
        "rawRecordCount": 76,
        "coordinateSpreadKm": 3.906
      }
    },
    {
      "type": "Feature",
      "id": "ukpn:current:mult-32d94128-17c2-4922-be6c-fba4b1a8f167",
      "geometry": {
        "type": "Point",
        "coordinates": [
          -0.17906,
          50.99777
        ]
      },
      "properties": {
        "providerId": "ukpn",
        "provider": "UK Power Networks",
        "feedIds": [
          "live"
        ],
        "reference": "MULT-32d94128-17c2-4922-be6c-fba4b1a8f167",
        "category": "current",
        "status": "current",
        "type": "0",
        "area": "Published incident location",
        "areas": [
          "Published incident location"
        ],
        "postcodes": [],
        "groupedLocations": [
          {
            "area": "Published incident location",
            "lat": 50.99777,
            "lon": -0.17906,
            "reference": "MULT-32d94128-17c2-4922-be6c-fba4b1a8f167",
            "status": "current",
            "type": "0"
          }
        ],
        "startedAt": null,
        "restoreAt": null,
        "restoreAtText": "",
        "updatedAt": null,
        "officialUrl": "https://www.ukpowernetworks.co.uk/power-cut/map",
        "locationQuality": "postcode_aggregate",
        "rawRecordCount": 1,
        "coordinateSpreadKm": 0
      }
    },
    {
      "type": "Feature",
      "id": "ukpn:current:mult-aeebb4ae-81d1-46a8-b3b4-c8aad64763ff",
      "geometry": {
        "type": "Point",
        "coordinates": [
          0.79662,
          50.96717
        ]
      },
      "properties": {
        "providerId": "ukpn",
        "provider": "UK Power Networks",
        "feedIds": [
          "live"
        ],
        "reference": "MULT-aeebb4ae-81d1-46a8-b3b4-c8aad64763ff",
        "category": "current",
        "status": "current",
        "type": "0",
        "area": "Published incident location",
        "areas": [
          "Published incident location"
        ],
        "postcodes": [],
        "groupedLocations": [
          {
            "area": "Published incident location",
            "lat": 50.96717,
            "lon": 0.79662,
            "reference": "MULT-aeebb4ae-81d1-46a8-b3b4-c8aad64763ff",
            "status": "current",
            "type": "0"
          }
        ],
        "startedAt": null,
        "restoreAt": null,
        "restoreAtText": "",
        "updatedAt": null,
        "officialUrl": "https://www.ukpowernetworks.co.uk/power-cut/map",
        "locationQuality": "postcode_aggregate",
        "rawRecordCount": 1,
        "coordinateSpreadKm": 0
      }
    },
    {
      "type": "Feature",
      "id": "ukpn:planned:incd-104202-v",
      "geometry": {
        "type": "Point",
        "coordinates": [
          0.30966,
          51.33208
        ]
      },
      "properties": {
        "providerId": "ukpn",
        "provider": "UK Power Networks",
        "feedIds": [
          "live"
        ],
        "reference": "INCD-104202-V",
        "category": "planned",
        "status": "planned",
        "type": "3",
        "area": "Published incident location",
        "areas": [
          "Published incident location"
        ],
        "postcodes": [
          "TN15 7HF"
        ],
        "groupedLocations": [
          {
            "area": "TN15 7HF",
            "lat": 51.369316,
            "lon": 0.296317,
            "reference": "INCD-104202-V",
            "status": "planned",
            "type": "3"
          }
        ],
        "startedAt": "2026-08-22T09:00:00.000Z",
        "restoreAt": null,
        "restoreAtText": "22 Aug 14:30 - 15:30",
        "updatedAt": null,
        "officialUrl": "https://www.ukpowernetworks.co.uk/power-cut/map",
        "locationQuality": "postcode_aggregate",
        "rawRecordCount": 1,
        "coordinateSpreadKm": 0
      }
    },
    {
      "type": "Feature",
      "id": "ukpn:planned:incd-110714-c",
      "geometry": {
        "type": "Point",
        "coordinates": [
          1.32828,
          52.65837
        ]
      },
      "properties": {
        "providerId": "ukpn",
        "provider": "UK Power Networks",
        "feedIds": [
          "live"
        ],
        "reference": "INCD-110714-C",
        "category": "planned",
        "status": "planned",
        "type": "3",
        "area": "Published incident location",
        "areas": [
          "Published incident location"
        ],
        "postcodes": [
          "NR7 8ET",
          "NR16 2HR"
        ],
        "groupedLocations": [
          {
            "area": "NR7 8ET",
            "lat": 52.661059,
            "lon": 1.327596,
            "reference": "INCD-110714-C",
            "status": "planned",
            "type": "3"
          },
          {
            "area": "NR16 2HR",
            "lat": 52.452269,
            "lon": 1.035458,
            "reference": "INCD-110714-C",
            "status": "planned",
            "type": "3"
          }
        ],
        "startedAt": "2026-08-21T20:00:00.000Z",
        "restoreAt": null,
        "restoreAtText": "22 Aug 00:30 - 01:30",
        "updatedAt": null,
        "officialUrl": "https://www.ukpowernetworks.co.uk/power-cut/map",
        "locationQuality": "postcode_aggregate",
        "rawRecordCount": 2,
        "coordinateSpreadKm": 15.248
      }
    },
    {
      "type": "Feature",
      "id": "ukpn:planned:incd-457192-g",
      "geometry": {
        "type": "Point",
        "coordinates": [
          -0.21377,
          51.1277
        ]
      },
      "properties": {
        "providerId": "ukpn",
        "provider": "UK Power Networks",
        "feedIds": [
          "live"
        ],
        "reference": "INCD-457192-G",
        "category": "planned",
        "status": "planned",
        "type": "2",
        "area": "Published incident location",
        "areas": [
          "Published incident location"
        ],
        "postcodes": [
          "RH11 0LN",
          "RH11 0LL",
          "RH11 0LR"
        ],
        "groupedLocations": [
          {
            "area": "RH11 0LN",
            "lat": 51.118582,
            "lon": -0.228176,
            "reference": "INCD-457192-G",
            "status": "planned",
            "type": "2"
          },
          {
            "area": "RH11 0LL",
            "lat": 51.121222,
            "lon": -0.232705,
            "reference": "INCD-457192-G",
            "status": "planned",
            "type": "2"
          },
          {
            "area": "RH11 0LR",
            "lat": 51.116175,
            "lon": -0.224281,
            "reference": "INCD-457192-G",
            "status": "planned",
            "type": "2"
          }
        ],
        "startedAt": null,
        "restoreAt": null,
        "restoreAtText": "To be confirmed",
        "updatedAt": null,
        "officialUrl": "https://www.ukpowernetworks.co.uk/power-cut/map",
        "locationQuality": "postcode_aggregate",
        "rawRecordCount": 3,
        "coordinateSpreadKm": 0.415
      }
    },
    {
      "type": "Feature",
      "id": "ukpn:planned:incd-104949-v",
      "geometry": {
        "type": "Point",
        "coordinates": [
          0.48205,
          50.98886
        ]
      },
      "properties": {
        "providerId": "ukpn",
        "provider": "UK Power Networks",
        "feedIds": [
          "live"
        ],
        "reference": "INCD-104949-V",
        "category": "planned",
        "status": "planned",
        "type": "2",
        "area": "Published incident location",
        "areas": [
          "Published incident location"
        ],
        "postcodes": [
          "TN32 5QP",
          "TN32 5QA",
          "TN32 5QR"
        ],
        "groupedLocations": [
          {
            "area": "TN32 5QP",
            "lat": 50.966908,
            "lon": 0.539899,
            "reference": "INCD-104949-V",
            "status": "planned",
            "type": "2"
          },
          {
            "area": "TN32 5QA",
            "lat": 50.972695,
            "lon": 0.535614,
            "reference": "INCD-104949-V",
            "status": "planned",
            "type": "2"
          },
          {
            "area": "TN32 5QR",
            "lat": 50.963774,
            "lon": 0.533049,
            "reference": "INCD-104949-V",
            "status": "planned",
            "type": "2"
          }
        ],
        "startedAt": null,
        "restoreAt": null,
        "restoreAtText": "To be confirmed",
        "updatedAt": null,
        "officialUrl": "https://www.ukpowernetworks.co.uk/power-cut/map",
        "locationQuality": "postcode_aggregate",
        "rawRecordCount": 3,
        "coordinateSpreadKm": 0.547
      }
    },
    {
      "type": "Feature",
      "id": "ukpn:planned:incd-414604-j",
      "geometry": {
        "type": "Point",
        "coordinates": [
          -0.25353,
          51.43558
        ]
      },
      "properties": {
        "providerId": "ukpn",
        "provider": "UK Power Networks",
        "feedIds": [
          "live"
        ],
        "reference": "INCD-414604-J",
        "category": "planned",
        "status": "planned",
        "type": "2",
        "area": "Published incident location",
        "areas": [
          "Published incident location"
        ],
        "postcodes": [
          "SW15 4NS",
          "SW15 4BP",
          "SW15 4NP",
          "SW15 4NW",
          "SW15 4BW",
          "SW15 4BS",
          "SW15 3SA",
          "SW15 3SB"
        ],
        "groupedLocations": [
          {
            "area": "SW15 4NS",
            "lat": 51.443453,
            "lon": -0.24099,
            "reference": "INCD-414604-J",
            "status": "planned",
            "type": "2"
          },
          {
            "area": "SW15 4BP",
            "lat": 51.444279,
            "lon": -0.240944,
            "reference": "INCD-414604-J",
            "status": "planned",
            "type": "2"
          },
          {
            "area": "SW15 4NP",
            "lat": 51.442801,
            "lon": -0.241289,
            "reference": "INCD-414604-J",
            "status": "planned",
            "type": "2"
          },
          {
            "area": "SW15 4NW",
            "lat": 51.443638,
            "lon": -0.241343,
            "reference": "INCD-414604-J",
            "status": "planned",
            "type": "2"
          },
          {
            "area": "SW15 4BW",
            "lat": 51.444674,
            "lon": -0.240857,
            "reference": "INCD-414604-J",
            "status": "planned",
            "type": "2"
          },
          {
            "area": "SW15 4BS",
            "lat": 51.443722,
            "lon": -0.239757,
            "reference": "INCD-414604-J",
            "status": "planned",
            "type": "2"
          },
          {
            "area": "SW15 3SA",
            "lat": 51.442124,
            "lon": -0.242351,
            "reference": "INCD-414604-J",
            "status": "planned",
            "type": "2"
          },
          {
            "area": "SW15 3SB",
            "lat": 51.440855,
            "lon": -0.239277,
            "reference": "INCD-414604-J",
            "status": "planned",
            "type": "2"
          }
        ],
        "startedAt": null,
        "restoreAt": null,
        "restoreAtText": "22 Aug 11:30 - 12:30",
        "updatedAt": null,
        "officialUrl": "https://www.ukpowernetworks.co.uk/power-cut/map",
        "locationQuality": "postcode_aggregate",
        "rawRecordCount": 8,
        "coordinateSpreadKm": 0.282
      }
    },
    {
      "type": "Feature",
      "id": "ukpn:planned:incd-414608-j",
      "geometry": {
        "type": "Point",
        "coordinates": [
          -0.05141,
          51.49346
        ]
      },
      "properties": {
        "providerId": "ukpn",
        "provider": "UK Power Networks",
        "feedIds": [
          "live"
        ],
        "reference": "INCD-414608-J",
        "category": "planned",
        "status": "planned",
        "type": "2",
        "area": "Published incident location",
        "areas": [
          "Published incident location"
        ],
        "postcodes": [
          "SE16 2HE",
          "SE16 2HD",
          "SE16 2DR",
          "SE16 2HB"
        ],
        "groupedLocations": [
          {
            "area": "SE16 2HE",
            "lat": 51.492686,
            "lon": -0.05744,
            "reference": "INCD-414608-J",
            "status": "planned",
            "type": "2"
          },
          {
            "area": "SE16 2HD",
            "lat": 51.493324,
            "lon": -0.057413,
            "reference": "INCD-414608-J",
            "status": "planned",
            "type": "2"
          },
          {
            "area": "SE16 2DR",
            "lat": 51.492346,
            "lon": -0.057541,
            "reference": "INCD-414608-J",
            "status": "planned",
            "type": "2"
          },
          {
            "area": "SE16 2HB",
            "lat": 51.492316,
            "lon": -0.059487,
            "reference": "INCD-414608-J",
            "status": "planned",
            "type": "2"
          }
        ],
        "startedAt": null,
        "restoreAt": null,
        "restoreAtText": "22 Aug 09:30 - 10:30",
        "updatedAt": null,
        "officialUrl": "https://www.ukpowernetworks.co.uk/power-cut/map",
        "locationQuality": "postcode_aggregate",
        "rawRecordCount": 4,
        "coordinateSpreadKm": 0.112
      }
    },
    {
      "type": "Feature",
      "id": "ukpn:planned:incd-626866-z",
      "geometry": {
        "type": "Point",
        "coordinates": [
          0.14376,
          52.18618
        ]
      },
      "properties": {
        "providerId": "ukpn",
        "provider": "UK Power Networks",
        "feedIds": [
          "live"
        ],
        "reference": "INCD-626866-Z",
        "category": "planned",
        "status": "planned",
        "type": "2",
        "area": "Published incident location",
        "areas": [
          "Published incident location"
        ],
        "postcodes": [
          "CB1 3SN",
          "CB1 3SL",
          "CB1 3SS",
          "CB1 7BZ",
          "CB1 7DA"
        ],
        "groupedLocations": [
          {
            "area": "CB1 3SN",
            "lat": 52.188696,
            "lon": 0.148155,
            "reference": "INCD-626866-Z",
            "status": "planned",
            "type": "2"
          },
          {
            "area": "CB1 3SL",
            "lat": 52.188599,
            "lon": 0.148589,
            "reference": "INCD-626866-Z",
            "status": "planned",
            "type": "2"
          },
          {
            "area": "CB1 3SS",
            "lat": 52.189698,
            "lon": 0.147984,
            "reference": "INCD-626866-Z",
            "status": "planned",
            "type": "2"
          },
          {
            "area": "CB1 7BZ",
            "lat": 52.188649,
            "lon": 0.147304,
            "reference": "INCD-626866-Z",
            "status": "planned",
            "type": "2"
          },
          {
            "area": "CB1 7DA",
            "lat": 52.187749,
            "lon": 0.147817,
            "reference": "INCD-626866-Z",
            "status": "planned",
            "type": "2"
          }
        ],
        "startedAt": null,
        "restoreAt": null,
        "restoreAtText": "To be confirmed",
        "updatedAt": null,
        "officialUrl": "https://www.ukpowernetworks.co.uk/power-cut/map",
        "locationQuality": "postcode_aggregate",
        "rawRecordCount": 5,
        "coordinateSpreadKm": 0.113
      }
    },
    {
      "type": "Feature",
      "id": "ukpn:planned:incd-626879-z",
      "geometry": {
        "type": "Point",
        "coordinates": [
          1.0870213218390803,
          52.42998468965517
        ]
      },
      "properties": {
        "providerId": "ukpn",
        "provider": "UK Power Networks",
        "feedIds": [
          "live"
        ],
        "reference": "INCD-626879-Z",
        "category": "planned",
        "status": "planned",
        "type": "3",
        "area": "Published incident location",
        "areas": [
          "Published incident location"
        ],
        "postcodes": [
          "IP22 2EE",
          "IP22 2EA",
          "IP22 4QL",
          "IP22 2EH",
          "NR16 2AR",
          "NR16 2AF",
          "IP22 5SR",
          "NR16 2BB",
          "IP22 2EP",
          "IP22 2ER",
          "IP22 5SU",
          "IP22 4QN",
          "IP22 2ED",
          "IP22 2DG",
          "IP22 2DE",
          "IP22 2DX",
          "IP22 5TA",
          "IP22 2DH",
          "IP22 2DJ",
          "NR16 2DF",
          "IP22 2DN",
          "NR16 2BA",
          "NR16 2DE",
          "IP22 2DP",
          "IP22 5SX",
          "NR16 2AN",
          "NR16 2AX",
          "IP22 2DW",
          "IP22 2EG",
          "IP22 2DQ",
          "NR16 2AG",
          "NR16 2AZ",
          "IP22 4EE",
          "IP22 2EW",
          "IP22 2EF",
          "IP22 2EJ",
          "IP22 4GJ",
          "IP22 2ET",
          "NR16 2BG",
          "IP22 2DZ",
          "IP22 2FJ",
          "IP22 5ST",
          "NR16 2BE",
          "IP22 2EN",
          "IP22 2DU",
          "IP22 2DD",
          "IP22 2DR",
          "IP22 2EU",
          "NR16 2BD",
          "NR16 2AU",
          "IP22 2DL",
          "NR16 2AS",
          "NR16 2BH",
          "IP22 2DF",
          "IP22 2EL",
          "NR16 2DD",
          "NR16 2DA",
          "NR16 2AE",
          "IP22 2HA",
          "IP22 4EQ",
          "IP22 2EQ",
          "IP22 2EZ",
          "NR16 2AY",
          "IP22 2EB",
          "NR17 1PW",
          "NR16 2BJ",
          "IP22 4XX",
          "NR16 2DG",
          "NR16 2AT",
          "IP22 2BE",
          "IP22 5XP",
          "IP22 5SZ",
          "IP22 2DT",
          "IP22 4XW",
          "IP22 4DX",
          "IP22 2LR",
          "IP22 3XU",
          "IP22 5SY",
          "IP22 4DZ",
          "IP22 3SX",
          "NR16 2AL",
          "IP22 2EY",
          "IP22 2EX",
          "IP22 3SR",
          "NR16 2SX",
          "NR16 2AW",
          "IP22 3TA",
          "IP22 4DJ",
          "NR16 2PQ",
          "IP22 4DL",
          "IP22 4XY"
        ],
        "groupedLocations": [
          {
            "area": "IP22 2EE",
            "lat": 52.433441,
            "lon": 1.08974,
            "reference": "INCD-626879-Z",
            "status": "planned",
            "type": "3"
          },
          {
            "area": "IP22 2EA",
            "lat": 52.429374,
            "lon": 1.101519,
            "reference": "INCD-626879-Z",
            "status": "planned",
            "type": "3"
          },
          {
            "area": "IP22 4QL",
            "lat": 52.383605,
            "lon": 1.1046,
            "reference": "INCD-626879-Z",
            "status": "planned",
            "type": "3"
          },
          {
            "area": "IP22 2EH",
            "lat": 52.435338,
            "lon": 1.080484,
            "reference": "INCD-626879-Z",
            "status": "planned",
            "type": "3"
          },
          {
            "area": "NR16 2AR",
            "lat": 52.471917,
            "lon": 1.075557,
            "reference": "INCD-626879-Z",
            "status": "planned",
            "type": "3"
          },
          {
            "area": "NR16 2AF",
            "lat": 52.471131,
            "lon": 1.072218,
            "reference": "INCD-626879-Z",
            "status": "planned",
            "type": "3"
          },
          {
            "area": "IP22 5SR",
            "lat": 52.383869,
            "lon": 1.122931,
            "reference": "INCD-626879-Z",
            "status": "planned",
            "type": "3"
          },
          {
            "area": "NR16 2BB",
            "lat": 52.472075,
            "lon": 1.071562,
            "reference": "INCD-626879-Z",
            "status": "planned",
            "type": "3"
          },
          {
            "area": "IP22 2EP",
            "lat": 52.437629,
            "lon": 1.103247,
            "reference": "INCD-626879-Z",
            "status": "planned",
            "type": "3"
          },
          {
            "area": "IP22 2ER",
            "lat": 52.444225,
            "lon": 1.107567,
            "reference": "INCD-626879-Z",
            "status": "planned",
            "type": "3"
          },
          {
            "area": "IP22 5SU",
            "lat": 52.391331,
            "lon": 1.130499,
            "reference": "INCD-626879-Z",
            "status": "planned",
            "type": "3"
          },
          {
            "area": "IP22 4QN",
            "lat": 52.384457,
            "lon": 1.102984,
            "reference": "INCD-626879-Z",
            "status": "planned",
            "type": "3"
          },
          {
            "area": "IP22 2ED",
            "lat": 52.429277,
            "lon": 1.099041,
            "reference": "INCD-626879-Z",
            "status": "planned",
            "type": "3"
          },
          {
            "area": "IP22 2DG",
            "lat": 52.41103,
            "lon": 1.096952,
            "reference": "INCD-626879-Z",
            "status": "planned",
            "type": "3"
          },
          {
            "area": "IP22 2DE",
            "lat": 52.406946,
            "lon": 1.089078,
            "reference": "INCD-626879-Z",
            "status": "planned",
            "type": "3"
          },
          {
            "area": "IP22 2DX",
            "lat": 52.419399,
            "lon": 1.100539,
            "reference": "INCD-626879-Z",
            "status": "planned",
            "type": "3"
          },
          {
            "area": "IP22 5TA",
            "lat": 52.401475,
            "lon": 1.114882,
            "reference": "INCD-626879-Z",
            "status": "planned",
            "type": "3"
          },
          {
            "area": "IP22 2DH",
            "lat": 52.41022,
            "lon": 1.100381,
            "reference": "INCD-626879-Z",
            "status": "planned",
            "type": "3"
          },
          {
            "area": "IP22 2DJ",
            "lat": 52.409933,
            "lon": 1.103111,
            "reference": "INCD-626879-Z",
            "status": "planned",
            "type": "3"
          },
          {
            "area": "NR16 2DF",
            "lat": 52.459122,
            "lon": 1.081335,
            "reference": "INCD-626879-Z",
            "status": "planned",
            "type": "3"
          },
          {
            "area": "IP22 2DN",
            "lat": 52.412926,
            "lon": 1.095982,
            "reference": "INCD-626879-Z",
            "status": "planned",
            "type": "3"
          },
          {
            "area": "NR16 2BA",
            "lat": 52.472778,
            "lon": 1.072554,
            "reference": "INCD-626879-Z",
            "status": "planned",
            "type": "3"
          },
          {
            "area": "NR16 2DE",
            "lat": 52.467023,
            "lon": 1.066602,
            "reference": "INCD-626879-Z",
            "status": "planned",
            "type": "3"
          },
          {
            "area": "IP22 2DP",
            "lat": 52.414012,
            "lon": 1.095705,
            "reference": "INCD-626879-Z",
            "status": "planned",
            "type": "3"
          },
          {
            "area": "IP22 5SX",
            "lat": 52.390085,
            "lon": 1.120827,
            "reference": "INCD-626879-Z",
            "status": "planned",
            "type": "3"
          },
          {
            "area": "NR16 2AN",
            "lat": 52.471984,
            "lon": 1.073662,
            "reference": "INCD-626879-Z",
            "status": "planned",
            "type": "3"
          },
          {
            "area": "NR16 2AX",
            "lat": 52.472931,
            "lon": 1.071136,
            "reference": "INCD-626879-Z",
            "status": "planned",
            "type": "3"
          },
          {
            "area": "IP22 2DW",
            "lat": 52.412523,
            "lon": 1.095557,
            "reference": "INCD-626879-Z",
            "status": "planned",
            "type": "3"
          },
          {
            "area": "IP22 2EG",
            "lat": 52.426022,
            "lon": 1.085955,
            "reference": "INCD-626879-Z",
            "status": "planned",
            "type": "3"
          },
          {
            "area": "IP22 2DQ",
            "lat": 52.4113,
            "lon": 1.098662,
            "reference": "INCD-626879-Z",
            "status": "planned",
            "type": "3"
          },
          {
            "area": "NR16 2AG",
            "lat": 52.470857,
            "lon": 1.069961,
            "reference": "INCD-626879-Z",
            "status": "planned",
            "type": "3"
          },
          {
            "area": "NR16 2AZ",
            "lat": 52.471872,
            "lon": 1.07174,
            "reference": "INCD-626879-Z",
            "status": "planned",
            "type": "3"
          },
          {
            "area": "IP22 4EE",
            "lat": 52.385193,
            "lon": 1.102374,
            "reference": "INCD-626879-Z",
            "status": "planned",
            "type": "3"
          },
          {
            "area": "IP22 2EW",
            "lat": 52.431332,
            "lon": 1.096816,
            "reference": "INCD-626879-Z",
            "status": "planned",
            "type": "3"
          },
          {
            "area": "IP22 2EF",
            "lat": 52.430616,
            "lon": 1.081538,
            "reference": "INCD-626879-Z",
            "status": "planned",
            "type": "3"
          },
          {
            "area": "IP22 2EJ",
            "lat": 52.432515,
            "lon": 1.098003,
            "reference": "INCD-626879-Z",
            "status": "planned",
            "type": "3"
          },
          {
            "area": "IP22 4GJ",
            "lat": 52.384536,
            "lon": 1.104092,
            "reference": "INCD-626879-Z",
            "status": "planned",
            "type": "3"
          },
          {
            "area": "IP22 2ET",
            "lat": 52.447066,
            "lon": 1.100393,
            "reference": "INCD-626879-Z",
            "status": "planned",
            "type": "3"
          },
          {
            "area": "NR16 2BG",
            "lat": 52.47528,
            "lon": 1.076278,
            "reference": "INCD-626879-Z",
            "status": "planned",
            "type": "3"
          },
          {
            "area": "IP22 2DZ",
            "lat": 52.425947,
            "lon": 1.101852,
            "reference": "INCD-626879-Z",
            "status": "planned",
            "type": "3"
          },
          {
            "area": "IP22 2FJ",
            "lat": 52.415747,
            "lon": 1.098474,
            "reference": "INCD-626879-Z",
            "status": "planned",
            "type": "3"
          },
          {
            "area": "IP22 5ST",
            "lat": 52.384598,
            "lon": 1.128009,
            "reference": "INCD-626879-Z",
            "status": "planned",
            "type": "3"
          },
          {
            "area": "NR16 2BE",
            "lat": 52.47077,
            "lon": 1.072296,
            "reference": "INCD-626879-Z",
            "status": "planned",
            "type": "3"
          },
          {
            "area": "IP22 2EN",
            "lat": 52.436516,
            "lon": 1.098725,
            "reference": "INCD-626879-Z",
            "status": "planned",
            "type": "3"
          },
          {
            "area": "IP22 2DU",
            "lat": 52.410867,
            "lon": 1.097676,
            "reference": "INCD-626879-Z",
            "status": "planned",
            "type": "3"
          },
          {
            "area": "IP22 2DD",
            "lat": 52.407422,
            "lon": 1.097346,
            "reference": "INCD-626879-Z",
            "status": "planned",
            "type": "3"
          },
          {
            "area": "IP22 2DR",
            "lat": 52.416457,
            "lon": 1.086463,
            "reference": "INCD-626879-Z",
            "status": "planned",
            "type": "3"
          },
          {
            "area": "IP22 2EU",
            "lat": 52.451918,
            "lon": 1.088575,
            "reference": "INCD-626879-Z",
            "status": "planned",
            "type": "3"
          },
          {
            "area": "NR16 2BD",
            "lat": 52.472269,
            "lon": 1.070677,
            "reference": "INCD-626879-Z",
            "status": "planned",
            "type": "3"
          },
          {
            "area": "NR16 2AU",
            "lat": 52.473666,
            "lon": 1.072616,
            "reference": "INCD-626879-Z",
            "status": "planned",
            "type": "3"
          },
          {
            "area": "IP22 2DL",
            "lat": 52.41291,
            "lon": 1.096584,
            "reference": "INCD-626879-Z",
            "status": "planned",
            "type": "3"
          },
          {
            "area": "NR16 2AS",
            "lat": 52.472461,
            "lon": 1.075404,
            "reference": "INCD-626879-Z",
            "status": "planned",
            "type": "3"
          },
          {
            "area": "NR16 2BH",
            "lat": 52.471088,
            "lon": 1.082524,
            "reference": "INCD-626879-Z",
            "status": "planned",
            "type": "3"
          },
          {
            "area": "IP22 2DF",
            "lat": 52.409417,
            "lon": 1.098766,
            "reference": "INCD-626879-Z",
            "status": "planned",
            "type": "3"
          },
          {
            "area": "IP22 2EL",
            "lat": 52.432784,
            "lon": 1.097345,
            "reference": "INCD-626879-Z",
            "status": "planned",
            "type": "3"
          },
          {
            "area": "NR16 2DD",
            "lat": 52.469312,
            "lon": 1.063329,
            "reference": "INCD-626879-Z",
            "status": "planned",
            "type": "3"
          },
          {
            "area": "NR16 2DA",
            "lat": 52.465307,
            "lon": 1.056837,
            "reference": "INCD-626879-Z",
            "status": "planned",
            "type": "3"
          },
          {
            "area": "NR16 2AE",
            "lat": 52.471559,
            "lon": 1.074118,
            "reference": "INCD-626879-Z",
            "status": "planned",
            "type": "3"
          },
          {
            "area": "IP22 2HA",
            "lat": 52.435864,
            "lon": 1.074782,
            "reference": "INCD-626879-Z",
            "status": "planned",
            "type": "3"
          },
          {
            "area": "IP22 4EQ",
            "lat": 52.382436,
            "lon": 1.103592,
            "reference": "INCD-626879-Z",
            "status": "planned",
            "type": "3"
          },
          {
            "area": "IP22 2EQ",
            "lat": 52.413497,
            "lon": 1.097507,
            "reference": "INCD-626879-Z",
            "status": "planned",
            "type": "3"
          },
          {
            "area": "IP22 2EZ",
            "lat": 52.44885,
            "lon": 1.075142,
            "reference": "INCD-626879-Z",
            "status": "planned",
            "type": "3"
          },
          {
            "area": "NR16 2AY",
            "lat": 52.475514,
            "lon": 1.068311,
            "reference": "INCD-626879-Z",
            "status": "planned",
            "type": "3"
          },
          {
            "area": "IP22 2EB",
            "lat": 52.433225,
            "lon": 1.096302,
            "reference": "INCD-626879-Z",
            "status": "planned",
            "type": "3"
          },
          {
            "area": "NR17 1PW",
            "lat": 52.472512,
            "lon": 1.055054,
            "reference": "INCD-626879-Z",
            "status": "planned",
            "type": "3"
          },
          {
            "area": "NR16 2BJ",
            "lat": 52.471919,
            "lon": 1.072037,
            "reference": "INCD-626879-Z",
            "status": "planned",
            "type": "3"
          },
          {
            "area": "IP22 4XX",
            "lat": 52.390095,
            "lon": 1.107142,
            "reference": "INCD-626879-Z",
            "status": "planned",
            "type": "3"
          },
          {
            "area": "NR16 2DG",
            "lat": 52.453291,
            "lon": 1.064852,
            "reference": "INCD-626879-Z",
            "status": "planned",
            "type": "3"
          },
          {
            "area": "NR16 2AT",
            "lat": 52.472945,
            "lon": 1.073714,
            "reference": "INCD-626879-Z",
            "status": "planned",
            "type": "3"
          },
          {
            "area": "IP22 2BE",
            "lat": 52.401566,
            "lon": 1.077778,
            "reference": "INCD-626879-Z",
            "status": "planned",
            "type": "3"
          },
          {
            "area": "IP22 5XP",
            "lat": 52.394685,
            "lon": 1.078842,
            "reference": "INCD-626879-Z",
            "status": "planned",
            "type": "3"
          },
          {
            "area": "IP22 5SZ",
            "lat": 52.395185,
            "lon": 1.115351,
            "reference": "INCD-626879-Z",
            "status": "planned",
            "type": "3"
          },
          {
            "area": "IP22 2DT",
            "lat": 52.401858,
            "lon": 1.097897,
            "reference": "INCD-626879-Z",
            "status": "planned",
            "type": "3"
          },
          {
            "area": "IP22 4XW",
            "lat": 52.377816,
            "lon": 1.122577,
            "reference": "INCD-626879-Z",
            "status": "planned",
            "type": "3"
          },
          {
            "area": "IP22 4DX",
            "lat": 52.382685,
            "lon": 1.106064,
            "reference": "INCD-626879-Z",
            "status": "planned",
            "type": "3"
          },
          {
            "area": "IP22 2LR",
            "lat": 52.404247,
            "lon": 0.993739,
            "reference": "INCD-626879-Z",
            "status": "planned",
            "type": "3"
          },
          {
            "area": "IP22 5SY",
            "lat": 52.39671,
            "lon": 1.13285,
            "reference": "INCD-626879-Z",
            "status": "planned",
            "type": "3"
          },
          {
            "area": "IP22 4DZ",
            "lat": 52.382834,
            "lon": 1.105545,
            "reference": "INCD-626879-Z",
            "status": "planned",
            "type": "3"
          },
          {
            "area": "NR16 2AL",
            "lat": 52.471558,
            "lon": 1.073117,
            "reference": "INCD-626879-Z",
            "status": "planned",
            "type": "3"
          },
          {
            "area": "IP22 2EY",
            "lat": 52.454958,
            "lon": 1.07648,
            "reference": "INCD-626879-Z",
            "status": "planned",
            "type": "3"
          },
          {
            "area": "IP22 2EX",
            "lat": 52.453223,
            "lon": 1.085781,
            "reference": "INCD-626879-Z",
            "status": "planned",
            "type": "3"
          },
          {
            "area": "NR16 2SX",
            "lat": 52.453057,
            "lon": 1.03697,
            "reference": "INCD-626879-Z",
            "status": "planned",
            "type": "3"
          },
          {
            "area": "NR16 2AW",
            "lat": 52.434563,
            "lon": 0.995896,
            "reference": "INCD-626879-Z",
            "status": "planned",
            "type": "3"
          },
          {
            "area": "IP22 4DJ",
            "lat": 52.382082,
            "lon": 1.111224,
            "reference": "INCD-626879-Z",
            "status": "planned",
            "type": "3"
          },
          {
            "area": "NR16 2PQ",
            "lat": 52.452265,
            "lon": 0.984026,
            "reference": "INCD-626879-Z",
            "status": "planned",
            "type": "3"
          },
          {
            "area": "IP22 4DL",
            "lat": 52.384107,
            "lon": 1.112204,
            "reference": "INCD-626879-Z",
            "status": "planned",
            "type": "3"
          },
          {
            "area": "IP22 4XY",
            "lat": 52.397461,
            "lon": 1.092399,
            "reference": "INCD-626879-Z",
            "status": "planned",
            "type": "3"
          }
        ],
        "startedAt": null,
        "restoreAt": null,
        "restoreAtText": "22 Aug 06:30 - 07:30",
        "updatedAt": null,
        "officialUrl": "https://www.ukpowernetworks.co.uk/power-cut/map",
        "locationQuality": "postcode_aggregate",
        "rawRecordCount": 87,
        "coordinateSpreadKm": 7.408
      }
    },
    {
      "type": "Feature",
      "id": "ukpn:planned:incd-626888-z",
      "geometry": {
        "type": "Point",
        "coordinates": [
          -0.43854,
          52.11663
        ]
      },
      "properties": {
        "providerId": "ukpn",
        "provider": "UK Power Networks",
        "feedIds": [
          "live"
        ],
        "reference": "INCD-626888-Z",
        "category": "planned",
        "status": "planned",
        "type": "2",
        "area": "Published incident location",
        "areas": [
          "Published incident location"
        ],
        "postcodes": [
          "MK42 9SJ",
          "MK42 9NL",
          "MK42 9SA",
          "MK42 9SG",
          "MK42 9LU",
          "MK42 9ND",
          "MK42 9SB",
          "MK42 0EQ",
          "MK42 9NH",
          "MK42 9SE",
          "MK42 9LZ",
          "MK42 9NA",
          "MK42 9NB",
          "MK42 9LT"
        ],
        "groupedLocations": [
          {
            "area": "MK42 9SJ",
            "lat": 52.120874,
            "lon": -0.461187,
            "reference": "INCD-626888-Z",
            "status": "planned",
            "type": "2"
          },
          {
            "area": "MK42 9NL",
            "lat": 52.122153,
            "lon": -0.466212,
            "reference": "INCD-626888-Z",
            "status": "planned",
            "type": "2"
          },
          {
            "area": "MK42 9SA",
            "lat": 52.122101,
            "lon": -0.464285,
            "reference": "INCD-626888-Z",
            "status": "planned",
            "type": "2"
          },
          {
            "area": "MK42 9SG",
            "lat": 52.12195,
            "lon": -0.46581,
            "reference": "INCD-626888-Z",
            "status": "planned",
            "type": "2"
          },
          {
            "area": "MK42 9LU",
            "lat": 52.12278,
            "lon": -0.463955,
            "reference": "INCD-626888-Z",
            "status": "planned",
            "type": "2"
          },
          {
            "area": "MK42 9ND",
            "lat": 52.122746,
            "lon": -0.462028,
            "reference": "INCD-626888-Z",
            "status": "planned",
            "type": "2"
          },
          {
            "area": "MK42 9SB",
            "lat": 52.121975,
            "lon": -0.461529,
            "reference": "INCD-626888-Z",
            "status": "planned",
            "type": "2"
          },
          {
            "area": "MK42 0EQ",
            "lat": 52.122606,
            "lon": -0.460295,
            "reference": "INCD-626888-Z",
            "status": "planned",
            "type": "2"
          },
          {
            "area": "MK42 9NH",
            "lat": 52.122815,
            "lon": -0.464568,
            "reference": "INCD-626888-Z",
            "status": "planned",
            "type": "2"
          },
          {
            "area": "MK42 9SE",
            "lat": 52.121219,
            "lon": -0.463542,
            "reference": "INCD-626888-Z",
            "status": "planned",
            "type": "2"
          },
          {
            "area": "MK42 9LZ",
            "lat": 52.123324,
            "lon": -0.462213,
            "reference": "INCD-626888-Z",
            "status": "planned",
            "type": "2"
          },
          {
            "area": "MK42 9NA",
            "lat": 52.122831,
            "lon": -0.460988,
            "reference": "INCD-626888-Z",
            "status": "planned",
            "type": "2"
          },
          {
            "area": "MK42 9NB",
            "lat": 52.12315,
            "lon": -0.462657,
            "reference": "INCD-626888-Z",
            "status": "planned",
            "type": "2"
          },
          {
            "area": "MK42 9LT",
            "lat": 52.123897,
            "lon": -0.463449,
            "reference": "INCD-626888-Z",
            "status": "planned",
            "type": "2"
          }
        ],
        "startedAt": null,
        "restoreAt": null,
        "restoreAtText": "To be confirmed",
        "updatedAt": null,
        "officialUrl": "https://www.ukpowernetworks.co.uk/power-cut/map",
        "locationQuality": "postcode_aggregate",
        "rawRecordCount": 14,
        "coordinateSpreadKm": 0.218
      }
    },
    {
      "type": "Feature",
      "id": "ukpn:planned:incd-458225-g",
      "geometry": {
        "type": "Point",
        "coordinates": [
          -0.19643533333333332,
          50.968976
        ]
      },
      "properties": {
        "providerId": "ukpn",
        "provider": "UK Power Networks",
        "feedIds": [
          "live"
        ],
        "reference": "INCD-458225-G",
        "category": "planned",
        "status": "planned",
        "type": "3",
        "area": "Published incident location",
        "areas": [
          "Published incident location"
        ],
        "postcodes": [
          "RH17 5NT",
          "RH17 5NU",
          "RH17 5LZ"
        ],
        "groupedLocations": [
          {
            "area": "RH17 5NT",
            "lat": 50.967716,
            "lon": -0.195383,
            "reference": "INCD-458225-G",
            "status": "planned",
            "type": "3"
          },
          {
            "area": "RH17 5NU",
            "lat": 50.965931,
            "lon": -0.196292,
            "reference": "INCD-458225-G",
            "status": "planned",
            "type": "3"
          },
          {
            "area": "RH17 5LZ",
            "lat": 50.973281,
            "lon": -0.197631,
            "reference": "INCD-458225-G",
            "status": "planned",
            "type": "3"
          }
        ],
        "startedAt": null,
        "restoreAt": null,
        "restoreAtText": "22 Aug 10:00 - 11:00",
        "updatedAt": null,
        "officialUrl": "https://www.ukpowernetworks.co.uk/power-cut/map",
        "locationQuality": "postcode_aggregate",
        "rawRecordCount": 3,
        "coordinateSpreadKm": 0.486
      }
    },
    {
      "type": "Feature",
      "id": "ukpn:planned:incd-104990-v",
      "geometry": {
        "type": "Point",
        "coordinates": [
          0.88078,
          50.96852
        ]
      },
      "properties": {
        "providerId": "ukpn",
        "provider": "UK Power Networks",
        "feedIds": [
          "live"
        ],
        "reference": "INCD-104990-V",
        "category": "planned",
        "status": "planned",
        "type": "3",
        "area": "Published incident location",
        "areas": [
          "Published incident location"
        ],
        "postcodes": [
          "TN29 9ST",
          "TN29 9SW"
        ],
        "groupedLocations": [
          {
            "area": "TN29 9ST",
            "lat": 50.989402,
            "lon": 0.86856,
            "reference": "INCD-104990-V",
            "status": "planned",
            "type": "3"
          },
          {
            "area": "TN29 9SW",
            "lat": 50.988265,
            "lon": 0.891349,
            "reference": "INCD-104990-V",
            "status": "planned",
            "type": "3"
          }
        ],
        "startedAt": null,
        "restoreAt": null,
        "restoreAtText": "To be confirmed",
        "updatedAt": null,
        "officialUrl": "https://www.ukpowernetworks.co.uk/power-cut/map",
        "locationQuality": "postcode_aggregate",
        "rawRecordCount": 2,
        "coordinateSpreadKm": 0.8
      }
    },
    {
      "type": "Feature",
      "id": "ukpn:planned:incd-458230-g",
      "geometry": {
        "type": "Point",
        "coordinates": [
          -0.18536564285714285,
          50.963807428571435
        ]
      },
      "properties": {
        "providerId": "ukpn",
        "provider": "UK Power Networks",
        "feedIds": [
          "live"
        ],
        "reference": "INCD-458230-G",
        "category": "planned",
        "status": "planned",
        "type": "4",
        "area": "Published incident location",
        "areas": [
          "Published incident location"
        ],
        "postcodes": [
          "BN6 9LH",
          "BN6 9HL",
          "BN6 9HD",
          "BN6 9HJ",
          "RH17 5NU",
          "RH17 5LZ",
          "RH17 5NT",
          "BN6 9LL",
          "BN6 9GJ",
          "BN6 9HE",
          "BN6 9HN",
          "BN6 9HA",
          "RH17 5PA",
          "RH17 5NZ"
        ],
        "groupedLocations": [
          {
            "area": "BN6 9LH",
            "lat": 50.960764,
            "lon": -0.16881,
            "reference": "INCD-458230-G",
            "status": "planned",
            "type": "4"
          },
          {
            "area": "BN6 9HL",
            "lat": 50.960565,
            "lon": -0.179084,
            "reference": "INCD-458230-G",
            "status": "planned",
            "type": "4"
          },
          {
            "area": "BN6 9HD",
            "lat": 50.962704,
            "lon": -0.188243,
            "reference": "INCD-458230-G",
            "status": "planned",
            "type": "4"
          },
          {
            "area": "BN6 9HJ",
            "lat": 50.959322,
            "lon": -0.17264,
            "reference": "INCD-458230-G",
            "status": "planned",
            "type": "4"
          },
          {
            "area": "RH17 5NU",
            "lat": 50.965931,
            "lon": -0.196292,
            "reference": "INCD-458230-G",
            "status": "planned",
            "type": "4"
          },
          {
            "area": "RH17 5LZ",
            "lat": 50.973281,
            "lon": -0.197631,
            "reference": "INCD-458230-G",
            "status": "planned",
            "type": "4"
          },
          {
            "area": "RH17 5NT",
            "lat": 50.967716,
            "lon": -0.195383,
            "reference": "INCD-458230-G",
            "status": "planned",
            "type": "4"
          },
          {
            "area": "BN6 9LL",
            "lat": 50.95373,
            "lon": -0.17508,
            "reference": "INCD-458230-G",
            "status": "planned",
            "type": "4"
          },
          {
            "area": "BN6 9GJ",
            "lat": 50.967546,
            "lon": -0.180378,
            "reference": "INCD-458230-G",
            "status": "planned",
            "type": "4"
          },
          {
            "area": "BN6 9HE",
            "lat": 50.968361,
            "lon": -0.187097,
            "reference": "INCD-458230-G",
            "status": "planned",
            "type": "4"
          },
          {
            "area": "BN6 9HN",
            "lat": 50.95647,
            "lon": -0.188158,
            "reference": "INCD-458230-G",
            "status": "planned",
            "type": "4"
          },
          {
            "area": "BN6 9HA",
            "lat": 50.952205,
            "lon": -0.187996,
            "reference": "INCD-458230-G",
            "status": "planned",
            "type": "4"
          },
          {
            "area": "RH17 5PA",
            "lat": 50.976953,
            "lon": -0.18672,
            "reference": "INCD-458230-G",
            "status": "planned",
            "type": "4"
          },
          {
            "area": "RH17 5NZ",
            "lat": 50.967756,
            "lon": -0.191607,
            "reference": "INCD-458230-G",
            "status": "planned",
            "type": "4"
          }
        ],
        "startedAt": null,
        "restoreAt": null,
        "restoreAtText": "22 Aug 13:30 - 14:30",
        "updatedAt": null,
        "officialUrl": "https://www.ukpowernetworks.co.uk/power-cut/map",
        "locationQuality": "postcode_aggregate",
        "rawRecordCount": 14,
        "coordinateSpreadKm": 1.465
      }
    },
    {
      "type": "Feature",
      "id": "ukpn:planned:incd-626947-z",
      "geometry": {
        "type": "Point",
        "coordinates": [
          -0.16523,
          51.69161
        ]
      },
      "properties": {
        "providerId": "ukpn",
        "provider": "UK Power Networks",
        "feedIds": [
          "live"
        ],
        "reference": "INCD-626947-Z",
        "category": "planned",
        "status": "planned",
        "type": "3",
        "area": "Published incident location",
        "areas": [
          "Published incident location"
        ],
        "postcodes": [
          "EN2 6JN",
          "EN2 6JS",
          "EN2 6JT",
          "EN2 6JU",
          "EN2 6JW",
          "EN2 6NF",
          "EN2 6NH",
          "EN2 6NJ",
          "EN2 6NN",
          "EN2 6NS",
          "EN2 6NT",
          "EN2 6NX",
          "EN2 6PJ",
          "EN2 6PN",
          "EN2 6PW",
          "EN2 6SL",
          "EN2 7AJ",
          "EN2 7AN",
          "EN2 7AQ",
          "EN2 7AU",
          "EN2 7AZ",
          "EN2 7BA",
          "EN2 7BD",
          "EN2 7BE",
          "EN2 7BF",
          "EN2 7BG",
          "EN2 7BH",
          "EN2 7BQ",
          "EN2 7BS",
          "EN2 7BY",
          "EN2 7BZ",
          "EN2 7DB",
          "EN2 7DD",
          "EN2 7DE",
          "EN2 7DF",
          "EN2 7DG",
          "EN2 7DH",
          "EN2 7DL",
          "EN2 7DN",
          "EN2 7DP",
          "EN2 7DQ",
          "EN2 7DR",
          "EN2 7DS",
          "EN2 7DT",
          "EN2 7DU",
          "EN2 7DX",
          "EN2 7EA",
          "EN2 7EB",
          "EN2 7ED",
          "EN2 7EE",
          "EN2 7EF",
          "EN2 7EG",
          "EN2 7EH",
          "EN2 7EJ",
          "EN2 7EL",
          "EN2 6PP",
          "EN2 6SH",
          "EN2 6SJ",
          "EN2 7AR",
          "EN2 7AX",
          "EN2 7AY",
          "EN2 7BB",
          "EN2 7BJ",
          "EN2 7BL",
          "EN2 7BN",
          "EN2 7BP",
          "EN2 7BT",
          "EN2 7BX",
          "EN2 7DJ",
          "EN2 7DZ",
          "EN2 7EN",
          "EN2 6NG",
          "EN2 6NL",
          "EN2 7BW",
          "EN2 6FA",
          "EN2 7BU",
          "EN2 7DA",
          "EN2 6ND",
          "EN2 6SD",
          "EN2 7DW",
          "EN2 7DY",
          "EN2 7EP",
          "EN2 7EQ",
          "EN2 7ER",
          "EN2 6PR",
          "EN2 7ES",
          "EN2 7ET",
          "EN2 7EW",
          "EN2 7EX",
          "EN2 7EZ",
          "EN2 7FG",
          "EN2 7FH",
          "EN2 7FN",
          "EN2 7HA",
          "EN2 7HD",
          "EN2 7HE",
          "EN2 7HG",
          "EN2 7HH",
          "EN2 7HJ",
          "EN2 7HQ",
          "EN2 7HR",
          "EN2 7HS",
          "EN2 7HW",
          "EN2 7JG",
          "EN2 7JN",
          "EN2 7JP",
          "EN2 7JW",
          "EN2 7JX",
          "EN2 7JY",
          "EN2 7JZ",
          "EN2 7LA",
          "EN2 7LB",
          "EN2 7LD",
          "EN2 7LE",
          "EN2 7LH",
          "EN2 7LJ",
          "EN2 7LN",
          "EN2 7LP",
          "EN2 7LW",
          "EN2 7LX",
          "EN2 7LY",
          "EN2 7NA",
          "EN2 7NB",
          "EN2 7NE",
          "EN2 7NF",
          "EN2 7NP",
          "EN2 7NS",
          "EN2 7NT",
          "EN2 7NU",
          "EN2 7FJ",
          "EN2 7FP",
          "EN2 7HL",
          "EN2 7JL",
          "EN2 7JR",
          "EN2 7JT",
          "EN2 7LL",
          "EN2 7LR",
          "EN2 7LS",
          "EN2 7LT",
          "EN2 7LZ",
          "EN2 7NL",
          "EN2 7NN",
          "EN2 7NY",
          "EN2 7PA",
          "EN2 7PB",
          "EN2 7PD",
          "EN2 7NW",
          "EN2 7NX",
          "EN2 7PE",
          "EN2 7PH",
          "EN2 7PL",
          "EN2 7PQ",
          "EN2 7PR",
          "EN2 7PS",
          "EN2 7PT",
          "EN2 7PX",
          "EN2 7PY",
          "EN2 7QA",
          "EN2 7QD",
          "EN2 7QE",
          "EN2 7QF",
          "EN2 7QG",
          "EN2 7QH",
          "EN2 7QL",
          "EN2 7QQ",
          "EN2 7QT",
          "EN2 7QY",
          "EN2 7QZ",
          "EN2 7RA",
          "EN2 7RB",
          "EN2 7RD",
          "EN2 7RG",
          "EN2 7RJ",
          "EN2 7RL",
          "EN2 7RN",
          "EN2 7RX",
          "EN2 7RY",
          "EN2 8AA",
          "EN2 8AH",
          "EN2 8AL",
          "EN2 8AP",
          "EN2 8AQ",
          "EN2 8AS",
          "EN2 8AU",
          "EN2 8BA",
          "EN2 8BB",
          "EN2 8BG",
          "EN2 8BH",
          "EN2 8BJ",
          "EN2 8BL",
          "EN2 8BP",
          "EN2 8BQ",
          "EN2 8BS",
          "EN2 8BU",
          "EN2 8BW",
          "EN2 8BX",
          "EN2 8BZ",
          "EN2 8DH",
          "EN2 8DJ",
          "EN2 7PG",
          "EN2 7PJ",
          "EN2 7PP",
          "EN2 7PU",
          "EN2 7QU",
          "EN2 7RP",
          "EN2 7RQ",
          "EN2 7RR",
          "EN2 7RW",
          "EN2 8AN",
          "EN2 8AZ",
          "EN2 8BN",
          "EN2 8DB",
          "EN2 8DG",
          "EN2 8DL",
          "EN2 8DP",
          "EN2 8DR",
          "EN2 8DU",
          "EN2 8DW",
          "EN2 8DY",
          "EN2 8DZ",
          "EN2 8EA",
          "EN2 8EB",
          "EN2 8ED",
          "EN2 7EU",
          "EN2 7EY",
          "EN2 7JS",
          "EN1 2BT",
          "EN1 2BU",
          "EN1 2BX",
          "EN1 2BY",
          "EN2 7FL",
          "EN2 7JU",
          "EN2 7HB",
          "EN2 7ND",
          "EN2 7NZ",
          "EN1 2BZ",
          "EN1 2DA",
          "EN1 2EZ",
          "EN2 7HX",
          "EN1 2EU",
          "EN1 2EX",
          "EN2 8DN",
          "EN2 8DS",
          "EN2 8EF",
          "EN2 8EG",
          "EN2 8EH",
          "EN2 8EJ",
          "EN2 8EL",
          "EN2 8EN",
          "EN2 8EP",
          "EN2 8ER",
          "EN2 8ES",
          "EN2 8ET",
          "EN2 8EU",
          "EN2 8EX",
          "EN2 8EZ",
          "EN2 8FD",
          "EN2 8FJ",
          "EN2 8FL",
          "EN2 8FN",
          "EN2 8FP",
          "EN2 8FQ",
          "EN2 8FR",
          "EN2 8GE",
          "EN2 8GZ",
          "EN2 8HB",
          "EN2 8HD",
          "EN2 8HF",
          "EN2 8HG",
          "EN2 8HJ",
          "EN2 8HN",
          "EN2 8HP",
          "EN2 8HR",
          "EN2 8HS",
          "EN2 8HT",
          "EN2 8HU",
          "EN2 8HW",
          "EN2 8HX",
          "EN2 8HY",
          "EN2 8HZ",
          "EN2 8JD",
          "EN2 8JE",
          "EN2 8JH",
          "EN2 8JP",
          "EN2 8JQ",
          "EN1 2HQ",
          "EN1 3AS",
          "EN1 3AT",
          "EN1 3AU",
          "EN1 3AY",
          "EN1 3BA",
          "EN1 3BB",
          "EN1 3BE",
          "EN1 3BG",
          "EN1 3BP",
          "EN1 3BT",
          "EN1 3BU",
          "EN1 3DF",
          "EN1 3DH",
          "EN1 3DJ",
          "EN1 3DX",
          "EN1 3EH",
          "EN1 3ET",
          "EN1 3EZ",
          "EN1 3FQ",
          "EN1 3HA",
          "EN1 3HE",
          "EN1 3HF",
          "EN1 3HH",
          "EN1 3HJ",
          "EN1 3HN",
          "EN1 3HP",
          "EN1 3HQ",
          "EN1 3HR",
          "EN1 3HS",
          "EN1 3HT",
          "EN1 3HU",
          "EN1 3HW",
          "EN1 3HZ",
          "EN1 3JA",
          "EN1 3JB",
          "EN1 3JE",
          "EN1 3JG",
          "EN1 3JH",
          "EN1 3JJ",
          "EN1 3JL",
          "EN1 3JQ",
          "EN1 3JS",
          "EN1 3JT",
          "EN1 3JY",
          "EN1 3JZ",
          "EN1 3LD",
          "EN1 3LE",
          "EN1 3LF",
          "EN1 3LH",
          "EN1 3LN",
          "EN1 3LP",
          "EN1 3LS",
          "EN1 3LU",
          "EN1 3LW",
          "EN1 3LX",
          "EN1 3LY",
          "EN1 3LZ",
          "EN1 3NA",
          "EN1 3NB",
          "EN1 3NH",
          "EN1 3NJ",
          "EN1 3NQ",
          "EN1 3NR",
          "EN1 3NT",
          "EN1 3NU",
          "EN1 3NW",
          "EN1 3NX",
          "EN1 3QU",
          "EN1 3QX",
          "EN1 3QY",
          "EN1 3QZ",
          "EN1 3RA",
          "EN1 3RB",
          "EN1 3RD",
          "EN1 3RE",
          "EN1 3RG",
          "EN1 3RH",
          "EN1 3TX",
          "EN1 3TY",
          "EN1 3UF",
          "EN1 3UG",
          "EN1 3UH",
          "EN1 3UJ",
          "EN1 3UN",
          "EN1 3UQ",
          "EN1 3UR",
          "EN1 3UT",
          "EN1 3UU",
          "EN1 3UW",
          "EN1 3UX",
          "EN1 3UY",
          "EN1 3UZ",
          "EN1 4AA",
          "EN1 4AB",
          "EN1 4AD",
          "EN1 4AG",
          "EN1 4AJ",
          "EN1 4AL",
          "EN1 4AQ",
          "EN1 4TJ",
          "EN1 4TN",
          "EN1 4TW",
          "EN1 4TY",
          "EN1 4TZ",
          "EN2 0AA",
          "EN2 0AE",
          "EN2 0AH",
          "EN2 0AJ",
          "EN2 0AN",
          "EN2 0AQ",
          "EN2 0AR",
          "EN2 0AW",
          "EN2 0AY",
          "EN2 0AZ",
          "EN2 0BA",
          "EN2 0BD",
          "EN2 0BG",
          "EN2 0BJ",
          "EN2 0BL",
          "EN2 0BN",
          "EN2 0BQ",
          "EN2 0BS",
          "EN2 0BU",
          "EN2 0BW",
          "EN2 0BX",
          "EN2 0DA",
          "EN2 0DB",
          "EN2 0DE",
          "EN2 0DF",
          "EN2 0DH",
          "EN2 0DP",
          "EN2 0DS",
          "EN2 0DU",
          "EN2 0DX",
          "EN2 0DY",
          "EN2 0DZ",
          "EN2 0EA",
          "EN2 0EE",
          "EN2 0EG",
          "EN2 0EH",
          "EN2 0EJ",
          "EN2 0ES",
          "EN2 0ET",
          "EN2 0EW",
          "EN2 0EX",
          "EN2 0EZ",
          "EN2 0HA",
          "EN2 0HB",
          "EN2 0HE",
          "EN2 0HH",
          "EN2 0HJ",
          "EN2 0HL",
          "EN2 0HP",
          "EN2 0HR",
          "EN2 0JA",
          "EN2 0JG",
          "EN2 0JH",
          "EN2 0JJ",
          "EN2 0JN",
          "EN2 0JP",
          "EN2 0JR",
          "EN2 0JS",
          "EN2 0JU",
          "EN2 7QB",
          "EN2 7QJ",
          "EN2 7QX",
          "EN2 7RE",
          "EN2 7RH",
          "EN2 7RS",
          "EN2 8AF",
          "EN2 0JW",
          "EN2 0JX",
          "EN2 0JZ",
          "EN2 0LA",
          "EN2 0LB",
          "EN2 0LE",
          "EN2 0LJ",
          "EN2 0LL",
          "EN2 0LN",
          "EN2 0LQ",
          "EN2 0LS",
          "EN2 0LU",
          "EN2 0NH",
          "EN2 0NJ",
          "EN2 0NN",
          "EN2 0NP",
          "EN2 0NS",
          "EN2 0NX",
          "EN2 0NZ",
          "EN2 0PA",
          "EN2 0PB",
          "EN2 0PD",
          "EN2 0PE",
          "EN2 0PF",
          "EN2 0PG",
          "EN2 0PJ",
          "EN2 0PL",
          "EN2 0PN",
          "EN2 0PP",
          "EN2 0PQ",
          "EN2 0PR",
          "EN2 0PT",
          "EN2 0PU",
          "EN2 0PW",
          "EN2 0PX",
          "EN2 0PY",
          "EN6 4DL",
          "N21 0XX",
          "N21 1AA",
          "N21 1AB",
          "N21 1AD",
          "EN1 2DB",
          "EN1 2HB",
          "EN1 2JU",
          "EN1 3AP",
          "EN1 3AR",
          "EN1 3BL",
          "EN1 3BQ",
          "EN1 3BS",
          "EN1 3BX",
          "EN1 3BY",
          "EN1 3DE",
          "EN1 3HX",
          "EN1 3HY",
          "EN1 3JD",
          "EN1 3JF",
          "N21 1AF",
          "N21 1AG",
          "N21 1AH",
          "N21 1AJ",
          "N21 1AL",
          "N21 1AN",
          "N21 1AP",
          "N21 1AR",
          "N21 1AS",
          "N21 1AT",
          "N21 1AU",
          "N21 1AZ",
          "N21 1BD",
          "N21 1BE",
          "N21 1BG",
          "N21 1BH",
          "N21 1BJ",
          "N21 1BL",
          "N21 1BN",
          "N21 1BP",
          "N21 1BS",
          "N21 1BU",
          "N21 1DA",
          "N21 1DB",
          "N21 1DD",
          "N21 1DE",
          "N21 1DH",
          "N21 1DJ",
          "N21 1DL",
          "N21 1DS",
          "N21 1DU",
          "N21 1DY",
          "N21 1EJ",
          "N21 1EL",
          "N21 1EN",
          "N21 1EP",
          "N21 1EQ",
          "N21 1ES",
          "N21 1ET",
          "N21 1EU",
          "N21 1GR",
          "N21 1HJ",
          "N21 1LL",
          "N21 1LP",
          "N21 1LR",
          "N21 1LT",
          "N21 1LU",
          "N21 1LX",
          "N21 1LY",
          "N21 1NB",
          "N21 1NJ",
          "N21 1NN",
          "N21 1NS",
          "N21 1NX",
          "N21 1PA",
          "N21 1PB",
          "N21 1PD",
          "N21 1PG",
          "N21 1PP",
          "N21 1PQ",
          "EN1 3LA",
          "EN1 3LJ",
          "EN1 3LQ",
          "EN1 3LR",
          "EN1 3QT",
          "EN1 3RF",
          "EN1 3UP",
          "EN2 8EE",
          "EN2 8EQ",
          "EN2 8EY",
          "EN2 8FE",
          "EN2 8FF",
          "EN2 8FG",
          "EN2 8FH",
          "EN2 8FS",
          "EN2 8FT",
          "EN2 8JJ",
          "EN2 8JN",
          "EN2 8JS",
          "EN2 8JT",
          "EN2 8JU",
          "EN2 8JX",
          "EN2 8JY",
          "EN2 8LA",
          "EN2 8LB",
          "EN2 8LD",
          "EN2 8LF",
          "EN2 8LG",
          "EN2 8LH",
          "EN2 8LJ",
          "EN2 8LL",
          "EN2 8LN",
          "EN1 2HA",
          "EN1 3BD",
          "EN1 3DQ",
          "EN1 3FR",
          "EN1 3HG",
          "EN1 3JR",
          "EN1 2HD",
          "EN1 3AX",
          "EN1 3DG",
          "EN1 3EU",
          "EN1 3EY",
          "EN1 3HL",
          "EN1 3BZ",
          "EN1 3JP",
          "EN1 2DD",
          "EN1 2EY",
          "EN1 3EJ",
          "EN1 3QS",
          "EN1 4AF",
          "EN2 8AT",
          "EN2 8BT",
          "EN1 3TU",
          "EN1 3UL",
          "N21 1PS",
          "N21 1RA",
          "N21 1RD",
          "N21 1RE",
          "N21 1RF",
          "N21 1RG",
          "N21 1RH",
          "N21 1RJ",
          "N21 1RL",
          "N21 1RN",
          "N21 1RS",
          "N21 1RT",
          "N21 1RZ",
          "N21 1SB",
          "N21 1SF",
          "N21 1SG",
          "N21 1SH",
          "N21 1SJ",
          "N21 1SL",
          "N21 1SN",
          "N21 1SP",
          "N21 1SQ",
          "N21 1ST",
          "N21 1SU",
          "N21 1SW",
          "N21 1SY",
          "N21 1SZ",
          "N21 1TD",
          "N21 1TE",
          "N21 1TH",
          "N21 1TL",
          "N21 1TN",
          "N21 1TP",
          "N21 1TQ",
          "N21 1TR",
          "N21 1TT",
          "N21 1TU",
          "N21 1TW",
          "N21 1TY",
          "N21 1UD",
          "N21 1UF",
          "N21 1UG",
          "N21 1UH",
          "N21 1UL",
          "N21 2AG",
          "N21 2AH",
          "N21 2AJ",
          "N21 2AL",
          "N21 2AN",
          "N21 2AP",
          "N21 2AR",
          "N21 2AT",
          "N21 2AU",
          "N21 2AX",
          "N21 2BA",
          "N21 2BB",
          "N21 2BD",
          "EN2 8BY",
          "EN2 8DX",
          "EN2 8GJ",
          "EN2 8JB",
          "EN2 8JL",
          "EN2 8JR",
          "EN2 8JZ",
          "EN1 4AE",
          "EN2 8JF",
          "EN2 8JG",
          "EN2 8LE",
          "EN2 8LP",
          "EN1 4TX",
          "EN2 8AE",
          "EN2 8AR",
          "EN2 0AB",
          "EN2 0AD",
          "EN2 0BE",
          "EN2 0BH",
          "EN2 0DG",
          "EN2 0DJ",
          "EN2 0DL",
          "EN2 0EB",
          "EN2 0EL",
          "EN2 0EN",
          "EN2 0ER",
          "EN2 0EU",
          "EN2 0HG",
          "EN1 4AH",
          "EN1 4AN",
          "EN2 8LQ",
          "EN2 8LR",
          "EN2 8LS",
          "EN2 8LT",
          "EN2 8LU",
          "EN2 8LX",
          "EN2 8LY",
          "EN1 2DT",
          "EN1 2HR",
          "EN2 8AX",
          "EN2 8EW",
          "EN2 8AW",
          "EN2 0HN",
          "EN2 0HT",
          "EN2 0JD",
          "EN2 0JE",
          "EN2 0JY",
          "EN2 0LP",
          "EN2 0LT",
          "EN2 0ND",
          "EN2 0NF",
          "EN2 0NQ",
          "EN2 0NU",
          "EN2 0NW",
          "EN2 0NY",
          "EN2 8JA",
          "EN1 4TL",
          "EN2 0AL",
          "EN2 0AX",
          "EN2 0ED",
          "EN2 0DW",
          "EN2 0HQ",
          "N21 1AE",
          "N21 1AY",
          "N21 1DF",
          "N21 1DG",
          "N21 1DN",
          "N21 1DP",
          "N21 1DR",
          "N21 1DX",
          "N21 1EB",
          "N21 1EH",
          "N21 1ER",
          "N21 1EX",
          "N21 1EY",
          "N21 1HA",
          "N21 1HD",
          "N21 1HE",
          "N21 1HG",
          "N21 1LH",
          "N21 1LZ",
          "N21 1NG",
          "N21 1NT",
          "N21 1NY",
          "N21 1PE",
          "EN1 4UG",
          "EN2 0DN",
          "EN2 0HD",
          "EN2 0HS",
          "EN2 0LG",
          "EN2 0NL",
          "EN2 0PZ",
          "EN2 0QA",
          "EN2 0QB",
          "EN2 0QE",
          "EN2 0QF",
          "N21 2BE",
          "N21 2BG",
          "N21 2BN",
          "N21 2BP",
          "N21 2BS",
          "N21 2BT",
          "N21 2DD",
          "N21 2DE",
          "N21 2DH",
          "N21 2DJ",
          "N21 2DL",
          "N21 2DN",
          "N21 2DP",
          "N21 2DR",
          "N21 2DS",
          "N21 2EA",
          "N21 2EB",
          "N21 2ED",
          "N21 2EE",
          "N21 2EG",
          "N21 2EH",
          "N21 2EL",
          "N21 2EP",
          "N21 2ER",
          "N21 2ES",
          "N21 2ET",
          "N21 2EU",
          "N21 2EW",
          "N21 2EX",
          "N21 2HB",
          "N21 2HD",
          "N21 2HE",
          "N21 2HJ",
          "N21 2HY",
          "N21 2JA",
          "N21 2JB",
          "N21 2JD",
          "N21 2JG",
          "N21 2JL",
          "N21 2JN",
          "N21 2JR",
          "N21 2JS",
          "N21 2LB",
          "N21 2LD",
          "N21 2LH",
          "N21 2LJ",
          "N21 2LL",
          "N21 2LP",
          "N21 2LR",
          "N21 2LS",
          "N21 2LT",
          "N21 2LU",
          "N21 2LY",
          "N21 2NE",
          "N21 2NG",
          "N21 2NH",
          "N21 2NP",
          "N21 2NR",
          "N21 2NU",
          "N21 2NX",
          "N21 2PA",
          "N21 2QE",
          "N21 2RJ",
          "N21 2TE",
          "EN2 0JT",
          "EN2 0LR",
          "EN6 4DJ",
          "EN2 0NG",
          "EN2 0PS",
          "N21 1AX",
          "N21 1HL",
          "N21 1HU",
          "N21 1NE",
          "N21 1NL",
          "N21 1NP",
          "N21 1NU",
          "N21 1PH",
          "N21 1PJ",
          "N21 2TF",
          "N21 2TH",
          "N21 2TJ",
          "N21 3EE",
          "N21 3EG",
          "N21 3EH",
          "N21 3EJ",
          "N21 3EN",
          "N9 9FB",
          "N9 9HS",
          "N9 9HT",
          "N9 9HU",
          "N9 9HX",
          "N9 9HY",
          "N9 9JD",
          "N9 9JP",
          "N9 9JU",
          "N9 9JW",
          "N9 9JY",
          "N9 9JZ",
          "N9 9LA",
          "N9 9SH",
          "N9 9XJ",
          "N9 9XL",
          "EN4 0AP",
          "EN4 0AR",
          "EN4 0AU",
          "EN4 0AX",
          "EN4 0AY",
          "EN4 0BA",
          "EN4 0BB",
          "EN4 0BD",
          "EN4 0BJ",
          "EN4 0BQ",
          "EN4 0BS",
          "EN4 0PS",
          "EN4 0QA",
          "EN2 8LW",
          "EN2 8NA",
          "EN2 8ND",
          "EN2 8NE",
          "EN2 8NJ",
          "EN2 8NN",
          "N21 1EG",
          "N21 1HB",
          "N21 1HH",
          "N21 1PR",
          "N21 1DT",
          "N21 1EA",
          "N21 1AW",
          "N21 1BA",
          "N21 1RR",
          "N21 1SR",
          "N21 1SS",
          "N21 1TF",
          "N21 1TS",
          "N21 1TX",
          "N21 1UA",
          "N21 2AD",
          "N21 2AE",
          "N14 4BA",
          "N14 4BH",
          "N14 4DS",
          "N14 4DT",
          "N14 4ET",
          "N14 4EU",
          "N14 4EX",
          "N14 4EY",
          "N21 1SX",
          "N21 1TB",
          "N21 1TJ",
          "N21 1TZ",
          "N21 1UE",
          "N21 1UJ",
          "N14 4AS",
          "N14 4BS",
          "N14 4EE",
          "N14 4EW",
          "N21 1UB",
          "N14 4FU",
          "N14 4HA",
          "N14 4HB",
          "N14 4HT",
          "N14 4HS",
          "N14 4HU",
          "N14 4HY",
          "N14 4JF",
          "N14 4JH",
          "N14 4JJ",
          "N14 4JL",
          "N14 4JN",
          "N14 4JP",
          "N14 4JR",
          "N14 4JS",
          "N14 4JX",
          "N14 4JY",
          "N14 4LA",
          "N14 4LD",
          "N14 4LE",
          "N14 4LF",
          "N14 4LH",
          "N14 4LJ",
          "N14 4LL",
          "N14 4LN",
          "N14 4LP",
          "N14 4LQ",
          "N14 4LU",
          "N14 4LX",
          "N14 4LY",
          "N14 4NA",
          "N14 4NB",
          "N14 4QX",
          "N14 4QY",
          "N14 4RH",
          "N14 4RJ",
          "N14 4RR",
          "N14 4RS",
          "N14 4RT",
          "N14 4RU",
          "N14 4RX",
          "N14 4SD",
          "N14 4SE",
          "N14 4SJ",
          "N14 4SL",
          "N14 4SN",
          "N14 4SP",
          "N14 4SR",
          "N14 4SS",
          "N14 4ST",
          "N14 4SX",
          "N14 4TA",
          "N14 4TB",
          "N14 4TD",
          "N14 4TE",
          "N21 2AS",
          "N21 2DB",
          "N21 2HA",
          "N21 2HG",
          "N21 2JE",
          "N21 2JP",
          "N21 2LA",
          "N21 2LN",
          "N21 2LX",
          "N14 4HX",
          "N14 4JT",
          "N14 4JU",
          "N14 4LG",
          "N14 4ND",
          "N14 4RN",
          "N14 4RP",
          "N14 4RY",
          "N14 4SG",
          "N14 4SY",
          "EN1 4UW",
          "N14 4TL",
          "N14 4TP",
          "N14 4TR",
          "N14 4TS",
          "N14 4TT",
          "N14 4TU",
          "N14 4TX",
          "N14 4TY",
          "N14 4UB",
          "N14 4UG",
          "N14 4UH",
          "N14 4UJ",
          "N14 4UT",
          "N14 4UW",
          "N14 4XA",
          "N14 4XB",
          "N14 4XD",
          "N14 4XG",
          "N14 4XH",
          "N14 4XJ",
          "N14 4XL",
          "N14 4XP",
          "N14 4XR",
          "N14 5PY",
          "N14 6AE",
          "N14 6BE",
          "N14 6BG",
          "N14 6FA",
          "N14 6HB",
          "N14 6HE",
          "N14 6HH",
          "N14 6HJ",
          "N14 6HN",
          "N14 6HT",
          "N14 6HX",
          "N14 6HY",
          "N14 6HZ",
          "N14 6JE",
          "N14 6JF",
          "N14 6JG",
          "N14 6JJ",
          "N14 6QB",
          "N14 6QG",
          "N14 6QH",
          "N14 6QL",
          "N21 2NN",
          "N21 2NS",
          "N21 2QJ",
          "N21 2RH",
          "N21 2RL",
          "N21 2RN",
          "N21 2RP",
          "N21 2TB",
          "N21 2TG",
          "N21 2TL",
          "N21 3ED",
          "N21 3EP",
          "N21 3ES",
          "N9 9JS",
          "N9 9JX",
          "EN4 0BH",
          "EN4 0BL",
          "EN2 8LZ",
          "EN2 8NB",
          "EN2 8NR",
          "N21 2BU",
          "N21 2DG",
          "N21 2EJ",
          "N21 2EY",
          "N21 2JH",
          "N21 2JJ",
          "N21 2NJ",
          "N21 2NL",
          "N21 2NT",
          "N14 4TN",
          "N14 4UA",
          "N14 4UE",
          "N14 4XN",
          "N14 6HG",
          "N14 6HU",
          "N14 6HW",
          "N14 6QE",
          "N21 3ER",
          "EN4 0AT",
          "EN4 0BW",
          "EN4 0PX",
          "N14 4SH",
          "N21 3EB",
          "N21 3EL",
          "N9 9JR",
          "EN4 0BG",
          "EN2 8NF",
          "EN2 8NH",
          "EN2 8NP",
          "EN2 8NS",
          "N14 4LB",
          "N14 4PL",
          "N14 4RD",
          "N14 4UY",
          "N14 4UZ",
          "N14 4XS",
          "N14 6AJ",
          "N21 2DT",
          "N21 2PB",
          "N14 4UX",
          "N14 6QJ",
          "EN2 8NU",
          "EN2 8NW",
          "EN2 8NX",
          "EN2 8NY",
          "EN2 8NZ",
          "EN2 8PB",
          "EN2 8PE",
          "EN2 8PF",
          "EN2 8PJ",
          "EN2 8PN",
          "EN2 8PQ",
          "EN2 8PS",
          "EN2 8PT",
          "EN2 8PX",
          "EN2 8PY",
          "EN2 8QA",
          "EN2 8QD",
          "EN2 8QH",
          "EN2 8QJ",
          "EN2 8QL",
          "EN2 8QN",
          "EN2 8QQ",
          "EN2 8QR",
          "EN2 8QS",
          "EN2 8QU",
          "EN2 8RH",
          "EN2 8RJ",
          "EN2 8RL",
          "EN2 8RN",
          "EN2 8RT",
          "EN2 8RU",
          "EN2 8RW",
          "EN2 8RX",
          "EN2 8RY",
          "EN2 8SF",
          "EN2 9AA",
          "EN2 9AD",
          "EN2 9AE",
          "EN2 9AF",
          "EN2 9AG",
          "EN2 9AN",
          "EN2 9AQ",
          "EN2 9AR",
          "EN2 9AT",
          "EN2 9BD",
          "EN2 9BT",
          "EN2 9BU",
          "EN2 9BZ",
          "EN2 9DA",
          "EN2 9DB",
          "EN2 9DF",
          "EN2 9DL",
          "EN2 9DP",
          "EN2 9DS",
          "EN2 9DW",
          "EN2 9DY",
          "EN2 9EH",
          "EN2 9EJ",
          "EN2 9EQ",
          "EN2 9EU",
          "EN2 9HT",
          "EN2 9JD",
          "EN2 9JE",
          "EN2 9JF",
          "EN2 9JH",
          "EN2 9JJ",
          "EN2 9JT",
          "EN2 0JB",
          "EN2 8PD",
          "EN2 8PG",
          "EN2 8PH",
          "EN2 8PL",
          "EN2 8QB",
          "EN2 8QE",
          "EN2 8QG",
          "EN2 8QW",
          "EN2 8RP",
          "EN2 8RS",
          "EN2 8SD",
          "EN2 9AB",
          "EN2 9AL",
          "EN2 9AW",
          "EN2 9AX",
          "EN2 9BB",
          "EN2 9BJ",
          "EN2 9BN",
          "EN2 9BW",
          "EN2 9BY",
          "EN2 9DD",
          "EN2 9DE",
          "EN2 9DH",
          "EN2 9DX",
          "EN2 9DZ",
          "EN2 9HS",
          "EN2 9HW",
          "EN2 9JQ",
          "EN2 9JX",
          "EN6 4QX",
          "EN6 4QZ",
          "EN6 5QS",
          "EN6 5QT",
          "N14 4NG",
          "N14 4JG",
          "EN2 8PR",
          "EN2 9BH",
          "EN2 9BS",
          "EN2 9DG",
          "EN2 9DJ",
          "EN2 9EE",
          "EN2 9EG",
          "EN2 9HA",
          "EN2 9HJ",
          "EN2 9JA",
          "EN2 9JP",
          "EN2 8PP",
          "EN2 8QT",
          "EN2 9BQ",
          "EN2 9BX",
          "EN2 9EX",
          "N21 3DS",
          "N21 3DY",
          "EN2 8NG",
          "EN2 8PZ",
          "EN6 4RD",
          "EN2 0QD",
          "EN2 0QG",
          "EN2 0QJ",
          "EN2 0QN",
          "EN2 0QP",
          "EN2 0QQ",
          "EN2 0QR",
          "EN2 0QS",
          "EN2 0QT",
          "EN2 0QU",
          "EN2 0QX",
          "EN2 0QZ",
          "EN2 0RA",
          "EN2 0RD",
          "EN2 0RE",
          "EN2 0RF",
          "EN2 0RG",
          "EN2 0RJ",
          "EN2 0RL",
          "EN2 0RP",
          "EN2 0RQ",
          "EN2 0RS",
          "EN2 0RT",
          "EN2 0RX",
          "EN2 0SR",
          "EN2 9BE",
          "EN2 9BL",
          "EN2 9JU",
          "N14 6HR",
          "N14 6QA",
          "EN2 9HH",
          "EN2 9JL",
          "EN2 0RB",
          "EN2 0RH",
          "EN2 0RU",
          "EN2 0ST",
          "EN2 0SU",
          "EN2 0SY",
          "EN2 0SZ",
          "EN2 0TF",
          "EN2 0TG",
          "EN2 0TH",
          "EN2 0TJ",
          "EN2 0TL",
          "EN2 0TP",
          "EN2 0TQ",
          "EN2 0TR",
          "EN2 0TS",
          "EN2 0TX",
          "EN2 0TZ",
          "EN6 5QU",
          "N14 5DJ",
          "N14 6PX",
          "EN2 0TT",
          "EN2 0UD",
          "EN2 0TN",
          "EN2 0TU",
          "EN2 0TY",
          "EN2 9DN",
          "EN2 9HN",
          "EN2 9JN",
          "EN2 9DR",
          "EN2 9JB",
          "N14 6BD",
          "N14 4EA",
          "EN2 0SP",
          "EN2 0SX",
          "N14 4AB",
          "N14 4NJ",
          "N14 6QD",
          "EN2 6AZ",
          "EN2 9DU",
          "N14 4UQ"
        ],
        "groupedLocations": [
          {
            "area": "EN2 6JN",
            "lat": 51.65812,
            "lon": -0.084595,
            "reference": "INCD-626947-Z",
            "status": "planned",
            "type": "3"
          },
          {
            "area": "EN2 6JS",
            "lat": 51.657746,
            "lon": -0.087026,
            "reference": "INCD-626947-Z",
            "status": "planned",
            "type": "3"
          },
          {
            "area": "EN2 6JT",
            "lat": 51.658831,
            "lon": -0.086821,
            "reference": "INCD-626947-Z",
            "status": "planned",
            "type": "3"
          },
          {
            "area": "EN2 6JU",
            "lat": 51.658439,
            "lon": -0.085984,
            "reference": "INCD-626947-Z",
            "status": "planned",
            "type": "3"
          },
          {
            "area": "EN2 6JW",
            "lat": 51.657471,
            "lon": -0.085591,
            "reference": "INCD-626947-Z",
            "status": "planned",
            "type": "3"
          },
          {
            "area": "EN2 6NF",
            "lat": 51.656705,
            "lon": -0.088298,
            "reference": "INCD-626947-Z",
            "status": "planned",
            "type": "3"
          },
          {
            "area": "EN2 6NH",
            "lat": 51.657698,
            "lon": -0.089081,
            "reference": "INCD-626947-Z",
            "status": "planned",
            "type": "3"
          },
          {
            "area": "EN2 6NJ",
            "lat": 51.658655,
            "lon": -0.088216,
            "reference": "INCD-626947-Z",
            "status": "planned",
            "type": "3"
          },
          {
            "area": "EN2 6NN",
            "lat": 51.659157,
            "lon": -0.087544,
            "reference": "INCD-626947-Z",
            "status": "planned",
            "type": "3"
          },
          {
            "area": "EN2 6NS",
            "lat": 51.658912,
            "lon": -0.089622,
            "reference": "INCD-626947-Z",
            "status": "planned",
            "type": "3"
          },
          {
            "area": "EN2 6NT",
            "lat": 51.6595,
            "lon": -0.089858,
            "reference": "INCD-626947-Z",
            "status": "planned",
            "type": "3"
          },
          {
            "area": "EN2 6NX",
            "lat": 51.659129,
            "lon": -0.088008,
            "reference": "INCD-626947-Z",
            "status": "planned",
            "type": "3"
          },
          {
            "area": "EN2 6PJ",
            "lat": 51.651993,
            "lon": -0.089913,
            "reference": "INCD-626947-Z",
            "status": "planned",
            "type": "3"
          },
          {
            "area": "EN2 6PN",
            "lat": 51.649622,
            "lon": -0.091762,
            "reference": "INCD-626947-Z",
            "status": "planned",
            "type": "3"
          },
          {
            "area": "EN2 6PW",
            "lat": 51.648097,
            "lon": -0.093112,
            "reference": "INCD-626947-Z",
            "status": "planned",
            "type": "3"
          },
          {
            "area": "EN2 6SL",
            "lat": 51.657204,
            "lon": -0.089651,
            "reference": "INCD-626947-Z",
            "status": "planned",
            "type": "3"
          },
          {
            "area": "EN2 7AJ",
            "lat": 51.653978,
            "lon": -0.096451,
            "reference": "INCD-626947-Z",
            "status": "planned",
            "type": "3"
          },
          {
            "area": "EN2 7AN",
            "lat": 51.653579,
            "lon": -0.096771,
            "reference": "INCD-626947-Z",
            "status": "planned",
            "type": "3"
          },
          {
            "area": "EN2 7AQ",
            "lat": 51.651487,
            "lon": -0.094734,
            "reference": "INCD-626947-Z",
            "status": "planned",
            "type": "3"
          },
          {
            "area": "EN2 7AU",
            "lat": 51.653467,
            "lon": -0.093191,
            "reference": "INCD-626947-Z",
            "status": "planned",
            "type": "3"
          },
          {
            "area": "EN2 7AZ",
            "lat": 51.653619,
            "lon": -0.097608,
            "reference": "INCD-626947-Z",
            "status": "planned",
            "type": "3"
          },
          {
            "area": "EN2 7BA",
            "lat": 51.652661,
            "lon": -0.096737,
            "reference": "INCD-626947-Z",
            "status": "planned",
            "type": "3"
          },
          {
            "area": "EN2 7BD",
            "lat": 51.653112,
            "lon": -0.098453,
            "reference": "INCD-626947-Z",
            "status": "planned",
            "type": "3"
          },
          {
            "area": "EN2 7BE",
            "lat": 51.652437,
            "lon": -0.097354,
            "reference": "INCD-626947-Z",
            "status": "planned",
            "type": "3"
          },
          {
            "area": "EN2 7BF",
            "lat": 51.651228,
            "lon": -0.094311,
            "reference": "INCD-626947-Z",
            "status": "planned",
            "type": "3"
          },
          {
            "area": "EN2 7BG",
            "lat": 51.653566,
            "lon": -0.097061,
            "reference": "INCD-626947-Z",
            "status": "planned",
            "type": "3"
          },
          {
            "area": "EN2 7BH",
            "lat": 51.652398,
            "lon": -0.096589,
            "reference": "INCD-626947-Z",
            "status": "planned",
            "type": "3"
          },
          {
            "area": "EN2 7BQ",
            "lat": 51.652926,
            "lon": -0.096452,
            "reference": "INCD-626947-Z",
            "status": "planned",
            "type": "3"
          },
          {
            "area": "EN2 7BS",
            "lat": 51.653324,
            "lon": -0.094888,
            "reference": "INCD-626947-Z",
            "status": "planned",
            "type": "3"
          },
          {
            "area": "EN2 7BY",
            "lat": 51.650847,
            "lon": -0.096857,
            "reference": "INCD-626947-Z",
            "status": "planned",
            "type": "3"
          },
          {
            "area": "EN2 7BZ",
            "lat": 51.649699,
            "lon": -0.09543,
            "reference": "INCD-626947-Z",
            "status": "planned",
            "type": "3"
          },
          {
            "area": "EN2 7DB",
            "lat": 51.650035,
            "lon": -0.096746,
            "reference": "INCD-626947-Z",
            "status": "planned",
            "type": "3"
          },
          {
            "area": "EN2 7DD",
            "lat": 51.649846,
            "lon": -0.09726,
            "reference": "INCD-626947-Z",
            "status": "planned",
            "type": "3"
          },
          {
            "area": "EN2 7DE",
            "lat": 51.655937,
            "lon": -0.101328,
            "reference": "INCD-626947-Z",
            "status": "planned",
            "type": "3"
          },
          {
            "area": "EN2 7DF",
            "lat": 51.652068,
            "lon": -0.095085,
            "reference": "INCD-626947-Z",
            "status": "planned",
            "type": "3"
          },
          {
            "area": "EN2 7DG",
            "lat": 51.653484,
            "lon": -0.095359,
            "reference": "INCD-626947-Z",
            "status": "planned",
            "type": "3"
          },
          {
            "area": "EN2 7DH",
            "lat": 51.654171,
            "lon": -0.099436,
            "reference": "INCD-626947-Z",
            "status": "planned",
            "type": "3"
          },
          {
            "area": "EN2 7DL",
            "lat": 51.655275,
            "lon": -0.100416,
            "reference": "INCD-626947-Z",
            "status": "planned",
            "type": "3"
          },
          {
            "area": "EN2 7DN",
            "lat": 51.655513,
            "lon": -0.104049,
            "reference": "INCD-626947-Z",
            "status": "planned",
            "type": "3"
          },
          {
            "area": "EN2 7DP",
            "lat": 51.656391,
            "lon": -0.105502,
            "reference": "INCD-626947-Z",
            "status": "planned",
            "type": "3"
          },
          {
            "area": "EN2 7DQ",
            "lat": 51.655499,
            "lon": -0.102633,
            "reference": "INCD-626947-Z",
            "status": "planned",
            "type": "3"
          },
          {
            "area": "EN2 7DR",
            "lat": 51.656389,
            "lon": -0.105921,
            "reference": "INCD-626947-Z",
            "status": "planned",
            "type": "3"
          },
          {
            "area": "EN2 7DS",
            "lat": 51.657119,
            "lon": -0.106585,
            "reference": "INCD-626947-Z",
            "status": "planned",
            "type": "3"
          },
          {
            "area": "EN2 7DT",
            "lat": 51.653083,
            "lon": -0.097775,
            "reference": "INCD-626947-Z",
            "status": "planned",
            "type": "3"
          },
          {
            "area": "EN2 7DU",
            "lat": 51.656049,
            "lon": -0.10715,
            "reference": "INCD-626947-Z",
            "status": "planned",
            "type": "3"
          },
          {
            "area": "EN2 7DX",
            "lat": 51.655439,
            "lon": -0.106134,
            "reference": "INCD-626947-Z",
            "status": "planned",
            "type": "3"
          },
          {
            "area": "EN2 7EA",
            "lat": 51.654829,
            "lon": -0.106767,
            "reference": "INCD-626947-Z",
            "status": "planned",
            "type": "3"
          },
          {
            "area": "EN2 7EB",
            "lat": 51.654564,
            "lon": -0.105954,
            "reference": "INCD-626947-Z",
            "status": "planned",
            "type": "3"
          },
          {
            "area": "EN2 7ED",
            "lat": 51.654202,
            "lon": -0.104697,
            "reference": "INCD-626947-Z",
            "status": "planned",
            "type": "3"
          },
          {
            "area": "EN2 7EE",
            "lat": 51.65511,
            "lon": -0.103025,
            "reference": "INCD-626947-Z",
            "status": "planned",
            "type": "3"
          },
          {
            "area": "EN2 7EF",
            "lat": 51.654371,
            "lon": -0.103461,
            "reference": "INCD-626947-Z",
            "status": "planned",
            "type": "3"
          },
          {
            "area": "EN2 7EG",
            "lat": 51.653741,
            "lon": -0.101217,
            "reference": "INCD-626947-Z",
            "status": "planned",
            "type": "3"
          },
          {
            "area": "EN2 7EH",
            "lat": 51.652112,
            "lon": -0.098929,
            "reference": "INCD-626947-Z",
            "status": "planned",
            "type": "3"
          },
          {
            "area": "EN2 7EJ",
            "lat": 51.654138,
            "lon": -0.100781,
            "reference": "INCD-626947-Z",
            "status": "planned",
            "type": "3"
          },
          {
            "area": "EN2 7EL",
            "lat": 51.651689,
            "lon": -0.092817,
            "reference": "INCD-626947-Z",
            "status": "planned",
            "type": "3"
          },
          {
            "area": "EN2 6PP",
            "lat": 51.647739,
            "lon": -0.091523,
            "reference": "INCD-626947-Z",
            "status": "planned",
            "type": "3"
          },
          {
            "area": "EN2 6SH",
            "lat": 51.656684,
            "lon": -0.088646,
            "reference": "INCD-626947-Z",
            "status": "planned",
            "type": "3"
          },
          {
            "area": "EN2 6SJ",
            "lat": 51.656537,
            "lon": -0.089014,
            "reference": "INCD-626947-Z",
            "status": "planned",
            "type": "3"
          },
          {
            "area": "EN2 7AR",
            "lat": 51.651116,
            "lon": -0.095169,
            "reference": "INCD-626947-Z",
            "status": "planned",
            "type": "3"
          },
          {
            "area": "EN2 7AX",
            "lat": 51.653487,
            "lon": -0.093884,
            "reference": "INCD-626947-Z",
            "status": "planned",
            "type": "3"
          },
          {
            "area": "EN2 7AY",
            "lat": 51.653559,
            "lon": -0.096122,
            "reference": "INCD-626947-Z",
            "status": "planned",
            "type": "3"
          },
          {
            "area": "EN2 7BB",
            "lat": 51.652751,
            "lon": -0.093423,
            "reference": "INCD-626947-Z",
            "status": "planned",
            "type": "3"
          },
          {
            "area": "EN2 7BJ",
            "lat": 51.65206,
            "lon": -0.097905,
            "reference": "INCD-626947-Z",
            "status": "planned",
            "type": "3"
          },
          {
            "area": "EN2 7BL",
            "lat": 51.65174,
            "lon": -0.095938,
            "reference": "INCD-626947-Z",
            "status": "planned",
            "type": "3"
          },
          {
            "area": "EN2 7BN",
            "lat": 51.651593,
            "lon": -0.095727,
            "reference": "INCD-626947-Z",
            "status": "planned",
            "type": "3"
          },
          {
            "area": "EN2 7BP",
            "lat": 51.651802,
            "lon": -0.095313,
            "reference": "INCD-626947-Z",
            "status": "planned",
            "type": "3"
          },
          {
            "area": "EN2 7BT",
            "lat": 51.652549,
            "lon": -0.094241,
            "reference": "INCD-626947-Z",
            "status": "planned",
            "type": "3"
          },
          {
            "area": "EN2 7BX",
            "lat": 51.650647,
            "lon": -0.095102,
            "reference": "INCD-626947-Z",
            "status": "planned",
            "type": "3"
          },
          {
            "area": "EN2 7DJ",
            "lat": 51.653719,
            "lon": -0.098197,
            "reference": "INCD-626947-Z",
            "status": "planned",
            "type": "3"
          },
          {
            "area": "EN2 7DZ",
            "lat": 51.656249,
            "lon": -0.106737,
            "reference": "INCD-626947-Z",
            "status": "planned",
            "type": "3"
          },
          {
            "area": "EN2 7EN",
            "lat": 51.650526,
            "lon": -0.09317,
            "reference": "INCD-626947-Z",
            "status": "planned",
            "type": "3"
          },
          {
            "area": "EN2 6NG",
            "lat": 51.657167,
            "lon": -0.08906,
            "reference": "INCD-626947-Z",
            "status": "planned",
            "type": "3"
          },
          {
            "area": "EN2 6NL",
            "lat": 51.657525,
            "lon": -0.087801,
            "reference": "INCD-626947-Z",
            "status": "planned",
            "type": "3"
          },
          {
            "area": "EN2 7BW",
            "lat": 51.653484,
            "lon": -0.09426,
            "reference": "INCD-626947-Z",
            "status": "planned",
            "type": "3"
          },
          {
            "area": "EN2 6FA",
            "lat": 51.658109,
            "lon": -0.087791,
            "reference": "INCD-626947-Z",
            "status": "planned",
            "type": "3"
          },
          {
            "area": "EN2 7BU",
            "lat": 51.650985,
            "lon": -0.096519,
            "reference": "INCD-626947-Z",
            "status": "planned",
            "type": "3"
          },
          {
            "area": "EN2 7DA",
            "lat": 51.650147,
            "lon": -0.102509,
            "reference": "INCD-626947-Z",
            "status": "planned",
            "type": "3"
          },
          {
            "area": "EN2 6ND",
            "lat": 51.658531,
            "lon": -0.088323,
            "reference": "INCD-626947-Z",
            "status": "planned",
            "type": "3"
          },
          {
            "area": "EN2 6SD",
            "lat": 51.654325,
            "lon": -0.089555,
            "reference": "INCD-626947-Z",
            "status": "planned",
            "type": "3"
          },
          {
            "area": "EN2 7DW",
            "lat": 51.655068,
            "lon": -0.105456,
            "reference": "INCD-626947-Z",
            "status": "planned",
            "type": "3"
          },
          {
            "area": "EN2 7DY",
            "lat": 51.655099,
            "lon": -0.106235,
            "reference": "INCD-626947-Z",
            "status": "planned",
            "type": "3"
          },
          {
            "area": "EN2 7EP",
            "lat": 51.651923,
            "lon": -0.091723,
            "reference": "INCD-626947-Z",
            "status": "planned",
            "type": "3"
          },
          {
            "area": "EN2 7EQ",
            "lat": 51.651766,
            "lon": -0.099204,
            "reference": "INCD-626947-Z",
            "status": "planned",
            "type": "3"
          },
          {
            "area": "EN2 7ER",
            "lat": 51.651075,
            "lon": -0.092091,
            "reference": "INCD-626947-Z",
            "status": "planned",
            "type": "3"
          },
          {
            "area": "EN2 6PR",
            "lat": 51.652552,
            "lon": -0.088357,
            "reference": "INCD-626947-Z",
            "status": "planned",
            "type": "3"
          },
          {
            "area": "EN2 7ES",
            "lat": 51.655107,
            "lon": -0.10956,
            "reference": "INCD-626947-Z",
            "status": "planned",
            "type": "3"
          },
          {
            "area": "EN2 7ET",
            "lat": 51.655117,
            "lon": -0.110731,
            "reference": "INCD-626947-Z",
            "status": "planned",
            "type": "3"
          },
          {
            "area": "EN2 7EW",
            "lat": 51.649809,
            "lon": -0.09333,
            "reference": "INCD-626947-Z",
            "status": "planned",
            "type": "3"
          },
          {
            "area": "EN2 7EX",
            "lat": 51.655393,
            "lon": -0.111659,
            "reference": "INCD-626947-Z",
            "status": "planned",
            "type": "3"
          },
          {
            "area": "EN2 7EZ",
            "lat": 51.65504,
            "lon": -0.112613,
            "reference": "INCD-626947-Z",
            "status": "planned",
            "type": "3"
          },
          {
            "area": "EN2 7FG",
            "lat": 51.652361,
            "lon": -0.091575,
            "reference": "INCD-626947-Z",
            "status": "planned",
            "type": "3"
          },
          {
            "area": "EN2 7FH",
            "lat": 51.654946,
            "lon": -0.099591,
            "reference": "INCD-626947-Z",
            "status": "planned",
            "type": "3"
          },
          {
            "area": "EN2 7FN",
            "lat": 51.655771,
            "lon": -0.103344,
            "reference": "INCD-626947-Z",
            "status": "planned",
            "type": "3"
          },
          {
            "area": "EN2 7HA",
            "lat": 51.654231,
            "lon": -0.113225,
            "reference": "INCD-626947-Z",
            "status": "planned",
            "type": "3"
          },
          {
            "area": "EN2 7HD",
            "lat": 51.651908,
            "lon": -0.112483,
            "reference": "INCD-626947-Z",
            "status": "planned",
            "type": "3"
          },
          {
            "area": "EN2 7HE",
            "lat": 51.651174,
            "lon": -0.111588,
            "reference": "INCD-626947-Z",
            "status": "planned",
            "type": "3"
          },
          {
            "area": "EN2 7HG",
            "lat": 51.650757,
            "lon": -0.111374,
            "reference": "INCD-626947-Z",
            "status": "planned",
            "type": "3"
          },
          {
            "area": "EN2 7HH",
            "lat": 51.649837,
            "lon": -0.110068,
            "reference": "INCD-626947-Z",
            "status": "planned",
            "type": "3"
          },
          {
            "area": "EN2 7HJ",
            "lat": 51.652042,
            "lon": -0.111856,
            "reference": "INCD-626947-Z",
            "status": "planned",
            "type": "3"
          },
          {
            "area": "EN2 7HQ",
            "lat": 51.650234,
            "lon": -0.110731,
            "reference": "INCD-626947-Z",
            "status": "planned",
            "type": "3"
          },
          {
            "area": "EN2 7HR",
            "lat": 51.648526,
            "lon": -0.094077,
            "reference": "INCD-626947-Z",
            "status": "planned",
            "type": "3"
          },
          {
            "area": "EN2 7HS",
            "lat": 51.647937,
            "lon": -0.094912,
            "reference": "INCD-626947-Z",
            "status": "planned",
            "type": "3"
          },
          {
            "area": "EN2 7HW",
            "lat": 51.654481,
            "lon": -0.109181,
            "reference": "INCD-626947-Z",
            "status": "planned",
            "type": "3"
          },
          {
            "area": "EN2 7JG",
            "lat": 51.65303,
            "lon": -0.111251,
            "reference": "INCD-626947-Z",
            "status": "planned",
            "type": "3"
          },
          {
            "area": "EN2 7JN",
            "lat": 51.651116,
            "lon": -0.120828,
            "reference": "INCD-626947-Z",
            "status": "planned",
            "type": "3"
          },
          {
            "area": "EN2 7JP",
            "lat": 51.650535,
            "lon": -0.118264,
            "reference": "INCD-626947-Z",
            "status": "planned",
            "type": "3"
          },
          {
            "area": "EN2 7JW",
            "lat": 51.650809,
            "lon": -0.119612,
            "reference": "INCD-626947-Z",
            "status": "planned",
            "type": "3"
          },
          {
            "area": "EN2 7JX",
            "lat": 51.646988,
            "lon": -0.116908,
            "reference": "INCD-626947-Z",
            "status": "planned",
            "type": "3"
          },
          {
            "area": "EN2 7JY",
            "lat": 51.647154,
            "lon": -0.117711,
            "reference": "INCD-626947-Z",
            "status": "planned",
            "type": "3"
          },
          {
            "area": "EN2 7JZ",
            "lat": 51.648722,
            "lon": -0.11568,
            "reference": "INCD-626947-Z",
            "status": "planned",
            "type": "3"
          },
          {
            "area": "EN2 7LA",
            "lat": 51.648444,
            "lon": -0.115127,
            "reference": "INCD-626947-Z",
            "status": "planned",
            "type": "3"
          },
          {
            "area": "EN2 7LB",
            "lat": 51.649171,
            "lon": -0.111137,
            "reference": "INCD-626947-Z",
            "status": "planned",
            "type": "3"
          },
          {
            "area": "EN2 7LD",
            "lat": 51.64951,
            "lon": -0.111513,
            "reference": "INCD-626947-Z",
            "status": "planned",
            "type": "3"
          },
          {
            "area": "EN2 7LE",
            "lat": 51.649471,
            "lon": -0.109664,
            "reference": "INCD-626947-Z",
            "status": "planned",
            "type": "3"
          },
          {
            "area": "EN2 7LH",
            "lat": 51.649318,
            "lon": -0.125904,
            "reference": "INCD-626947-Z",
            "status": "planned",
            "type": "3"
          },
          {
            "area": "EN2 7LJ",
            "lat": 51.649182,
            "lon": -0.126444,
            "reference": "INCD-626947-Z",
            "status": "planned",
            "type": "3"
          },
          {
            "area": "EN2 7LN",
            "lat": 51.647882,
            "lon": -0.12274,
            "reference": "INCD-626947-Z",
            "status": "planned",
            "type": "3"
          },
          {
            "area": "EN2 7LP",
            "lat": 51.647442,
            "lon": -0.123871,
            "reference": "INCD-626947-Z",
            "status": "planned",
            "type": "3"
          },
          {
            "area": "EN2 7LW",
            "lat": 51.647649,
            "lon": -0.123313,
            "reference": "INCD-626947-Z",
            "status": "planned",
            "type": "3"
          },
          {
            "area": "EN2 7LX",
            "lat": 51.646538,
            "lon": -0.121913,
            "reference": "INCD-626947-Z",
            "status": "planned",
            "type": "3"
          },
          {
            "area": "EN2 7LY",
            "lat": 51.64767,
            "lon": -0.121823,
            "reference": "INCD-626947-Z",
            "status": "planned",
            "type": "3"
          },
          {
            "area": "EN2 7NA",
            "lat": 51.646609,
            "lon": -0.120696,
            "reference": "INCD-626947-Z",
            "status": "planned",
            "type": "3"
          },
          {
            "area": "EN2 7NB",
            "lat": 51.646277,
            "lon": -0.120219,
            "reference": "INCD-626947-Z",
            "status": "planned",
            "type": "3"
          },
          {
            "area": "EN2 7NE",
            "lat": 51.648286,
            "lon": -0.119297,
            "reference": "INCD-626947-Z",
            "status": "planned",
            "type": "3"
          },
          {
            "area": "EN2 7NF",
            "lat": 51.648191,
            "lon": -0.117899,
            "reference": "INCD-626947-Z",
            "status": "planned",
            "type": "3"
          },
          {
            "area": "EN2 7NP",
            "lat": 51.650924,
            "lon": -0.125679,
            "reference": "INCD-626947-Z",
            "status": "planned",
            "type": "3"
          },
          {
            "area": "EN2 7NS",
            "lat": 51.649868,
            "lon": -0.125448,
            "reference": "INCD-626947-Z",
            "status": "planned",
            "type": "3"
          },
          {
            "area": "EN2 7NT",
            "lat": 51.649596,
            "lon": -0.123609,
            "reference": "INCD-626947-Z",
            "status": "planned",
            "type": "3"
          },
          {
            "area": "EN2 7NU",
            "lat": 51.650327,
            "lon": -0.122697,
            "reference": "INCD-626947-Z",
            "status": "planned",
            "type": "3"
          },
          {
            "area": "EN2 7FJ",
            "lat": 51.655097,
            "lon": -0.100033,
            "reference": "INCD-626947-Z",
            "status": "planned",
            "type": "3"
          },
          {
            "area": "EN2 7FP",
            "lat": 51.651577,
            "lon": -0.095337,
            "reference": "INCD-626947-Z",
            "status": "planned",
            "type": "3"
          },
          {
            "area": "EN2 7HL",
            "lat": 51.653904,
            "lon": -0.110752,
            "reference": "INCD-626947-Z",
            "status": "planned",
            "type": "3"
          },
          {
            "area": "EN2 7JL",
            "lat": 51.651475,
            "lon": -0.121926,
            "reference": "INCD-626947-Z",
            "status": "planned",
            "type": "3"
          },
          {
            "area": "EN2 7JR",
            "lat": 51.650427,
            "lon": -0.115985,
            "reference": "INCD-626947-Z",
            "status": "planned",
            "type": "3"
          },
          {
            "area": "EN2 7JT",
            "lat": 51.649681,
            "lon": -0.117158,
            "reference": "INCD-626947-Z",
            "status": "planned",
            "type": "3"
          },
          {
            "area": "EN2 7LL",
            "lat": 51.648971,
            "lon": -0.124473,
            "reference": "INCD-626947-Z",
            "status": "planned",
            "type": "3"
          },
          {
            "area": "EN2 7LR",
            "lat": 51.647379,
            "lon": -0.124452,
            "reference": "INCD-626947-Z",
            "status": "planned",
            "type": "3"
          },
          {
            "area": "EN2 7LS",
            "lat": 51.646261,
            "lon": -0.12311,
            "reference": "INCD-626947-Z",
            "status": "planned",
            "type": "3"
          },
          {
            "area": "EN2 7LT",
            "lat": 51.645509,
            "lon": -0.122245,
            "reference": "INCD-626947-Z",
            "status": "planned",
            "type": "3"
          },
          {
            "area": "EN2 7LZ",
            "lat": 51.647671,
            "lon": -0.121317,
            "reference": "INCD-626947-Z",
            "status": "planned",
            "type": "3"
          },
          {
            "area": "EN2 7NL",
            "lat": 51.651296,
            "lon": -0.123076,
            "reference": "INCD-626947-Z",
            "status": "planned",
            "type": "3"
          },
          {
            "area": "EN2 7NN",
            "lat": 51.650377,
            "lon": -0.123562,
            "reference": "INCD-626947-Z",
            "status": "planned",
            "type": "3"
          },
          {
            "area": "EN2 7NY",
            "lat": 51.648899,
            "lon": -0.122799,
            "reference": "INCD-626947-Z",
            "status": "planned",
            "type": "3"
          },
          {
            "area": "EN2 7PA",
            "lat": 51.649968,
            "lon": -0.12102,
            "reference": "INCD-626947-Z",
            "status": "planned",
            "type": "3"
          },
          {
            "area": "EN2 7PB",
            "lat": 51.649853,
            "lon": -0.120562,
            "reference": "INCD-626947-Z",
            "status": "planned",
            "type": "3"
          },
          {
            "area": "EN2 7PD",
            "lat": 51.648765,
            "lon": -0.120015,
            "reference": "INCD-626947-Z",
            "status": "planned",
            "type": "3"
          },
          {
            "area": "EN2 7NW",
            "lat": 51.650414,
            "lon": -0.124731,
            "reference": "INCD-626947-Z",
            "status": "planned",
            "type": "3"
          },
          {
            "area": "EN2 7NX",
            "lat": 51.650145,
            "lon": -0.121967,
            "reference": "INCD-626947-Z",
            "status": "planned",
            "type": "3"
          },
          {
            "area": "EN2 7PE",
            "lat": 51.649793,
            "lon": -0.119625,
            "reference": "INCD-626947-Z",
            "status": "planned",
            "type": "3"
          },
          {
            "area": "EN2 7PH",
            "lat": 51.649692,
            "lon": -0.118386,
            "reference": "INCD-626947-Z",
            "status": "planned",
            "type": "3"
          },
          {
            "area": "EN2 7PL",
            "lat": 51.647642,
            "lon": -0.120654,
            "reference": "INCD-626947-Z",
            "status": "planned",
            "type": "3"
          },
          {
            "area": "EN2 7PQ",
            "lat": 51.648723,
            "lon": -0.118542,
            "reference": "INCD-626947-Z",
            "status": "planned",
            "type": "3"
          },
          {
            "area": "EN2 7PR",
            "lat": 51.659228,
            "lon": -0.101335,
            "reference": "INCD-626947-Z",
            "status": "planned",
            "type": "3"
          },
          {
            "area": "EN2 7PS",
            "lat": 51.658646,
            "lon": -0.100954,
            "reference": "INCD-626947-Z",
            "status": "planned",
            "type": "3"
          },
          {
            "area": "EN2 7PT",
            "lat": 51.65714,
            "lon": -0.101798,
            "reference": "INCD-626947-Z",
            "status": "planned",
            "type": "3"
          },
          {
            "area": "EN2 7PX",
            "lat": 51.657758,
            "lon": -0.10329,
            "reference": "INCD-626947-Z",
            "status": "planned",
            "type": "3"
          },
          {
            "area": "EN2 7PY",
            "lat": 51.658304,
            "lon": -0.103123,
            "reference": "INCD-626947-Z",
            "status": "planned",
            "type": "3"
          },
          {
            "area": "EN2 7QA",
            "lat": 51.658995,
            "lon": -0.10415,
            "reference": "INCD-626947-Z",
            "status": "planned",
            "type": "3"
          },
          {
            "area": "EN2 7QD",
            "lat": 51.656983,
            "lon": -0.104335,
            "reference": "INCD-626947-Z",
            "status": "planned",
            "type": "3"
          },
          {
            "area": "EN2 7QE",
            "lat": 51.658731,
            "lon": -0.105072,
            "reference": "INCD-626947-Z",
            "status": "planned",
            "type": "3"
          },
          {
            "area": "EN2 7QF",
            "lat": 51.657602,
            "lon": -0.104772,
            "reference": "INCD-626947-Z",
            "status": "planned",
            "type": "3"
          },
          {
            "area": "EN2 7QG",
            "lat": 51.657368,
            "lon": -0.103625,
            "reference": "INCD-626947-Z",
            "status": "planned",
            "type": "3"
          },
          {
            "area": "EN2 7QH",
            "lat": 51.656227,
            "lon": -0.104251,
            "reference": "INCD-626947-Z",
            "status": "planned",
            "type": "3"
          },
          {
            "area": "EN2 7QL",
            "lat": 51.6596,
            "lon": -0.104298,
            "reference": "INCD-626947-Z",
            "status": "planned",
            "type": "3"
          },
          {
            "area": "EN2 7QQ",
            "lat": 51.656607,
            "lon": -0.103266,
            "reference": "INCD-626947-Z",
            "status": "planned",
            "type": "3"
          },
          {
            "area": "EN2 7QT",
            "lat": 51.652282,
            "lon": -0.107205,
            "reference": "INCD-626947-Z",
            "status": "planned",
            "type": "3"
          },
          {
            "area": "EN2 7QY",
            "lat": 51.653552,
            "lon": -0.107875,
            "reference": "INCD-626947-Z",
            "status": "planned",
            "type": "3"
          },
          {
            "area": "EN2 7QZ",
            "lat": 51.653058,
            "lon": -0.106812,
            "reference": "INCD-626947-Z",
            "status": "planned",
            "type": "3"
          },
          {
            "area": "EN2 7RA",
            "lat": 51.653688,
            "lon": -0.106308,
            "reference": "INCD-626947-Z",
            "status": "planned",
            "type": "3"
          },
          {
            "area": "EN2 7RB",
            "lat": 51.653306,
            "lon": -0.108796,
            "reference": "INCD-626947-Z",
            "status": "planned",
            "type": "3"
          },
          {
            "area": "EN2 7RD",
            "lat": 51.653052,
            "lon": -0.109212,
            "reference": "INCD-626947-Z",
            "status": "planned",
            "type": "3"
          },
          {
            "area": "EN2 7RG",
            "lat": 51.649992,
            "lon": -0.109093,
            "reference": "INCD-626947-Z",
            "status": "planned",
            "type": "3"
          },
          {
            "area": "EN2 7RJ",
            "lat": 51.64867,
            "lon": -0.10964,
            "reference": "INCD-626947-Z",
            "status": "planned",
            "type": "3"
          },
          {
            "area": "EN2 7RL",
            "lat": 51.64883,
            "lon": -0.111165,
            "reference": "INCD-626947-Z",
            "status": "planned",
            "type": "3"
          },
          {
            "area": "EN2 7RN",
            "lat": 51.648013,
            "lon": -0.1113,
            "reference": "INCD-626947-Z",
            "status": "planned",
            "type": "3"
          },
          {
            "area": "EN2 7RX",
            "lat": 51.652911,
            "lon": -0.094963,
            "reference": "INCD-626947-Z",
            "status": "planned",
            "type": "3"
          },
          {
            "area": "EN2 7RY",
            "lat": 51.651205,
            "lon": -0.095642,
            "reference": "INCD-626947-Z",
            "status": "planned",
            "type": "3"
          },
          {
            "area": "EN2 8AA",
            "lat": 51.671857,
            "lon": -0.107128,
            "reference": "INCD-626947-Z",
            "status": "planned",
            "type": "3"
          },
          {
            "area": "EN2 8AH",
            "lat": 51.681515,
            "lon": -0.140864,
            "reference": "INCD-626947-Z",
            "status": "planned",
            "type": "3"
          },
          {
            "area": "EN2 8AL",
            "lat": 51.676846,
            "lon": -0.126663,
            "reference": "INCD-626947-Z",
            "status": "planned",
            "type": "3"
          },
          {
            "area": "EN2 8AP",
            "lat": 51.677079,
            "lon": -0.128274,
            "reference": "INCD-626947-Z",
            "status": "planned",
            "type": "3"
          },
          {
            "area": "EN2 8AS",
            "lat": 51.677555,
            "lon": -0.120892,
            "reference": "INCD-626947-Z",
            "status": "planned",
            "type": "3"
          },
          {
            "area": "EN2 8AU",
            "lat": 51.690499,
            "lon": -0.120588,
            "reference": "INCD-626947-Z",
            "status": "planned",
            "type": "3"
          },
          {
            "area": "EN2 8BA",
            "lat": 51.68423,
            "lon": -0.110995,
            "reference": "INCD-626947-Z",
            "status": "planned",
            "type": "3"
          },
          {
            "area": "EN2 8BB",
            "lat": 51.662618,
            "lon": -0.097969,
            "reference": "INCD-626947-Z",
            "status": "planned",
            "type": "3"
          },
          {
            "area": "EN2 8BG",
            "lat": 51.660319,
            "lon": -0.093192,
            "reference": "INCD-626947-Z",
            "status": "planned",
            "type": "3"
          },
          {
            "area": "EN2 8BH",
            "lat": 51.658916,
            "lon": -0.092051,
            "reference": "INCD-626947-Z",
            "status": "planned",
            "type": "3"
          },
          {
            "area": "EN2 8BJ",
            "lat": 51.65949,
            "lon": -0.093618,
            "reference": "INCD-626947-Z",
            "status": "planned",
            "type": "3"
          },
          {
            "area": "EN2 8BL",
            "lat": 51.661229,
            "lon": -0.093328,
            "reference": "INCD-626947-Z",
            "status": "planned",
            "type": "3"
          },
          {
            "area": "EN2 8BP",
            "lat": 51.660068,
            "lon": -0.094374,
            "reference": "INCD-626947-Z",
            "status": "planned",
            "type": "3"
          },
          {
            "area": "EN2 8BQ",
            "lat": 51.659639,
            "lon": -0.092324,
            "reference": "INCD-626947-Z",
            "status": "planned",
            "type": "3"
          },
          {
            "area": "EN2 8BS",
            "lat": 51.660467,
            "lon": -0.095673,
            "reference": "INCD-626947-Z",
            "status": "planned",
            "type": "3"
          },
          {
            "area": "EN2 8BU",
            "lat": 51.661219,
            "lon": -0.096567,
            "reference": "INCD-626947-Z",
            "status": "planned",
            "type": "3"
          },
          {
            "area": "EN2 8BW",
            "lat": 51.661085,
            "lon": -0.094404,
            "reference": "INCD-626947-Z",
            "status": "planned",
            "type": "3"
          },
          {
            "area": "EN2 8BX",
            "lat": 51.662431,
            "lon": -0.097543,
            "reference": "INCD-626947-Z",
            "status": "planned",
            "type": "3"
          },
          {
            "area": "EN2 8BZ",
            "lat": 51.660961,
            "lon": -0.093946,
            "reference": "INCD-626947-Z",
            "status": "planned",
            "type": "3"
          },
          {
            "area": "EN2 8DH",
            "lat": 51.654621,
            "lon": -0.09226,
            "reference": "INCD-626947-Z",
            "status": "planned",
            "type": "3"
          },
          {
            "area": "EN2 8DJ",
            "lat": 51.65628,
            "lon": -0.092538,
            "reference": "INCD-626947-Z",
            "status": "planned",
            "type": "3"
          },
          {
            "area": "EN2 7PG",
            "lat": 51.657774,
            "lon": -0.101497,
            "reference": "INCD-626947-Z",
            "status": "planned",
            "type": "3"
          },
          {
            "area": "EN2 7PJ",
            "lat": 51.647769,
            "lon": -0.120142,
            "reference": "INCD-626947-Z",
            "status": "planned",
            "type": "3"
          },
          {
            "area": "EN2 7PP",
            "lat": 51.65747,
            "lon": -0.10271,
            "reference": "INCD-626947-Z",
            "status": "planned",
            "type": "3"
          },
          {
            "area": "EN2 7PU",
            "lat": 51.6574,
            "lon": -0.102293,
            "reference": "INCD-626947-Z",
            "status": "planned",
            "type": "3"
          },
          {
            "area": "EN2 7QU",
            "lat": 51.654022,
            "lon": -0.107523,
            "reference": "INCD-626947-Z",
            "status": "planned",
            "type": "3"
          },
          {
            "area": "EN2 7RP",
            "lat": 51.647711,
            "lon": -0.114883,
            "reference": "INCD-626947-Z",
            "status": "planned",
            "type": "3"
          },
          {
            "area": "EN2 7RQ",
            "lat": 51.648818,
            "lon": -0.109344,
            "reference": "INCD-626947-Z",
            "status": "planned",
            "type": "3"
          },
          {
            "area": "EN2 7RR",
            "lat": 51.648002,
            "lon": -0.115074,
            "reference": "INCD-626947-Z",
            "status": "planned",
            "type": "3"
          },
          {
            "area": "EN2 7RW",
            "lat": 51.648618,
            "lon": -0.113097,
            "reference": "INCD-626947-Z",
            "status": "planned",
            "type": "3"
          },
          {
            "area": "EN2 8AN",
            "lat": 51.683602,
            "lon": -0.135267,
            "reference": "INCD-626947-Z",
            "status": "planned",
            "type": "3"
          },
          {
            "area": "EN2 8AZ",
            "lat": 51.684348,
            "lon": -0.109385,
            "reference": "INCD-626947-Z",
            "status": "planned",
            "type": "3"
          },
          {
            "area": "EN2 8BN",
            "lat": 51.661626,
            "lon": -0.093918,
            "reference": "INCD-626947-Z",
            "status": "planned",
            "type": "3"
          },
          {
            "area": "EN2 8DB",
            "lat": 51.654186,
            "lon": -0.093189,
            "reference": "INCD-626947-Z",
            "status": "planned",
            "type": "3"
          },
          {
            "area": "EN2 8DG",
            "lat": 51.655573,
            "lon": -0.091122,
            "reference": "INCD-626947-Z",
            "status": "planned",
            "type": "3"
          },
          {
            "area": "EN2 8DL",
            "lat": 51.655786,
            "lon": -0.093166,
            "reference": "INCD-626947-Z",
            "status": "planned",
            "type": "3"
          },
          {
            "area": "EN2 8DP",
            "lat": 51.65535,
            "lon": -0.093979,
            "reference": "INCD-626947-Z",
            "status": "planned",
            "type": "3"
          },
          {
            "area": "EN2 8DR",
            "lat": 51.656547,
            "lon": -0.091818,
            "reference": "INCD-626947-Z",
            "status": "planned",
            "type": "3"
          },
          {
            "area": "EN2 8DU",
            "lat": 51.656437,
            "lon": -0.091143,
            "reference": "INCD-626947-Z",
            "status": "planned",
            "type": "3"
          },
          {
            "area": "EN2 8DW",
            "lat": 51.656722,
            "lon": -0.093213,
            "reference": "INCD-626947-Z",
            "status": "planned",
            "type": "3"
          },
          {
            "area": "EN2 8DY",
            "lat": 51.658167,
            "lon": -0.091909,
            "reference": "INCD-626947-Z",
            "status": "planned",
            "type": "3"
          },
          {
            "area": "EN2 8DZ",
            "lat": 51.657993,
            "lon": -0.092798,
            "reference": "INCD-626947-Z",
            "status": "planned",
            "type": "3"
          },
          {
            "area": "EN2 8EA",
            "lat": 51.657445,
            "lon": -0.092286,
            "reference": "INCD-626947-Z",
            "status": "planned",
            "type": "3"
          },
          {
            "area": "EN2 8EB",
            "lat": 51.6577,
            "lon": -0.093635,
            "reference": "INCD-626947-Z",
            "status": "planned",
            "type": "3"
          },
          {
            "area": "EN2 8ED",
            "lat": 51.656749,
            "lon": -0.09486,
            "reference": "INCD-626947-Z",
            "status": "planned",
            "type": "3"
          },
          {
            "area": "EN2 7EU",
            "lat": 51.655993,
            "lon": -0.111489,
            "reference": "INCD-626947-Z",
            "status": "planned",
            "type": "3"
          },
          {
            "area": "EN2 7EY",
            "lat": 51.65531,
            "lon": -0.11266,
            "reference": "INCD-626947-Z",
            "status": "planned",
            "type": "3"
          },
          {
            "area": "EN2 7JS",
            "lat": 51.649771,
            "lon": -0.116012,
            "reference": "INCD-626947-Z",
            "status": "planned",
            "type": "3"
          },
          {
            "area": "EN1 2BT",
            "lat": 51.64012,
            "lon": -0.082565,
            "reference": "INCD-626947-Z",
            "status": "planned",
            "type": "3"
          },
          {
            "area": "EN1 2BU",
            "lat": 51.641337,
            "lon": -0.08169,
            "reference": "INCD-626947-Z",
            "status": "planned",
            "type": "3"
          },
          {
            "area": "EN1 2BX",
            "lat": 51.641276,
            "lon": -0.081201,
            "reference": "INCD-626947-Z",
            "status": "planned",
            "type": "3"
          },
          {
            "area": "EN1 2BY",
            "lat": 51.639112,
            "lon": -0.082506,
            "reference": "INCD-626947-Z",
            "status": "planned",
            "type": "3"
          },
          {
            "area": "EN2 7FL",
            "lat": 51.652469,
            "lon": -0.094895,
            "reference": "INCD-626947-Z",
            "status": "planned",
            "type": "3"
          },
          {
            "area": "EN2 7JU",
            "lat": 51.648998,
            "lon": -0.117143,
            "reference": "INCD-626947-Z",
            "status": "planned",
            "type": "3"
          },
          {
            "area": "EN2 7HB",
            "lat": 51.653592,
            "lon": -0.113179,
            "reference": "INCD-626947-Z",
            "status": "planned",
            "type": "3"
          },
          {
            "area": "EN2 7ND",
            "lat": 51.647176,
            "lon": -0.119083,
            "reference": "INCD-626947-Z",
            "status": "planned",
            "type": "3"
          },
          {
            "area": "EN2 7NZ",
            "lat": 51.648714,
            "lon": -0.121332,
            "reference": "INCD-626947-Z",
            "status": "planned",
            "type": "3"
          },
          {
            "area": "EN1 2BZ",
            "lat": 51.638331,
            "lon": -0.081542,
            "reference": "INCD-626947-Z",
            "status": "planned",
            "type": "3"
          },
          {
            "area": "EN1 2DA",
            "lat": 51.639484,
            "lon": -0.081074,
            "reference": "INCD-626947-Z",
            "status": "planned",
            "type": "3"
          },
          {
            "area": "EN1 2EZ",
            "lat": 51.638922,
            "lon": -0.080274,
            "reference": "INCD-626947-Z",
            "status": "planned",
            "type": "3"
          },
          {
            "area": "EN2 7HX",
            "lat": 51.651811,
            "lon": -0.121551,
            "reference": "INCD-626947-Z",
            "status": "planned",
            "type": "3"
          },
          {
            "area": "EN1 2EU",
            "lat": 51.640191,
            "lon": -0.079195,
            "reference": "INCD-626947-Z",
            "status": "planned",
            "type": "3"
          },
          {
            "area": "EN1 2EX",
            "lat": 51.637448,
            "lon": -0.080308,
            "reference": "INCD-626947-Z",
            "status": "planned",
            "type": "3"
          },
          {
            "area": "EN2 8DN",
            "lat": 51.656017,
            "lon": -0.094616,
            "reference": "INCD-626947-Z",
            "status": "planned",
            "type": "3"
          },
          {
            "area": "EN2 8DS",
            "lat": 51.657336,
            "lon": -0.091713,
            "reference": "INCD-626947-Z",
            "status": "planned",
            "type": "3"
          },
          {
            "area": "EN2 8EF",
            "lat": 51.654855,
            "lon": -0.09452,
            "reference": "INCD-626947-Z",
            "status": "planned",
            "type": "3"
          },
          {
            "area": "EN2 8EG",
            "lat": 51.655631,
            "lon": -0.095196,
            "reference": "INCD-626947-Z",
            "status": "planned",
            "type": "3"
          },
          {
            "area": "EN2 8EH",
            "lat": 51.656303,
            "lon": -0.096209,
            "reference": "INCD-626947-Z",
            "status": "planned",
            "type": "3"
          },
          {
            "area": "EN2 8EJ",
            "lat": 51.657463,
            "lon": -0.095091,
            "reference": "INCD-626947-Z",
            "status": "planned",
            "type": "3"
          },
          {
            "area": "EN2 8EL",
            "lat": 51.6574,
            "lon": -0.095628,
            "reference": "INCD-626947-Z",
            "status": "planned",
            "type": "3"
          },
          {
            "area": "EN2 8EN",
            "lat": 51.658234,
            "lon": -0.096027,
            "reference": "INCD-626947-Z",
            "status": "planned",
            "type": "3"
          },
          {
            "area": "EN2 8EP",
            "lat": 51.658307,
            "lon": -0.093884,
            "reference": "INCD-626947-Z",
            "status": "planned",
            "type": "3"
          },
          {
            "area": "EN2 8ER",
            "lat": 51.658723,
            "lon": -0.093491,
            "reference": "INCD-626947-Z",
            "status": "planned",
            "type": "3"
          },
          {
            "area": "EN2 8ES",
            "lat": 51.65904,
            "lon": -0.09527,
            "reference": "INCD-626947-Z",
            "status": "planned",
            "type": "3"
          },
          {
            "area": "EN2 8ET",
            "lat": 51.658877,
            "lon": -0.094655,
            "reference": "INCD-626947-Z",
            "status": "planned",
            "type": "3"
          },
          {
            "area": "EN2 8EU",
            "lat": 51.659325,
            "lon": -0.096213,
            "reference": "INCD-626947-Z",
            "status": "planned",
            "type": "3"
          },
          {
            "area": "EN2 8EX",
            "lat": 51.658679,
            "lon": -0.097989,
            "reference": "INCD-626947-Z",
            "status": "planned",
            "type": "3"
          },
          {
            "area": "EN2 8EZ",
            "lat": 51.658104,
            "lon": -0.094109,
            "reference": "INCD-626947-Z",
            "status": "planned",
            "type": "3"
          },
          {
            "area": "EN2 8FD",
            "lat": 51.659227,
            "lon": -0.095696,
            "reference": "INCD-626947-Z",
            "status": "planned",
            "type": "3"
          },
          {
            "area": "EN2 8FJ",
            "lat": 51.665497,
            "lon": -0.105888,
            "reference": "INCD-626947-Z",
            "status": "planned",
            "type": "3"
          },
          {
            "area": "EN2 8FL",
            "lat": 51.656285,
            "lon": -0.093405,
            "reference": "INCD-626947-Z",
            "status": "planned",
            "type": "3"
          },
          {
            "area": "EN2 8FN",
            "lat": 51.658555,
            "lon": -0.099773,
            "reference": "INCD-626947-Z",
            "status": "planned",
            "type": "3"
          },
          {
            "area": "EN2 8FP",
            "lat": 51.654575,
            "lon": -0.098305,
            "reference": "INCD-626947-Z",
            "status": "planned",
            "type": "3"
          },
          {
            "area": "EN2 8FQ",
            "lat": 51.662022,
            "lon": -0.098384,
            "reference": "INCD-626947-Z",
            "status": "planned",
            "type": "3"
          },
          {
            "area": "EN2 8FR",
            "lat": 51.66132,
            "lon": -0.100568,
            "reference": "INCD-626947-Z",
            "status": "planned",
            "type": "3"
          },
          {
            "area": "EN2 8GE",
            "lat": 51.655528,
            "lon": -0.094434,
            "reference": "INCD-626947-Z",
            "status": "planned",
            "type": "3"
          },
          {
            "area": "EN2 8GZ",
            "lat": 51.662245,
            "lon": -0.098809,
            "reference": "INCD-626947-Z",
            "status": "planned",
            "type": "3"
          },
          {
            "area": "EN2 8HB",
            "lat": 51.654602,
            "lon": -0.094979,
            "reference": "INCD-626947-Z",
            "status": "planned",
            "type": "3"
          },
          {
            "area": "EN2 8HD",
            "lat": 51.658646,
            "lon": -0.095908,
            "reference": "INCD-626947-Z",
            "status": "planned",
            "type": "3"
          },
          {
            "area": "EN2 8HF",
            "lat": 51.661275,
            "lon": -0.097808,
            "reference": "INCD-626947-Z",
            "status": "planned",
            "type": "3"
          },
          {
            "area": "EN2 8HG",
            "lat": 51.661701,
            "lon": -0.097993,
            "reference": "INCD-626947-Z",
            "status": "planned",
            "type": "3"
          },
          {
            "area": "EN2 8HJ",
            "lat": 51.661339,
            "lon": -0.102837,
            "reference": "INCD-626947-Z",
            "status": "planned",
            "type": "3"
          },
          {
            "area": "EN2 8HN",
            "lat": 51.65589,
            "lon": -0.098988,
            "reference": "INCD-626947-Z",
            "status": "planned",
            "type": "3"
          },
          {
            "area": "EN2 8HP",
            "lat": 51.666543,
            "lon": -0.107725,
            "reference": "INCD-626947-Z",
            "status": "planned",
            "type": "3"
          },
          {
            "area": "EN2 8HR",
            "lat": 51.659925,
            "lon": -0.104371,
            "reference": "INCD-626947-Z",
            "status": "planned",
            "type": "3"
          },
          {
            "area": "EN2 8HS",
            "lat": 51.660259,
            "lon": -0.104487,
            "reference": "INCD-626947-Z",
            "status": "planned",
            "type": "3"
          },
          {
            "area": "EN2 8HT",
            "lat": 51.659836,
            "lon": -0.10277,
            "reference": "INCD-626947-Z",
            "status": "planned",
            "type": "3"
          },
          {
            "area": "EN2 8HU",
            "lat": 51.660073,
            "lon": -0.101343,
            "reference": "INCD-626947-Z",
            "status": "planned",
            "type": "3"
          },
          {
            "area": "EN2 8HW",
            "lat": 51.659646,
            "lon": -0.103848,
            "reference": "INCD-626947-Z",
            "status": "planned",
            "type": "3"
          },
          {
            "area": "EN2 8HX",
            "lat": 51.660466,
            "lon": -0.101703,
            "reference": "INCD-626947-Z",
            "status": "planned",
            "type": "3"
          },
          {
            "area": "EN2 8HY",
            "lat": 51.660197,
            "lon": -0.102856,
            "reference": "INCD-626947-Z",
            "status": "planned",
            "type": "3"
          },
          {
            "area": "EN2 8HZ",
            "lat": 51.660024,
            "lon": -0.102184,
            "reference": "INCD-626947-Z",
            "status": "planned",
            "type": "3"
          },
          {
            "area": "EN2 8JD",
            "lat": 51.662262,
            "lon": -0.103797,
            "reference": "INCD-626947-Z",
            "status": "planned",
            "type": "3"
          },
          {
            "area": "EN2 8JE",
            "lat": 51.662469,
            "lon": -0.104916,
            "reference": "INCD-626947-Z",
            "status": "planned",
            "type": "3"
          },
          {
            "area": "EN2 8JH",
            "lat": 51.664791,
            "lon": -0.106149,
            "reference": "INCD-626947-Z",
            "status": "planned",
            "type": "3"
          },
          {
            "area": "EN2 8JP",
            "lat": 51.666768,
            "lon": -0.106645,
            "reference": "INCD-626947-Z",
            "status": "planned",
            "type": "3"
          },
          {
            "area": "EN2 8JQ",
            "lat": 51.663966,
            "lon": -0.105186,
            "reference": "INCD-626947-Z",
            "status": "planned",
            "type": "3"
          },
          {
            "area": "EN1 2HQ",
            "lat": 51.638595,
            "lon": -0.079508,
            "reference": "INCD-626947-Z",
            "status": "planned",
            "type": "3"
          },
          {
            "area": "EN1 3AS",
            "lat": 51.654374,
            "lon": -0.075457,
            "reference": "INCD-626947-Z",
            "status": "planned",
            "type": "3"
          },
          {
            "area": "EN1 3AT",
            "lat": 51.656444,
            "lon": -0.075066,
            "reference": "INCD-626947-Z",
            "status": "planned",
            "type": "3"
          },
          {
            "area": "EN1 3AU",
            "lat": 51.657849,
            "lon": -0.073561,
            "reference": "INCD-626947-Z",
            "status": "planned",
            "type": "3"
          },
          {
            "area": "EN1 3AY",
            "lat": 51.659821,
            "lon": -0.071496,
            "reference": "INCD-626947-Z",
            "status": "planned",
            "type": "3"
          },
          {
            "area": "EN1 3BA",
            "lat": 51.65909,
            "lon": -0.071918,
            "reference": "INCD-626947-Z",
            "status": "planned",
            "type": "3"
          },
          {
            "area": "EN1 3BB",
            "lat": 51.658887,
            "lon": -0.071016,
            "reference": "INCD-626947-Z",
            "status": "planned",
            "type": "3"
          },
          {
            "area": "EN1 3BE",
            "lat": 51.659564,
            "lon": -0.071175,
            "reference": "INCD-626947-Z",
            "status": "planned",
            "type": "3"
          },
          {
            "area": "EN1 3BG",
            "lat": 51.657932,
            "lon": -0.072025,
            "reference": "INCD-626947-Z",
            "status": "planned",
            "type": "3"
          },
          {
            "area": "EN1 3BP",
            "lat": 51.65978,
            "lon": -0.072322,
            "reference": "INCD-626947-Z",
            "status": "planned",
            "type": "3"
          },
          {
            "area": "EN1 3BT",
            "lat": 51.657005,
            "lon": -0.07523,
            "reference": "INCD-626947-Z",
            "status": "planned",
            "type": "3"
          },
          {
            "area": "EN1 3BU",
            "lat": 51.655065,
            "lon": -0.076527,
            "reference": "INCD-626947-Z",
            "status": "planned",
            "type": "3"
          },
          {
            "area": "EN1 3DF",
            "lat": 51.653995,
            "lon": -0.074852,
            "reference": "INCD-626947-Z",
            "status": "planned",
            "type": "3"
          },
          {
            "area": "EN1 3DH",
            "lat": 51.655353,
            "lon": -0.073753,
            "reference": "INCD-626947-Z",
            "status": "planned",
            "type": "3"
          },
          {
            "area": "EN1 3DJ",
            "lat": 51.655648,
            "lon": -0.074204,
            "reference": "INCD-626947-Z",
            "status": "planned",
            "type": "3"
          },
          {
            "area": "EN1 3DX",
            "lat": 51.65888,
            "lon": -0.068977,
            "reference": "INCD-626947-Z",
            "status": "planned",
            "type": "3"
          },
          {
            "area": "EN1 3EH",
            "lat": 51.659437,
            "lon": -0.079364,
            "reference": "INCD-626947-Z",
            "status": "planned",
            "type": "3"
          },
          {
            "area": "EN1 3ET",
            "lat": 51.655581,
            "lon": -0.079975,
            "reference": "INCD-626947-Z",
            "status": "planned",
            "type": "3"
          },
          {
            "area": "EN1 3EZ",
            "lat": 51.658005,
            "lon": -0.080321,
            "reference": "INCD-626947-Z",
            "status": "planned",
            "type": "3"
          },
          {
            "area": "EN1 3FQ",
            "lat": 51.661091,
            "lon": -0.079294,
            "reference": "INCD-626947-Z",
            "status": "planned",
            "type": "3"
          },
          {
            "area": "EN1 3HA",
            "lat": 51.657625,
            "lon": -0.079628,
            "reference": "INCD-626947-Z",
            "status": "planned",
            "type": "3"
          },
          {
            "area": "EN1 3HE",
            "lat": 51.661453,
            "lon": -0.072873,
            "reference": "INCD-626947-Z",
            "status": "planned",
            "type": "3"
          },
          {
            "area": "EN1 3HF",
            "lat": 51.661115,
            "lon": -0.07309,
            "reference": "INCD-626947-Z",
            "status": "planned",
            "type": "3"
          },
          {
            "area": "EN1 3HH",
            "lat": 51.659694,
            "lon": -0.075839,
            "reference": "INCD-626947-Z",
            "status": "planned",
            "type": "3"
          },
          {
            "area": "EN1 3HJ",
            "lat": 51.658989,
            "lon": -0.076679,
            "reference": "INCD-626947-Z",
            "status": "planned",
            "type": "3"
          },
          {
            "area": "EN1 3HN",
            "lat": 51.65873,
            "lon": -0.076242,
            "reference": "INCD-626947-Z",
            "status": "planned",
            "type": "3"
          },
          {
            "area": "EN1 3HP",
            "lat": 51.660056,
            "lon": -0.077039,
            "reference": "INCD-626947-Z",
            "status": "planned",
            "type": "3"
          },
          {
            "area": "EN1 3HQ",
            "lat": 51.660675,
            "lon": -0.075306,
            "reference": "INCD-626947-Z",
            "status": "planned",
            "type": "3"
          },
          {
            "area": "EN1 3HR",
            "lat": 51.66023,
            "lon": -0.078376,
            "reference": "INCD-626947-Z",
            "status": "planned",
            "type": "3"
          },
          {
            "area": "EN1 3HS",
            "lat": 51.660915,
            "lon": -0.077913,
            "reference": "INCD-626947-Z",
            "status": "planned",
            "type": "3"
          },
          {
            "area": "EN1 3HT",
            "lat": 51.659945,
            "lon": -0.077983,
            "reference": "INCD-626947-Z",
            "status": "planned",
            "type": "3"
          },
          {
            "area": "EN1 3HU",
            "lat": 51.65956,
            "lon": -0.077002,
            "reference": "INCD-626947-Z",
            "status": "planned",
            "type": "3"
          },
          {
            "area": "EN1 3HW",
            "lat": 51.662721,
            "lon": -0.077258,
            "reference": "INCD-626947-Z",
            "status": "planned",
            "type": "3"
          },
          {
            "area": "EN1 3HZ",
            "lat": 51.65915,
            "lon": -0.078306,
            "reference": "INCD-626947-Z",
            "status": "planned",
            "type": "3"
          },
          {
            "area": "EN1 3JA",
            "lat": 51.659016,
            "lon": -0.077256,
            "reference": "INCD-626947-Z",
            "status": "planned",
            "type": "3"
          },
          {
            "area": "EN1 3JB",
            "lat": 51.659294,
            "lon": -0.075582,
            "reference": "INCD-626947-Z",
            "status": "planned",
            "type": "3"
          },
          {
            "area": "EN1 3JE",
            "lat": 51.658791,
            "lon": -0.073391,
            "reference": "INCD-626947-Z",
            "status": "planned",
            "type": "3"
          },
          {
            "area": "EN1 3JG",
            "lat": 51.660098,
            "lon": -0.074709,
            "reference": "INCD-626947-Z",
            "status": "planned",
            "type": "3"
          },
          {
            "area": "EN1 3JH",
            "lat": 51.659818,
            "lon": -0.073506,
            "reference": "INCD-626947-Z",
            "status": "planned",
            "type": "3"
          },
          {
            "area": "EN1 3JJ",
            "lat": 51.659693,
            "lon": -0.073034,
            "reference": "INCD-626947-Z",
            "status": "planned",
            "type": "3"
          },
          {
            "area": "EN1 3JL",
            "lat": 51.658749,
            "lon": -0.07961,
            "reference": "INCD-626947-Z",
            "status": "planned",
            "type": "3"
          },
          {
            "area": "EN1 3JQ",
            "lat": 51.659992,
            "lon": -0.074236,
            "reference": "INCD-626947-Z",
            "status": "planned",
            "type": "3"
          },
          {
            "area": "EN1 3JS",
            "lat": 51.6595,
            "lon": -0.079896,
            "reference": "INCD-626947-Z",
            "status": "planned",
            "type": "3"
          },
          {
            "area": "EN1 3JT",
            "lat": 51.660188,
            "lon": -0.079057,
            "reference": "INCD-626947-Z",
            "status": "planned",
            "type": "3"
          },
          {
            "area": "EN1 3JY",
            "lat": 51.660376,
            "lon": -0.07957,
            "reference": "INCD-626947-Z",
            "status": "planned",
            "type": "3"
          },
          {
            "area": "EN1 3JZ",
            "lat": 51.660934,
            "lon": -0.080182,
            "reference": "INCD-626947-Z",
            "status": "planned",
            "type": "3"
          },
          {
            "area": "EN1 3LD",
            "lat": 51.662135,
            "lon": -0.078801,
            "reference": "INCD-626947-Z",
            "status": "planned",
            "type": "3"
          },
          {
            "area": "EN1 3LE",
            "lat": 51.662917,
            "lon": -0.077149,
            "reference": "INCD-626947-Z",
            "status": "planned",
            "type": "3"
          },
          {
            "area": "EN1 3LF",
            "lat": 51.663446,
            "lon": -0.076505,
            "reference": "INCD-626947-Z",
            "status": "planned",
            "type": "3"
          },
          {
            "area": "EN1 3LH",
            "lat": 51.663382,
            "lon": -0.076999,
            "reference": "INCD-626947-Z",
            "status": "planned",
            "type": "3"
          },
          {
            "area": "EN1 3LN",
            "lat": 51.662726,
            "lon": -0.076477,
            "reference": "INCD-626947-Z",
            "status": "planned",
            "type": "3"
          },
          {
            "area": "EN1 3LP",
            "lat": 51.662023,
            "lon": -0.073644,
            "reference": "INCD-626947-Z",
            "status": "planned",
            "type": "3"
          },
          {
            "area": "EN1 3LS",
            "lat": 51.662967,
            "lon": -0.075238,
            "reference": "INCD-626947-Z",
            "status": "planned",
            "type": "3"
          },
          {
            "area": "EN1 3LU",
            "lat": 51.660142,
            "lon": -0.069126,
            "reference": "INCD-626947-Z",
            "status": "planned",
            "type": "3"
          },
          {
            "area": "EN1 3LW",
            "lat": 51.662651,
            "lon": -0.075179,
            "reference": "INCD-626947-Z",
            "status": "planned",
            "type": "3"
          },
          {
            "area": "EN1 3LX",
            "lat": 51.660479,
            "lon": -0.06888,
            "reference": "INCD-626947-Z",
            "status": "planned",
            "type": "3"
          },
          {
            "area": "EN1 3LY",
            "lat": 51.659858,
            "lon": -0.069933,
            "reference": "INCD-626947-Z",
            "status": "planned",
            "type": "3"
          },
          {
            "area": "EN1 3LZ",
            "lat": 51.659618,
            "lon": -0.068989,
            "reference": "INCD-626947-Z",
            "status": "planned",
            "type": "3"
          },
          {
            "area": "EN1 3NA",
            "lat": 51.661076,
            "lon": -0.069057,
            "reference": "INCD-626947-Z",
            "status": "planned",
            "type": "3"
          },
          {
            "area": "EN1 3NB",
            "lat": 51.661343,
            "lon": -0.068901,
            "reference": "INCD-626947-Z",
            "status": "planned",
            "type": "3"
          },
          {
            "area": "EN1 3NH",
            "lat": 51.661612,
            "lon": -0.071059,
            "reference": "INCD-626947-Z",
            "status": "planned",
            "type": "3"
          },
          {
            "area": "EN1 3NJ",
            "lat": 51.662739,
            "lon": -0.071242,
            "reference": "INCD-626947-Z",
            "status": "planned",
            "type": "3"
          },
          {
            "area": "EN1 3NQ",
            "lat": 51.661181,
            "lon": -0.070542,
            "reference": "INCD-626947-Z",
            "status": "planned",
            "type": "3"
          },
          {
            "area": "EN1 3NR",
            "lat": 51.662054,
            "lon": -0.071705,
            "reference": "INCD-626947-Z",
            "status": "planned",
            "type": "3"
          },
          {
            "area": "EN1 3NT",
            "lat": 51.66287,
            "lon": -0.072654,
            "reference": "INCD-626947-Z",
            "status": "planned",
            "type": "3"
          },
          {
            "area": "EN1 3NU",
            "lat": 51.663907,
            "lon": -0.071728,
            "reference": "INCD-626947-Z",
            "status": "planned",
            "type": "3"
          },
          {
            "area": "EN1 3NW",
            "lat": 51.664614,
            "lon": -0.071524,
            "reference": "INCD-626947-Z",
            "status": "planned",
            "type": "3"
          },
          {
            "area": "EN1 3NX",
            "lat": 51.664608,
            "lon": -0.070613,
            "reference": "INCD-626947-Z",
            "status": "planned",
            "type": "3"
          },
          {
            "area": "EN1 3QU",
            "lat": 51.665005,
            "lon": -0.07505,
            "reference": "INCD-626947-Z",
            "status": "planned",
            "type": "3"
          },
          {
            "area": "EN1 3QX",
            "lat": 51.665966,
            "lon": -0.073347,
            "reference": "INCD-626947-Z",
            "status": "planned",
            "type": "3"
          },
          {
            "area": "EN1 3QY",
            "lat": 51.665504,
            "lon": -0.073684,
            "reference": "INCD-626947-Z",
            "status": "planned",
            "type": "3"
          },
          {
            "area": "EN1 3QZ",
            "lat": 51.664481,
            "lon": -0.074899,
            "reference": "INCD-626947-Z",
            "status": "planned",
            "type": "3"
          },
          {
            "area": "EN1 3RA",
            "lat": 51.666531,
            "lon": -0.074899,
            "reference": "INCD-626947-Z",
            "status": "planned",
            "type": "3"
          },
          {
            "area": "EN1 3RB",
            "lat": 51.665341,
            "lon": -0.072491,
            "reference": "INCD-626947-Z",
            "status": "planned",
            "type": "3"
          },
          {
            "area": "EN1 3RD",
            "lat": 51.663553,
            "lon": -0.075358,
            "reference": "INCD-626947-Z",
            "status": "planned",
            "type": "3"
          },
          {
            "area": "EN1 3RE",
            "lat": 51.663449,
            "lon": -0.073931,
            "reference": "INCD-626947-Z",
            "status": "planned",
            "type": "3"
          },
          {
            "area": "EN1 3RG",
            "lat": 51.664558,
            "lon": -0.073002,
            "reference": "INCD-626947-Z",
            "status": "planned",
            "type": "3"
          },
          {
            "area": "EN1 3RH",
            "lat": 51.66422,
            "lon": -0.074361,
            "reference": "INCD-626947-Z",
            "status": "planned",
            "type": "3"
          },
          {
            "area": "EN1 3TX",
            "lat": 51.655247,
            "lon": -0.07717,
            "reference": "INCD-626947-Z",
            "status": "planned",
            "type": "3"
          },
          {
            "area": "EN1 3TY",
            "lat": 51.654932,
            "lon": -0.077732,
            "reference": "INCD-626947-Z",
            "status": "planned",
            "type": "3"
          },
          {
            "area": "EN1 3UF",
            "lat": 51.658633,
            "lon": -0.079123,
            "reference": "INCD-626947-Z",
            "status": "planned",
            "type": "3"
          },
          {
            "area": "EN1 3UG",
            "lat": 51.656362,
            "lon": -0.076602,
            "reference": "INCD-626947-Z",
            "status": "planned",
            "type": "3"
          },
          {
            "area": "EN1 3UH",
            "lat": 51.655825,
            "lon": -0.076784,
            "reference": "INCD-626947-Z",
            "status": "planned",
            "type": "3"
          },
          {
            "area": "EN1 3UJ",
            "lat": 51.656323,
            "lon": -0.078628,
            "reference": "INCD-626947-Z",
            "status": "planned",
            "type": "3"
          },
          {
            "area": "EN1 3UN",
            "lat": 51.656844,
            "lon": -0.077493,
            "reference": "INCD-626947-Z",
            "status": "planned",
            "type": "3"
          },
          {
            "area": "EN1 3UQ",
            "lat": 51.656737,
            "lon": -0.078683,
            "reference": "INCD-626947-Z",
            "status": "planned",
            "type": "3"
          },
          {
            "area": "EN1 3UR",
            "lat": 51.657216,
            "lon": -0.076045,
            "reference": "INCD-626947-Z",
            "status": "planned",
            "type": "3"
          },
          {
            "area": "EN1 3UT",
            "lat": 51.657919,
            "lon": -0.075625,
            "reference": "INCD-626947-Z",
            "status": "planned",
            "type": "3"
          },
          {
            "area": "EN1 3UU",
            "lat": 51.658273,
            "lon": -0.078531,
            "reference": "INCD-626947-Z",
            "status": "planned",
            "type": "3"
          },
          {
            "area": "EN1 3UW",
            "lat": 51.656797,
            "lon": -0.076266,
            "reference": "INCD-626947-Z",
            "status": "planned",
            "type": "3"
          },
          {
            "area": "EN1 3UX",
            "lat": 51.658481,
            "lon": -0.078074,
            "reference": "INCD-626947-Z",
            "status": "planned",
            "type": "3"
          },
          {
            "area": "EN1 3UY",
            "lat": 51.658823,
            "lon": -0.081414,
            "reference": "INCD-626947-Z",
            "status": "planned",
            "type": "3"
          },
          {
            "area": "EN1 3UZ",
            "lat": 51.659251,
            "lon": -0.080065,
            "reference": "INCD-626947-Z",
            "status": "planned",
            "type": "3"
          },
          {
            "area": "EN1 4AA",
            "lat": 51.66613,
            "lon": -0.070708,
            "reference": "INCD-626947-Z",
            "status": "planned",
            "type": "3"
          },
          {
            "area": "EN1 4AB",
            "lat": 51.665868,
            "lon": -0.070141,
            "reference": "INCD-626947-Z",
            "status": "planned",
            "type": "3"
          },
          {
            "area": "EN1 4AD",
            "lat": 51.665645,
            "lon": -0.069673,
            "reference": "INCD-626947-Z",
            "status": "planned",
            "type": "3"
          },
          {
            "area": "EN1 4AG",
            "lat": 51.664892,
            "lon": -0.069806,
            "reference": "INCD-626947-Z",
            "status": "planned",
            "type": "3"
          },
          {
            "area": "EN1 4AJ",
            "lat": 51.663955,
            "lon": -0.06973,
            "reference": "INCD-626947-Z",
            "status": "planned",
            "type": "3"
          },
          {
            "area": "EN1 4AL",
            "lat": 51.66528,
            "lon": -0.068821,
            "reference": "INCD-626947-Z",
            "status": "planned",
            "type": "3"
          },
          {
            "area": "EN1 4AQ",
            "lat": 51.665322,
            "lon": -0.071393,
            "reference": "INCD-626947-Z",
            "status": "planned",
            "type": "3"
          },
          {
            "area": "EN1 4TJ",
            "lat": 51.666492,
            "lon": -0.070302,
            "reference": "INCD-626947-Z",
            "status": "planned",
            "type": "3"
          },
          {
            "area": "EN1 4TN",
            "lat": 51.666276,
            "lon": -0.068663,
            "reference": "INCD-626947-Z",
            "status": "planned",
            "type": "3"
          },
          {
            "area": "EN1 4TW",
            "lat": 51.665838,
            "lon": -0.067727,
            "reference": "INCD-626947-Z",
            "status": "planned",
            "type": "3"
          },
          {
            "area": "EN1 4TY",
            "lat": 51.66636,
            "lon": -0.067228,
            "reference": "INCD-626947-Z",
            "status": "planned",
            "type": "3"
          },
          {
            "area": "EN1 4TZ",
            "lat": 51.667322,
            "lon": -0.067187,
            "reference": "INCD-626947-Z",
            "status": "planned",
            "type": "3"
          },
          {
            "area": "EN2 0AA",
            "lat": 51.657496,
            "lon": -0.082164,
            "reference": "INCD-626947-Z",
            "status": "planned",
            "type": "3"
          },
          {
            "area": "EN2 0AE",
            "lat": 51.658247,
            "lon": -0.082493,
            "reference": "INCD-626947-Z",
            "status": "planned",
            "type": "3"
          },
          {
            "area": "EN2 0AH",
            "lat": 51.658936,
            "lon": -0.085009,
            "reference": "INCD-626947-Z",
            "status": "planned",
            "type": "3"
          },
          {
            "area": "EN2 0AJ",
            "lat": 51.65926,
            "lon": -0.086123,
            "reference": "INCD-626947-Z",
            "status": "planned",
            "type": "3"
          },
          {
            "area": "EN2 0AN",
            "lat": 51.659502,
            "lon": -0.085506,
            "reference": "INCD-626947-Z",
            "status": "planned",
            "type": "3"
          },
          {
            "area": "EN2 0AQ",
            "lat": 51.658597,
            "lon": -0.084098,
            "reference": "INCD-626947-Z",
            "status": "planned",
            "type": "3"
          },
          {
            "area": "EN2 0AR",
            "lat": 51.659714,
            "lon": -0.085309,
            "reference": "INCD-626947-Z",
            "status": "planned",
            "type": "3"
          },
          {
            "area": "EN2 0AW",
            "lat": 51.659338,
            "lon": -0.08317,
            "reference": "INCD-626947-Z",
            "status": "planned",
            "type": "3"
          },
          {
            "area": "EN2 0AY",
            "lat": 51.663188,
            "lon": -0.078887,
            "reference": "INCD-626947-Z",
            "status": "planned",
            "type": "3"
          },
          {
            "area": "EN2 0AZ",
            "lat": 51.663383,
            "lon": -0.07924,
            "reference": "INCD-626947-Z",
            "status": "planned",
            "type": "3"
          },
          {
            "area": "EN2 0BA",
            "lat": 51.662569,
            "lon": -0.079506,
            "reference": "INCD-626947-Z",
            "status": "planned",
            "type": "3"
          },
          {
            "area": "EN2 0BD",
            "lat": 51.668903,
            "lon": -0.079701,
            "reference": "INCD-626947-Z",
            "status": "planned",
            "type": "3"
          },
          {
            "area": "EN2 0BG",
            "lat": 51.668191,
            "lon": -0.081278,
            "reference": "INCD-626947-Z",
            "status": "planned",
            "type": "3"
          },
          {
            "area": "EN2 0BJ",
            "lat": 51.665993,
            "lon": -0.082123,
            "reference": "INCD-626947-Z",
            "status": "planned",
            "type": "3"
          },
          {
            "area": "EN2 0BL",
            "lat": 51.666397,
            "lon": -0.081571,
            "reference": "INCD-626947-Z",
            "status": "planned",
            "type": "3"
          },
          {
            "area": "EN2 0BN",
            "lat": 51.665279,
            "lon": -0.081922,
            "reference": "INCD-626947-Z",
            "status": "planned",
            "type": "3"
          },
          {
            "area": "EN2 0BQ",
            "lat": 51.668219,
            "lon": -0.080814,
            "reference": "INCD-626947-Z",
            "status": "planned",
            "type": "3"
          },
          {
            "area": "EN2 0BS",
            "lat": 51.663546,
            "lon": -0.078192,
            "reference": "INCD-626947-Z",
            "status": "planned",
            "type": "3"
          },
          {
            "area": "EN2 0BU",
            "lat": 51.66397,
            "lon": -0.079982,
            "reference": "INCD-626947-Z",
            "status": "planned",
            "type": "3"
          },
          {
            "area": "EN2 0BW",
            "lat": 51.663652,
            "lon": -0.07865,
            "reference": "INCD-626947-Z",
            "status": "planned",
            "type": "3"
          },
          {
            "area": "EN2 0BX",
            "lat": 51.663839,
            "lon": -0.080754,
            "reference": "INCD-626947-Z",
            "status": "planned",
            "type": "3"
          },
          {
            "area": "EN2 0DA",
            "lat": 51.662751,
            "lon": -0.080756,
            "reference": "INCD-626947-Z",
            "status": "planned",
            "type": "3"
          },
          {
            "area": "EN2 0DB",
            "lat": 51.662855,
            "lon": -0.08107,
            "reference": "INCD-626947-Z",
            "status": "planned",
            "type": "3"
          },
          {
            "area": "EN2 0DE",
            "lat": 51.661694,
            "lon": -0.080468,
            "reference": "INCD-626947-Z",
            "status": "planned",
            "type": "3"
          },
          {
            "area": "EN2 0DF",
            "lat": 51.661889,
            "lon": -0.0814,
            "reference": "INCD-626947-Z",
            "status": "planned",
            "type": "3"
          },
          {
            "area": "EN2 0DH",
            "lat": 51.662804,
            "lon": -0.081781,
            "reference": "INCD-626947-Z",
            "status": "planned",
            "type": "3"
          },
          {
            "area": "EN2 0DP",
            "lat": 51.664707,
            "lon": -0.079951,
            "reference": "INCD-626947-Z",
            "status": "planned",
            "type": "3"
          },
          {
            "area": "EN2 0DS",
            "lat": 51.665493,
            "lon": -0.079064,
            "reference": "INCD-626947-Z",
            "status": "planned",
            "type": "3"
          },
          {
            "area": "EN2 0DU",
            "lat": 51.665642,
            "lon": -0.07994,
            "reference": "INCD-626947-Z",
            "status": "planned",
            "type": "3"
          },
          {
            "area": "EN2 0DX",
            "lat": 51.664893,
            "lon": -0.081418,
            "reference": "INCD-626947-Z",
            "status": "planned",
            "type": "3"
          },
          {
            "area": "EN2 0DY",
            "lat": 51.666487,
            "lon": -0.080454,
            "reference": "INCD-626947-Z",
            "status": "planned",
            "type": "3"
          },
          {
            "area": "EN2 0DZ",
            "lat": 51.667265,
            "lon": -0.079654,
            "reference": "INCD-626947-Z",
            "status": "planned",
            "type": "3"
          },
          {
            "area": "EN2 0EA",
            "lat": 51.667875,
            "lon": -0.079527,
            "reference": "INCD-626947-Z",
            "status": "planned",
            "type": "3"
          },
          {
            "area": "EN2 0EE",
            "lat": 51.667478,
            "lon": -0.080585,
            "reference": "INCD-626947-Z",
            "status": "planned",
            "type": "3"
          },
          {
            "area": "EN2 0EG",
            "lat": 51.664191,
            "lon": -0.09021,
            "reference": "INCD-626947-Z",
            "status": "planned",
            "type": "3"
          },
          {
            "area": "EN2 0EH",
            "lat": 51.664575,
            "lon": -0.082284,
            "reference": "INCD-626947-Z",
            "status": "planned",
            "type": "3"
          },
          {
            "area": "EN2 0EJ",
            "lat": 51.666664,
            "lon": -0.083006,
            "reference": "INCD-626947-Z",
            "status": "planned",
            "type": "3"
          },
          {
            "area": "EN2 0ES",
            "lat": 51.666203,
            "lon": -0.084515,
            "reference": "INCD-626947-Z",
            "status": "planned",
            "type": "3"
          },
          {
            "area": "EN2 0ET",
            "lat": 51.66658,
            "lon": -0.084484,
            "reference": "INCD-626947-Z",
            "status": "planned",
            "type": "3"
          },
          {
            "area": "EN2 0EW",
            "lat": 51.665983,
            "lon": -0.083165,
            "reference": "INCD-626947-Z",
            "status": "planned",
            "type": "3"
          },
          {
            "area": "EN2 0EX",
            "lat": 51.66609,
            "lon": -0.086414,
            "reference": "INCD-626947-Z",
            "status": "planned",
            "type": "3"
          },
          {
            "area": "EN2 0EZ",
            "lat": 51.666591,
            "lon": -0.087391,
            "reference": "INCD-626947-Z",
            "status": "planned",
            "type": "3"
          },
          {
            "area": "EN2 0HA",
            "lat": 51.666946,
            "lon": -0.086508,
            "reference": "INCD-626947-Z",
            "status": "planned",
            "type": "3"
          },
          {
            "area": "EN2 0HB",
            "lat": 51.666903,
            "lon": -0.087768,
            "reference": "INCD-626947-Z",
            "status": "planned",
            "type": "3"
          },
          {
            "area": "EN2 0HE",
            "lat": 51.667096,
            "lon": -0.085287,
            "reference": "INCD-626947-Z",
            "status": "planned",
            "type": "3"
          },
          {
            "area": "EN2 0HH",
            "lat": 51.669134,
            "lon": -0.083928,
            "reference": "INCD-626947-Z",
            "status": "planned",
            "type": "3"
          },
          {
            "area": "EN2 0HJ",
            "lat": 51.670271,
            "lon": -0.083649,
            "reference": "INCD-626947-Z",
            "status": "planned",
            "type": "3"
          },
          {
            "area": "EN2 0HL",
            "lat": 51.667763,
            "lon": -0.085924,
            "reference": "INCD-626947-Z",
            "status": "planned",
            "type": "3"
          },
          {
            "area": "EN2 0HP",
            "lat": 51.668519,
            "lon": -0.082074,
            "reference": "INCD-626947-Z",
            "status": "planned",
            "type": "3"
          },
          {
            "area": "EN2 0HR",
            "lat": 51.668713,
            "lon": -0.082413,
            "reference": "INCD-626947-Z",
            "status": "planned",
            "type": "3"
          },
          {
            "area": "EN2 0JA",
            "lat": 51.661571,
            "lon": -0.086113,
            "reference": "INCD-626947-Z",
            "status": "planned",
            "type": "3"
          },
          {
            "area": "EN2 0JG",
            "lat": 51.663431,
            "lon": -0.08547,
            "reference": "INCD-626947-Z",
            "status": "planned",
            "type": "3"
          },
          {
            "area": "EN2 0JH",
            "lat": 51.663865,
            "lon": -0.085062,
            "reference": "INCD-626947-Z",
            "status": "planned",
            "type": "3"
          },
          {
            "area": "EN2 0JJ",
            "lat": 51.664099,
            "lon": -0.08511,
            "reference": "INCD-626947-Z",
            "status": "planned",
            "type": "3"
          },
          {
            "area": "EN2 0JN",
            "lat": 51.664148,
            "lon": -0.083719,
            "reference": "INCD-626947-Z",
            "status": "planned",
            "type": "3"
          },
          {
            "area": "EN2 0JP",
            "lat": 51.662547,
            "lon": -0.08532,
            "reference": "INCD-626947-Z",
            "status": "planned",
            "type": "3"
          },
          {
            "area": "EN2 0JR",
            "lat": 51.663873,
            "lon": -0.08282,
            "reference": "INCD-626947-Z",
            "status": "planned",
            "type": "3"
          },
          {
            "area": "EN2 0JS",
            "lat": 51.663914,
            "lon": -0.083671,
            "reference": "INCD-626947-Z",
            "status": "planned",
            "type": "3"
          },
          {
            "area": "EN2 0JU",
            "lat": 51.663541,
            "lon": -0.08509,
            "reference": "INCD-626947-Z",
            "status": "planned",
            "type": "3"
          },
          {
            "area": "EN2 7QB",
            "lat": 51.658867,
            "lon": -0.104589,
            "reference": "INCD-626947-Z",
            "status": "planned",
            "type": "3"
          },
          {
            "area": "EN2 7QJ",
            "lat": 51.655752,
            "lon": -0.102116,
            "reference": "INCD-626947-Z",
            "status": "planned",
            "type": "3"
          },
          {
            "area": "EN2 7QX",
            "lat": 51.65422,
            "lon": -0.108614,
            "reference": "INCD-626947-Z",
            "status": "planned",
            "type": "3"
          },
          {
            "area": "EN2 7RE",
            "lat": 51.651735,
            "lon": -0.108428,
            "reference": "INCD-626947-Z",
            "status": "planned",
            "type": "3"
          },
          {
            "area": "EN2 7RH",
            "lat": 51.64775,
            "lon": -0.109461,
            "reference": "INCD-626947-Z",
            "status": "planned",
            "type": "3"
          },
          {
            "area": "EN2 7RS",
            "lat": 51.648802,
            "lon": -0.113898,
            "reference": "INCD-626947-Z",
            "status": "planned",
            "type": "3"
          },
          {
            "area": "EN2 8AF",
            "lat": 51.681052,
            "lon": -0.146872,
            "reference": "INCD-626947-Z",
            "status": "planned",
            "type": "3"
          },
          {
            "area": "EN2 0JW",
            "lat": 51.663833,
            "lon": -0.081997,
            "reference": "INCD-626947-Z",
            "status": "planned",
            "type": "3"
          },
          {
            "area": "EN2 0JX",
            "lat": 51.663228,
            "lon": -0.084597,
            "reference": "INCD-626947-Z",
            "status": "planned",
            "type": "3"
          },
          {
            "area": "EN2 0JZ",
            "lat": 51.66181,
            "lon": -0.085351,
            "reference": "INCD-626947-Z",
            "status": "planned",
            "type": "3"
          },
          {
            "area": "EN2 0LA",
            "lat": 51.662939,
            "lon": -0.084002,
            "reference": "INCD-626947-Z",
            "status": "planned",
            "type": "3"
          },
          {
            "area": "EN2 0LB",
            "lat": 51.663439,
            "lon": -0.083243,
            "reference": "INCD-626947-Z",
            "status": "planned",
            "type": "3"
          },
          {
            "area": "EN2 0LE",
            "lat": 51.662857,
            "lon": -0.083354,
            "reference": "INCD-626947-Z",
            "status": "planned",
            "type": "3"
          },
          {
            "area": "EN2 0LJ",
            "lat": 51.664501,
            "lon": -0.08382,
            "reference": "INCD-626947-Z",
            "status": "planned",
            "type": "3"
          },
          {
            "area": "EN2 0LL",
            "lat": 51.664709,
            "lon": -0.083884,
            "reference": "INCD-626947-Z",
            "status": "planned",
            "type": "3"
          },
          {
            "area": "EN2 0LN",
            "lat": 51.665273,
            "lon": -0.08373,
            "reference": "INCD-626947-Z",
            "status": "planned",
            "type": "3"
          },
          {
            "area": "EN2 0LQ",
            "lat": 51.663123,
            "lon": -0.082606,
            "reference": "INCD-626947-Z",
            "status": "planned",
            "type": "3"
          },
          {
            "area": "EN2 0LS",
            "lat": 51.66571,
            "lon": -0.084102,
            "reference": "INCD-626947-Z",
            "status": "planned",
            "type": "3"
          },
          {
            "area": "EN2 0LU",
            "lat": 51.665249,
            "lon": -0.086146,
            "reference": "INCD-626947-Z",
            "status": "planned",
            "type": "3"
          },
          {
            "area": "EN2 0NH",
            "lat": 51.665206,
            "lon": -0.086841,
            "reference": "INCD-626947-Z",
            "status": "planned",
            "type": "3"
          },
          {
            "area": "EN2 0NJ",
            "lat": 51.666152,
            "lon": -0.087452,
            "reference": "INCD-626947-Z",
            "status": "planned",
            "type": "3"
          },
          {
            "area": "EN2 0NN",
            "lat": 51.66595,
            "lon": -0.088864,
            "reference": "INCD-626947-Z",
            "status": "planned",
            "type": "3"
          },
          {
            "area": "EN2 0NP",
            "lat": 51.665602,
            "lon": -0.089052,
            "reference": "INCD-626947-Z",
            "status": "planned",
            "type": "3"
          },
          {
            "area": "EN2 0NS",
            "lat": 51.665669,
            "lon": -0.088181,
            "reference": "INCD-626947-Z",
            "status": "planned",
            "type": "3"
          },
          {
            "area": "EN2 0NX",
            "lat": 51.665034,
            "lon": -0.089481,
            "reference": "INCD-626947-Z",
            "status": "planned",
            "type": "3"
          },
          {
            "area": "EN2 0NZ",
            "lat": 51.666107,
            "lon": -0.089696,
            "reference": "INCD-626947-Z",
            "status": "planned",
            "type": "3"
          },
          {
            "area": "EN2 0PA",
            "lat": 51.666107,
            "lon": -0.089696,
            "reference": "INCD-626947-Z",
            "status": "planned",
            "type": "3"
          },
          {
            "area": "EN2 0PB",
            "lat": 51.666626,
            "lon": -0.09005,
            "reference": "INCD-626947-Z",
            "status": "planned",
            "type": "3"
          },
          {
            "area": "EN2 0PD",
            "lat": 51.666626,
            "lon": -0.09005,
            "reference": "INCD-626947-Z",
            "status": "planned",
            "type": "3"
          },
          {
            "area": "EN2 0PE",
            "lat": 51.666426,
            "lon": -0.091027,
            "reference": "INCD-626947-Z",
            "status": "planned",
            "type": "3"
          },
          {
            "area": "EN2 0PF",
            "lat": 51.666426,
            "lon": -0.091027,
            "reference": "INCD-626947-Z",
            "status": "planned",
            "type": "3"
          },
          {
            "area": "EN2 0PG",
            "lat": 51.66588,
            "lon": -0.090674,
            "reference": "INCD-626947-Z",
            "status": "planned",
            "type": "3"
          },
          {
            "area": "EN2 0PJ",
            "lat": 51.659989,
            "lon": -0.083418,
            "reference": "INCD-626947-Z",
            "status": "planned",
            "type": "3"
          },
          {
            "area": "EN2 0PL",
            "lat": 51.661094,
            "lon": -0.08447,
            "reference": "INCD-626947-Z",
            "status": "planned",
            "type": "3"
          },
          {
            "area": "EN2 0PN",
            "lat": 51.659621,
            "lon": -0.087294,
            "reference": "INCD-626947-Z",
            "status": "planned",
            "type": "3"
          },
          {
            "area": "EN2 0PP",
            "lat": 51.660257,
            "lon": -0.086067,
            "reference": "INCD-626947-Z",
            "status": "planned",
            "type": "3"
          },
          {
            "area": "EN2 0PQ",
            "lat": 51.66588,
            "lon": -0.090674,
            "reference": "INCD-626947-Z",
            "status": "planned",
            "type": "3"
          },
          {
            "area": "EN2 0PR",
            "lat": 51.660132,
            "lon": -0.084467,
            "reference": "INCD-626947-Z",
            "status": "planned",
            "type": "3"
          },
          {
            "area": "EN2 0PT",
            "lat": 51.660881,
            "lon": -0.086821,
            "reference": "INCD-626947-Z",
            "status": "planned",
            "type": "3"
          },
          {
            "area": "EN2 0PU",
            "lat": 51.660873,
            "lon": -0.085766,
            "reference": "INCD-626947-Z",
            "status": "planned",
            "type": "3"
          },
          {
            "area": "EN2 0PW",
            "lat": 51.660192,
            "lon": -0.087067,
            "reference": "INCD-626947-Z",
            "status": "planned",
            "type": "3"
          },
          {
            "area": "EN2 0PX",
            "lat": 51.660607,
            "lon": -0.083811,
            "reference": "INCD-626947-Z",
            "status": "planned",
            "type": "3"
          },
          {
            "area": "EN2 0PY",
            "lat": 51.660537,
            "lon": -0.084479,
            "reference": "INCD-626947-Z",
            "status": "planned",
            "type": "3"
          },
          {
            "area": "EN6 4DL",
            "lat": 51.697951,
            "lon": -0.123274,
            "reference": "INCD-626947-Z",
            "status": "planned",
            "type": "3"
          },
          {
            "area": "N21 1AA",
            "lat": 51.636919,
            "lon": -0.103048,
            "reference": "INCD-626947-Z",
            "status": "planned",
            "type": "3"
          },
          {
            "area": "N21 1AB",
            "lat": 51.636995,
            "lon": -0.103911,
            "reference": "INCD-626947-Z",
            "status": "planned",
            "type": "3"
          },
          {
            "area": "N21 1AD",
            "lat": 51.637223,
            "lon": -0.104639,
            "reference": "INCD-626947-Z",
            "status": "planned",
            "type": "3"
          },
          {
            "area": "EN1 2DB",
            "lat": 51.640784,
            "lon": -0.080282,
            "reference": "INCD-626947-Z",
            "status": "planned",
            "type": "3"
          },
          {
            "area": "EN1 2HB",
            "lat": 51.636811,
            "lon": -0.080956,
            "reference": "INCD-626947-Z",
            "status": "planned",
            "type": "3"
          },
          {
            "area": "EN1 2JU",
            "lat": 51.637062,
            "lon": -0.079818,
            "reference": "INCD-626947-Z",
            "status": "planned",
            "type": "3"
          },
          {
            "area": "EN1 3AP",
            "lat": 51.65308,
            "lon": -0.076062,
            "reference": "INCD-626947-Z",
            "status": "planned",
            "type": "3"
          },
          {
            "area": "EN1 3AR",
            "lat": 51.654291,
            "lon": -0.075895,
            "reference": "INCD-626947-Z",
            "status": "planned",
            "type": "3"
          },
          {
            "area": "EN1 3BL",
            "lat": 51.659145,
            "lon": -0.070311,
            "reference": "INCD-626947-Z",
            "status": "planned",
            "type": "3"
          },
          {
            "area": "EN1 3BQ",
            "lat": 51.658012,
            "lon": -0.072498,
            "reference": "INCD-626947-Z",
            "status": "planned",
            "type": "3"
          },
          {
            "area": "EN1 3BS",
            "lat": 51.65818,
            "lon": -0.073966,
            "reference": "INCD-626947-Z",
            "status": "planned",
            "type": "3"
          },
          {
            "area": "EN1 3BX",
            "lat": 51.653422,
            "lon": -0.076625,
            "reference": "INCD-626947-Z",
            "status": "planned",
            "type": "3"
          },
          {
            "area": "EN1 3BY",
            "lat": 51.654211,
            "lon": -0.077069,
            "reference": "INCD-626947-Z",
            "status": "planned",
            "type": "3"
          },
          {
            "area": "EN1 3DE",
            "lat": 51.654657,
            "lon": -0.072988,
            "reference": "INCD-626947-Z",
            "status": "planned",
            "type": "3"
          },
          {
            "area": "EN1 3HX",
            "lat": 51.659406,
            "lon": -0.077977,
            "reference": "INCD-626947-Z",
            "status": "planned",
            "type": "3"
          },
          {
            "area": "EN1 3HY",
            "lat": 51.659244,
            "lon": -0.076885,
            "reference": "INCD-626947-Z",
            "status": "planned",
            "type": "3"
          },
          {
            "area": "EN1 3JD",
            "lat": 51.659059,
            "lon": -0.074377,
            "reference": "INCD-626947-Z",
            "status": "planned",
            "type": "3"
          },
          {
            "area": "EN1 3JF",
            "lat": 51.658619,
            "lon": -0.073875,
            "reference": "INCD-626947-Z",
            "status": "planned",
            "type": "3"
          },
          {
            "area": "N21 1AF",
            "lat": 51.645496,
            "lon": -0.114657,
            "reference": "INCD-626947-Z",
            "status": "planned",
            "type": "3"
          },
          {
            "area": "N21 1AG",
            "lat": 51.638426,
            "lon": -0.104502,
            "reference": "INCD-626947-Z",
            "status": "planned",
            "type": "3"
          },
          {
            "area": "N21 1AH",
            "lat": 51.638726,
            "lon": -0.104735,
            "reference": "INCD-626947-Z",
            "status": "planned",
            "type": "3"
          },
          {
            "area": "N21 1AJ",
            "lat": 51.638501,
            "lon": -0.103039,
            "reference": "INCD-626947-Z",
            "status": "planned",
            "type": "3"
          },
          {
            "area": "N21 1AL",
            "lat": 51.640163,
            "lon": -0.101799,
            "reference": "INCD-626947-Z",
            "status": "planned",
            "type": "3"
          },
          {
            "area": "N21 1AN",
            "lat": 51.639849,
            "lon": -0.101306,
            "reference": "INCD-626947-Z",
            "status": "planned",
            "type": "3"
          },
          {
            "area": "N21 1AP",
            "lat": 51.638518,
            "lon": -0.102403,
            "reference": "INCD-626947-Z",
            "status": "planned",
            "type": "3"
          },
          {
            "area": "N21 1AR",
            "lat": 51.638927,
            "lon": -0.101027,
            "reference": "INCD-626947-Z",
            "status": "planned",
            "type": "3"
          },
          {
            "area": "N21 1AS",
            "lat": 51.639001,
            "lon": -0.099507,
            "reference": "INCD-626947-Z",
            "status": "planned",
            "type": "3"
          },
          {
            "area": "N21 1AT",
            "lat": 51.637447,
            "lon": -0.10067,
            "reference": "INCD-626947-Z",
            "status": "planned",
            "type": "3"
          },
          {
            "area": "N21 1AU",
            "lat": 51.637245,
            "lon": -0.102123,
            "reference": "INCD-626947-Z",
            "status": "planned",
            "type": "3"
          },
          {
            "area": "N21 1AZ",
            "lat": 51.636554,
            "lon": -0.102774,
            "reference": "INCD-626947-Z",
            "status": "planned",
            "type": "3"
          },
          {
            "area": "N21 1BD",
            "lat": 51.635071,
            "lon": -0.102807,
            "reference": "INCD-626947-Z",
            "status": "planned",
            "type": "3"
          },
          {
            "area": "N21 1BE",
            "lat": 51.635269,
            "lon": -0.101686,
            "reference": "INCD-626947-Z",
            "status": "planned",
            "type": "3"
          },
          {
            "area": "N21 1BG",
            "lat": 51.635525,
            "lon": -0.103091,
            "reference": "INCD-626947-Z",
            "status": "planned",
            "type": "3"
          },
          {
            "area": "N21 1BH",
            "lat": 51.635472,
            "lon": -0.1037,
            "reference": "INCD-626947-Z",
            "status": "planned",
            "type": "3"
          },
          {
            "area": "N21 1BJ",
            "lat": 51.636194,
            "lon": -0.103309,
            "reference": "INCD-626947-Z",
            "status": "planned",
            "type": "3"
          },
          {
            "area": "N21 1BL",
            "lat": 51.636136,
            "lon": -0.101361,
            "reference": "INCD-626947-Z",
            "status": "planned",
            "type": "3"
          },
          {
            "area": "N21 1BN",
            "lat": 51.636459,
            "lon": -0.101318,
            "reference": "INCD-626947-Z",
            "status": "planned",
            "type": "3"
          },
          {
            "area": "N21 1BP",
            "lat": 51.634703,
            "lon": -0.101695,
            "reference": "INCD-626947-Z",
            "status": "planned",
            "type": "3"
          },
          {
            "area": "N21 1BS",
            "lat": 51.634157,
            "lon": -0.101299,
            "reference": "INCD-626947-Z",
            "status": "planned",
            "type": "3"
          },
          {
            "area": "N21 1BU",
            "lat": 51.637502,
            "lon": -0.099642,
            "reference": "INCD-626947-Z",
            "status": "planned",
            "type": "3"
          },
          {
            "area": "N21 1DA",
            "lat": 51.643821,
            "lon": -0.098943,
            "reference": "INCD-626947-Z",
            "status": "planned",
            "type": "3"
          },
          {
            "area": "N21 1DB",
            "lat": 51.643947,
            "lon": -0.09836,
            "reference": "INCD-626947-Z",
            "status": "planned",
            "type": "3"
          },
          {
            "area": "N21 1DD",
            "lat": 51.645889,
            "lon": -0.099435,
            "reference": "INCD-626947-Z",
            "status": "planned",
            "type": "3"
          },
          {
            "area": "N21 1DE",
            "lat": 51.645862,
            "lon": -0.100014,
            "reference": "INCD-626947-Z",
            "status": "planned",
            "type": "3"
          },
          {
            "area": "N21 1DH",
            "lat": 51.64663,
            "lon": -0.102483,
            "reference": "INCD-626947-Z",
            "status": "planned",
            "type": "3"
          },
          {
            "area": "N21 1DJ",
            "lat": 51.645406,
            "lon": -0.101305,
            "reference": "INCD-626947-Z",
            "status": "planned",
            "type": "3"
          },
          {
            "area": "N21 1DL",
            "lat": 51.645442,
            "lon": -0.100711,
            "reference": "INCD-626947-Z",
            "status": "planned",
            "type": "3"
          },
          {
            "area": "N21 1DS",
            "lat": 51.64431,
            "lon": -0.103591,
            "reference": "INCD-626947-Z",
            "status": "planned",
            "type": "3"
          },
          {
            "area": "N21 1DU",
            "lat": 51.645864,
            "lon": -0.105174,
            "reference": "INCD-626947-Z",
            "status": "planned",
            "type": "3"
          },
          {
            "area": "N21 1DY",
            "lat": 51.645134,
            "lon": -0.102285,
            "reference": "INCD-626947-Z",
            "status": "planned",
            "type": "3"
          },
          {
            "area": "N21 1EJ",
            "lat": 51.641087,
            "lon": -0.107224,
            "reference": "INCD-626947-Z",
            "status": "planned",
            "type": "3"
          },
          {
            "area": "N21 1EL",
            "lat": 51.640866,
            "lon": -0.10862,
            "reference": "INCD-626947-Z",
            "status": "planned",
            "type": "3"
          },
          {
            "area": "N21 1EN",
            "lat": 51.643687,
            "lon": -0.109543,
            "reference": "INCD-626947-Z",
            "status": "planned",
            "type": "3"
          },
          {
            "area": "N21 1EP",
            "lat": 51.643602,
            "lon": -0.108159,
            "reference": "INCD-626947-Z",
            "status": "planned",
            "type": "3"
          },
          {
            "area": "N21 1EQ",
            "lat": 51.640931,
            "lon": -0.103718,
            "reference": "INCD-626947-Z",
            "status": "planned",
            "type": "3"
          },
          {
            "area": "N21 1ES",
            "lat": 51.643506,
            "lon": -0.106111,
            "reference": "INCD-626947-Z",
            "status": "planned",
            "type": "3"
          },
          {
            "area": "N21 1ET",
            "lat": 51.642749,
            "lon": -0.106041,
            "reference": "INCD-626947-Z",
            "status": "planned",
            "type": "3"
          },
          {
            "area": "N21 1EU",
            "lat": 51.642273,
            "lon": -0.106061,
            "reference": "INCD-626947-Z",
            "status": "planned",
            "type": "3"
          },
          {
            "area": "N21 1GR",
            "lat": 51.634606,
            "lon": -0.102407,
            "reference": "INCD-626947-Z",
            "status": "planned",
            "type": "3"
          },
          {
            "area": "N21 1HJ",
            "lat": 51.642106,
            "lon": -0.100778,
            "reference": "INCD-626947-Z",
            "status": "planned",
            "type": "3"
          },
          {
            "area": "N21 1LL",
            "lat": 51.637758,
            "lon": -0.106553,
            "reference": "INCD-626947-Z",
            "status": "planned",
            "type": "3"
          },
          {
            "area": "N21 1LP",
            "lat": 51.63799,
            "lon": -0.107584,
            "reference": "INCD-626947-Z",
            "status": "planned",
            "type": "3"
          },
          {
            "area": "N21 1LR",
            "lat": 51.638204,
            "lon": -0.108052,
            "reference": "INCD-626947-Z",
            "status": "planned",
            "type": "3"
          },
          {
            "area": "N21 1LT",
            "lat": 51.638868,
            "lon": -0.108487,
            "reference": "INCD-626947-Z",
            "status": "planned",
            "type": "3"
          },
          {
            "area": "N21 1LU",
            "lat": 51.639232,
            "lon": -0.108746,
            "reference": "INCD-626947-Z",
            "status": "planned",
            "type": "3"
          },
          {
            "area": "N21 1LX",
            "lat": 51.6398,
            "lon": -0.104936,
            "reference": "INCD-626947-Z",
            "status": "planned",
            "type": "3"
          },
          {
            "area": "N21 1LY",
            "lat": 51.639336,
            "lon": -0.105201,
            "reference": "INCD-626947-Z",
            "status": "planned",
            "type": "3"
          },
          {
            "area": "N21 1NB",
            "lat": 51.642903,
            "lon": -0.110559,
            "reference": "INCD-626947-Z",
            "status": "planned",
            "type": "3"
          },
          {
            "area": "N21 1NJ",
            "lat": 51.641089,
            "lon": -0.114623,
            "reference": "INCD-626947-Z",
            "status": "planned",
            "type": "3"
          },
          {
            "area": "N21 1NN",
            "lat": 51.641121,
            "lon": -0.113263,
            "reference": "INCD-626947-Z",
            "status": "planned",
            "type": "3"
          },
          {
            "area": "N21 1NS",
            "lat": 51.642918,
            "lon": -0.111483,
            "reference": "INCD-626947-Z",
            "status": "planned",
            "type": "3"
          },
          {
            "area": "N21 1NX",
            "lat": 51.642344,
            "lon": -0.11382,
            "reference": "INCD-626947-Z",
            "status": "planned",
            "type": "3"
          },
          {
            "area": "N21 1PA",
            "lat": 51.642665,
            "lon": -0.116466,
            "reference": "INCD-626947-Z",
            "status": "planned",
            "type": "3"
          },
          {
            "area": "N21 1PB",
            "lat": 51.642771,
            "lon": -0.112992,
            "reference": "INCD-626947-Z",
            "status": "planned",
            "type": "3"
          },
          {
            "area": "N21 1PD",
            "lat": 51.643372,
            "lon": -0.112866,
            "reference": "INCD-626947-Z",
            "status": "planned",
            "type": "3"
          },
          {
            "area": "N21 1PG",
            "lat": 51.643853,
            "lon": -0.113193,
            "reference": "INCD-626947-Z",
            "status": "planned",
            "type": "3"
          },
          {
            "area": "N21 1PP",
            "lat": 51.647207,
            "lon": -0.108717,
            "reference": "INCD-626947-Z",
            "status": "planned",
            "type": "3"
          },
          {
            "area": "N21 1PQ",
            "lat": 51.643814,
            "lon": -0.112429,
            "reference": "INCD-626947-Z",
            "status": "planned",
            "type": "3"
          },
          {
            "area": "EN1 3LA",
            "lat": 51.661101,
            "lon": -0.078802,
            "reference": "INCD-626947-Z",
            "status": "planned",
            "type": "3"
          },
          {
            "area": "EN1 3LJ",
            "lat": 51.662171,
            "lon": -0.075503,
            "reference": "INCD-626947-Z",
            "status": "planned",
            "type": "3"
          },
          {
            "area": "EN1 3LQ",
            "lat": 51.663877,
            "lon": -0.076457,
            "reference": "INCD-626947-Z",
            "status": "planned",
            "type": "3"
          },
          {
            "area": "EN1 3LR",
            "lat": 51.662491,
            "lon": -0.074217,
            "reference": "INCD-626947-Z",
            "status": "planned",
            "type": "3"
          },
          {
            "area": "EN1 3QT",
            "lat": 51.666155,
            "lon": -0.073874,
            "reference": "INCD-626947-Z",
            "status": "planned",
            "type": "3"
          },
          {
            "area": "EN1 3RF",
            "lat": 51.664066,
            "lon": -0.073181,
            "reference": "INCD-626947-Z",
            "status": "planned",
            "type": "3"
          },
          {
            "area": "EN1 3UP",
            "lat": 51.657572,
            "lon": -0.077476,
            "reference": "INCD-626947-Z",
            "status": "planned",
            "type": "3"
          },
          {
            "area": "EN2 8EE",
            "lat": 51.654601,
            "lon": -0.094358,
            "reference": "INCD-626947-Z",
            "status": "planned",
            "type": "3"
          },
          {
            "area": "EN2 8EQ",
            "lat": 51.655308,
            "lon": -0.095831,
            "reference": "INCD-626947-Z",
            "status": "planned",
            "type": "3"
          },
          {
            "area": "EN2 8EY",
            "lat": 51.658906,
            "lon": -0.096447,
            "reference": "INCD-626947-Z",
            "status": "planned",
            "type": "3"
          },
          {
            "area": "EN2 8FE",
            "lat": 51.659389,
            "lon": -0.096297,
            "reference": "INCD-626947-Z",
            "status": "planned",
            "type": "3"
          },
          {
            "area": "EN2 8FF",
            "lat": 51.659483,
            "lon": -0.096524,
            "reference": "INCD-626947-Z",
            "status": "planned",
            "type": "3"
          },
          {
            "area": "EN2 8FG",
            "lat": 51.663613,
            "lon": -0.101137,
            "reference": "INCD-626947-Z",
            "status": "planned",
            "type": "3"
          },
          {
            "area": "EN2 8FH",
            "lat": 51.658891,
            "lon": -0.094944,
            "reference": "INCD-626947-Z",
            "status": "planned",
            "type": "3"
          },
          {
            "area": "EN2 8FS",
            "lat": 51.661808,
            "lon": -0.093535,
            "reference": "INCD-626947-Z",
            "status": "planned",
            "type": "3"
          },
          {
            "area": "EN2 8FT",
            "lat": 51.65691,
            "lon": -0.100882,
            "reference": "INCD-626947-Z",
            "status": "planned",
            "type": "3"
          },
          {
            "area": "EN2 8JJ",
            "lat": 51.666227,
            "lon": -0.109285,
            "reference": "INCD-626947-Z",
            "status": "planned",
            "type": "3"
          },
          {
            "area": "EN2 8JN",
            "lat": 51.66611,
            "lon": -0.108206,
            "reference": "INCD-626947-Z",
            "status": "planned",
            "type": "3"
          },
          {
            "area": "EN2 8JS",
            "lat": 51.665118,
            "lon": -0.107437,
            "reference": "INCD-626947-Z",
            "status": "planned",
            "type": "3"
          },
          {
            "area": "EN2 8JT",
            "lat": 51.665473,
            "lon": -0.109953,
            "reference": "INCD-626947-Z",
            "status": "planned",
            "type": "3"
          },
          {
            "area": "EN2 8JU",
            "lat": 51.66439,
            "lon": -0.107511,
            "reference": "INCD-626947-Z",
            "status": "planned",
            "type": "3"
          },
          {
            "area": "EN2 8JX",
            "lat": 51.664116,
            "lon": -0.107754,
            "reference": "INCD-626947-Z",
            "status": "planned",
            "type": "3"
          },
          {
            "area": "EN2 8JY",
            "lat": 51.665168,
            "lon": -0.109431,
            "reference": "INCD-626947-Z",
            "status": "planned",
            "type": "3"
          },
          {
            "area": "EN2 8LA",
            "lat": 51.666361,
            "lon": -0.117074,
            "reference": "INCD-626947-Z",
            "status": "planned",
            "type": "3"
          },
          {
            "area": "EN2 8LB",
            "lat": 51.666693,
            "lon": -0.11145,
            "reference": "INCD-626947-Z",
            "status": "planned",
            "type": "3"
          },
          {
            "area": "EN2 8LD",
            "lat": 51.667586,
            "lon": -0.108809,
            "reference": "INCD-626947-Z",
            "status": "planned",
            "type": "3"
          },
          {
            "area": "EN2 8LF",
            "lat": 51.666836,
            "lon": -0.109708,
            "reference": "INCD-626947-Z",
            "status": "planned",
            "type": "3"
          },
          {
            "area": "EN2 8LG",
            "lat": 51.660245,
            "lon": -0.101379,
            "reference": "INCD-626947-Z",
            "status": "planned",
            "type": "3"
          },
          {
            "area": "EN2 8LH",
            "lat": 51.659718,
            "lon": -0.101025,
            "reference": "INCD-626947-Z",
            "status": "planned",
            "type": "3"
          },
          {
            "area": "EN2 8LJ",
            "lat": 51.659628,
            "lon": -0.101593,
            "reference": "INCD-626947-Z",
            "status": "planned",
            "type": "3"
          },
          {
            "area": "EN2 8LL",
            "lat": 51.659529,
            "lon": -0.102175,
            "reference": "INCD-626947-Z",
            "status": "planned",
            "type": "3"
          },
          {
            "area": "EN2 8LN",
            "lat": 51.659255,
            "lon": -0.103546,
            "reference": "INCD-626947-Z",
            "status": "planned",
            "type": "3"
          },
          {
            "area": "EN1 2HA",
            "lat": 51.63779,
            "lon": -0.0809,
            "reference": "INCD-626947-Z",
            "status": "planned",
            "type": "3"
          },
          {
            "area": "EN1 3BD",
            "lat": 51.658627,
            "lon": -0.069971,
            "reference": "INCD-626947-Z",
            "status": "planned",
            "type": "3"
          },
          {
            "area": "EN1 3DQ",
            "lat": 51.654624,
            "lon": -0.074854,
            "reference": "INCD-626947-Z",
            "status": "planned",
            "type": "3"
          },
          {
            "area": "EN1 3FR",
            "lat": 51.659472,
            "lon": -0.078755,
            "reference": "INCD-626947-Z",
            "status": "planned",
            "type": "3"
          },
          {
            "area": "EN1 3HG",
            "lat": 51.66206,
            "lon": -0.074799,
            "reference": "INCD-626947-Z",
            "status": "planned",
            "type": "3"
          },
          {
            "area": "EN1 3JR",
            "lat": 51.658561,
            "lon": -0.079646,
            "reference": "INCD-626947-Z",
            "status": "planned",
            "type": "3"
          },
          {
            "area": "EN1 2HD",
            "lat": 51.638952,
            "lon": -0.079334,
            "reference": "INCD-626947-Z",
            "status": "planned",
            "type": "3"
          },
          {
            "area": "EN1 3AX",
            "lat": 51.658592,
            "lon": -0.072792,
            "reference": "INCD-626947-Z",
            "status": "planned",
            "type": "3"
          },
          {
            "area": "EN1 3DG",
            "lat": 51.653459,
            "lon": -0.075641,
            "reference": "INCD-626947-Z",
            "status": "planned",
            "type": "3"
          },
          {
            "area": "EN1 3EU",
            "lat": 51.656091,
            "lon": -0.079852,
            "reference": "INCD-626947-Z",
            "status": "planned",
            "type": "3"
          },
          {
            "area": "EN1 3EY",
            "lat": 51.657241,
            "lon": -0.080338,
            "reference": "INCD-626947-Z",
            "status": "planned",
            "type": "3"
          },
          {
            "area": "EN1 3HL",
            "lat": 51.658892,
            "lon": -0.076278,
            "reference": "INCD-626947-Z",
            "status": "planned",
            "type": "3"
          },
          {
            "area": "EN1 3BZ",
            "lat": 51.654486,
            "lon": -0.076855,
            "reference": "INCD-626947-Z",
            "status": "planned",
            "type": "3"
          },
          {
            "area": "EN1 3JP",
            "lat": 51.658561,
            "lon": -0.080196,
            "reference": "INCD-626947-Z",
            "status": "planned",
            "type": "3"
          },
          {
            "area": "EN1 2DD",
            "lat": 51.640988,
            "lon": -0.080693,
            "reference": "INCD-626947-Z",
            "status": "planned",
            "type": "3"
          },
          {
            "area": "EN1 2EY",
            "lat": 51.640763,
            "lon": -0.079546,
            "reference": "INCD-626947-Z",
            "status": "planned",
            "type": "3"
          },
          {
            "area": "EN1 3EJ",
            "lat": 51.653897,
            "lon": -0.081535,
            "reference": "INCD-626947-Z",
            "status": "planned",
            "type": "3"
          },
          {
            "area": "EN1 3QS",
            "lat": 51.666712,
            "lon": -0.073301,
            "reference": "INCD-626947-Z",
            "status": "planned",
            "type": "3"
          },
          {
            "area": "EN1 4AF",
            "lat": 51.665558,
            "lon": -0.07092,
            "reference": "INCD-626947-Z",
            "status": "planned",
            "type": "3"
          },
          {
            "area": "EN2 8AT",
            "lat": 51.691694,
            "lon": -0.121088,
            "reference": "INCD-626947-Z",
            "status": "planned",
            "type": "3"
          },
          {
            "area": "EN2 8BT",
            "lat": 51.661419,
            "lon": -0.095561,
            "reference": "INCD-626947-Z",
            "status": "planned",
            "type": "3"
          },
          {
            "area": "EN1 3TU",
            "lat": 51.654093,
            "lon": -0.077522,
            "reference": "INCD-626947-Z",
            "status": "planned",
            "type": "3"
          },
          {
            "area": "EN1 3UL",
            "lat": 51.657711,
            "lon": -0.07721,
            "reference": "INCD-626947-Z",
            "status": "planned",
            "type": "3"
          },
          {
            "area": "N21 1PS",
            "lat": 51.64378,
            "lon": -0.112011,
            "reference": "INCD-626947-Z",
            "status": "planned",
            "type": "3"
          },
          {
            "area": "N21 1RA",
            "lat": 51.642394,
            "lon": -0.09857,
            "reference": "INCD-626947-Z",
            "status": "planned",
            "type": "3"
          },
          {
            "area": "N21 1RD",
            "lat": 51.64133,
            "lon": -0.098889,
            "reference": "INCD-626947-Z",
            "status": "planned",
            "type": "3"
          },
          {
            "area": "N21 1RE",
            "lat": 51.642613,
            "lon": -0.09817,
            "reference": "INCD-626947-Z",
            "status": "planned",
            "type": "3"
          },
          {
            "area": "N21 1RF",
            "lat": 51.643601,
            "lon": -0.097551,
            "reference": "INCD-626947-Z",
            "status": "planned",
            "type": "3"
          },
          {
            "area": "N21 1RG",
            "lat": 51.642772,
            "lon": -0.100245,
            "reference": "INCD-626947-Z",
            "status": "planned",
            "type": "3"
          },
          {
            "area": "N21 1RH",
            "lat": 51.643044,
            "lon": -0.099829,
            "reference": "INCD-626947-Z",
            "status": "planned",
            "type": "3"
          },
          {
            "area": "N21 1RJ",
            "lat": 51.643454,
            "lon": -0.102341,
            "reference": "INCD-626947-Z",
            "status": "planned",
            "type": "3"
          },
          {
            "area": "N21 1RL",
            "lat": 51.643497,
            "lon": -0.105013,
            "reference": "INCD-626947-Z",
            "status": "planned",
            "type": "3"
          },
          {
            "area": "N21 1RN",
            "lat": 51.644177,
            "lon": -0.105375,
            "reference": "INCD-626947-Z",
            "status": "planned",
            "type": "3"
          },
          {
            "area": "N21 1RS",
            "lat": 51.641696,
            "lon": -0.099842,
            "reference": "INCD-626947-Z",
            "status": "planned",
            "type": "3"
          },
          {
            "area": "N21 1RT",
            "lat": 51.641428,
            "lon": -0.099405,
            "reference": "INCD-626947-Z",
            "status": "planned",
            "type": "3"
          },
          {
            "area": "N21 1RZ",
            "lat": 51.645742,
            "lon": -0.109834,
            "reference": "INCD-626947-Z",
            "status": "planned",
            "type": "3"
          },
          {
            "area": "N21 1SB",
            "lat": 51.646713,
            "lon": -0.113219,
            "reference": "INCD-626947-Z",
            "status": "planned",
            "type": "3"
          },
          {
            "area": "N21 1SF",
            "lat": 51.64752,
            "lon": -0.11414,
            "reference": "INCD-626947-Z",
            "status": "planned",
            "type": "3"
          },
          {
            "area": "N21 1SG",
            "lat": 51.646498,
            "lon": -0.113821,
            "reference": "INCD-626947-Z",
            "status": "planned",
            "type": "3"
          },
          {
            "area": "N21 1SH",
            "lat": 51.64465,
            "lon": -0.116889,
            "reference": "INCD-626947-Z",
            "status": "planned",
            "type": "3"
          },
          {
            "area": "N21 1SJ",
            "lat": 51.64444,
            "lon": -0.115568,
            "reference": "INCD-626947-Z",
            "status": "planned",
            "type": "3"
          },
          {
            "area": "N21 1SL",
            "lat": 51.644692,
            "lon": -0.113867,
            "reference": "INCD-626947-Z",
            "status": "planned",
            "type": "3"
          },
          {
            "area": "N21 1SN",
            "lat": 51.646579,
            "lon": -0.117142,
            "reference": "INCD-626947-Z",
            "status": "planned",
            "type": "3"
          },
          {
            "area": "N21 1SP",
            "lat": 51.646577,
            "lon": -0.117633,
            "reference": "INCD-626947-Z",
            "status": "planned",
            "type": "3"
          },
          {
            "area": "N21 1SQ",
            "lat": 51.644535,
            "lon": -0.11026,
            "reference": "INCD-626947-Z",
            "status": "planned",
            "type": "3"
          },
          {
            "area": "N21 1ST",
            "lat": 51.647598,
            "lon": -0.111216,
            "reference": "INCD-626947-Z",
            "status": "planned",
            "type": "3"
          },
          {
            "area": "N21 1SU",
            "lat": 51.647112,
            "lon": -0.112277,
            "reference": "INCD-626947-Z",
            "status": "planned",
            "type": "3"
          },
          {
            "area": "N21 1SW",
            "lat": 51.646499,
            "lon": -0.116654,
            "reference": "INCD-626947-Z",
            "status": "planned",
            "type": "3"
          },
          {
            "area": "N21 1SY",
            "lat": 51.646148,
            "lon": -0.116104,
            "reference": "INCD-626947-Z",
            "status": "planned",
            "type": "3"
          },
          {
            "area": "N21 1SZ",
            "lat": 51.647033,
            "lon": -0.110185,
            "reference": "INCD-626947-Z",
            "status": "planned",
            "type": "3"
          },
          {
            "area": "N21 1TD",
            "lat": 51.644756,
            "lon": -0.114514,
            "reference": "INCD-626947-Z",
            "status": "planned",
            "type": "3"
          },
          {
            "area": "N21 1TE",
            "lat": 51.644789,
            "lon": -0.116551,
            "reference": "INCD-626947-Z",
            "status": "planned",
            "type": "3"
          },
          {
            "area": "N21 1TH",
            "lat": 51.646159,
            "lon": -0.112274,
            "reference": "INCD-626947-Z",
            "status": "planned",
            "type": "3"
          },
          {
            "area": "N21 1TL",
            "lat": 51.645906,
            "lon": -0.113903,
            "reference": "INCD-626947-Z",
            "status": "planned",
            "type": "3"
          },
          {
            "area": "N21 1TN",
            "lat": 51.645384,
            "lon": -0.113318,
            "reference": "INCD-626947-Z",
            "status": "planned",
            "type": "3"
          },
          {
            "area": "N21 1TP",
            "lat": 51.645413,
            "lon": -0.114025,
            "reference": "INCD-626947-Z",
            "status": "planned",
            "type": "3"
          },
          {
            "area": "N21 1TQ",
            "lat": 51.645103,
            "lon": -0.113719,
            "reference": "INCD-626947-Z",
            "status": "planned",
            "type": "3"
          },
          {
            "area": "N21 1TR",
            "lat": 51.645855,
            "lon": -0.114613,
            "reference": "INCD-626947-Z",
            "status": "planned",
            "type": "3"
          },
          {
            "area": "N21 1TT",
            "lat": 51.645539,
            "lon": -0.112906,
            "reference": "INCD-626947-Z",
            "status": "planned",
            "type": "3"
          },
          {
            "area": "N21 1TU",
            "lat": 51.645109,
            "lon": -0.114659,
            "reference": "INCD-626947-Z",
            "status": "planned",
            "type": "3"
          },
          {
            "area": "N21 1TW",
            "lat": 51.644542,
            "lon": -0.11182,
            "reference": "INCD-626947-Z",
            "status": "planned",
            "type": "3"
          },
          {
            "area": "N21 1TY",
            "lat": 51.645146,
            "lon": -0.113038,
            "reference": "INCD-626947-Z",
            "status": "planned",
            "type": "3"
          },
          {
            "area": "N21 1UD",
            "lat": 51.644855,
            "lon": -0.111157,
            "reference": "INCD-626947-Z",
            "status": "planned",
            "type": "3"
          },
          {
            "area": "N21 1UF",
            "lat": 51.644547,
            "lon": -0.113237,
            "reference": "INCD-626947-Z",
            "status": "planned",
            "type": "3"
          },
          {
            "area": "N21 1UG",
            "lat": 51.644861,
            "lon": -0.111561,
            "reference": "INCD-626947-Z",
            "status": "planned",
            "type": "3"
          },
          {
            "area": "N21 1UH",
            "lat": 51.645305,
            "lon": -0.111731,
            "reference": "INCD-626947-Z",
            "status": "planned",
            "type": "3"
          },
          {
            "area": "N21 1UL",
            "lat": 51.645535,
            "lon": -0.116,
            "reference": "INCD-626947-Z",
            "status": "planned",
            "type": "3"
          },
          {
            "area": "N21 2AG",
            "lat": 51.636258,
            "lon": -0.090069,
            "reference": "INCD-626947-Z",
            "status": "planned",
            "type": "3"
          },
          {
            "area": "N21 2AH",
            "lat": 51.635996,
            "lon": -0.089965,
            "reference": "INCD-626947-Z",
            "status": "planned",
            "type": "3"
          },
          {
            "area": "N21 2AJ",
            "lat": 51.636329,
            "lon": -0.088318,
            "reference": "INCD-626947-Z",
            "status": "planned",
            "type": "3"
          },
          {
            "area": "N21 2AL",
            "lat": 51.637015,
            "lon": -0.088477,
            "reference": "INCD-626947-Z",
            "status": "planned",
            "type": "3"
          },
          {
            "area": "N21 2AN",
            "lat": 51.637058,
            "lon": -0.086697,
            "reference": "INCD-626947-Z",
            "status": "planned",
            "type": "3"
          },
          {
            "area": "N21 2AP",
            "lat": 51.636722,
            "lon": -0.086524,
            "reference": "INCD-626947-Z",
            "status": "planned",
            "type": "3"
          },
          {
            "area": "N21 2AR",
            "lat": 51.63607,
            "lon": -0.086219,
            "reference": "INCD-626947-Z",
            "status": "planned",
            "type": "3"
          },
          {
            "area": "N21 2AT",
            "lat": 51.636765,
            "lon": -0.085279,
            "reference": "INCD-626947-Z",
            "status": "planned",
            "type": "3"
          },
          {
            "area": "N21 2AU",
            "lat": 51.636191,
            "lon": -0.083699,
            "reference": "INCD-626947-Z",
            "status": "planned",
            "type": "3"
          },
          {
            "area": "N21 2AX",
            "lat": 51.636785,
            "lon": -0.082085,
            "reference": "INCD-626947-Z",
            "status": "planned",
            "type": "3"
          },
          {
            "area": "N21 2BA",
            "lat": 51.637145,
            "lon": -0.083197,
            "reference": "INCD-626947-Z",
            "status": "planned",
            "type": "3"
          },
          {
            "area": "N21 2BB",
            "lat": 51.638068,
            "lon": -0.084155,
            "reference": "INCD-626947-Z",
            "status": "planned",
            "type": "3"
          },
          {
            "area": "N21 2BD",
            "lat": 51.638341,
            "lon": -0.085444,
            "reference": "INCD-626947-Z",
            "status": "planned",
            "type": "3"
          },
          {
            "area": "EN2 8BY",
            "lat": 51.662183,
            "lon": -0.098349,
            "reference": "INCD-626947-Z",
            "status": "planned",
            "type": "3"
          },
          {
            "area": "EN2 8DX",
            "lat": 51.656907,
            "lon": -0.091311,
            "reference": "INCD-626947-Z",
            "status": "planned",
            "type": "3"
          },
          {
            "area": "EN2 8GJ",
            "lat": 51.661747,
            "lon": -0.10029,
            "reference": "INCD-626947-Z",
            "status": "planned",
            "type": "3"
          },
          {
            "area": "EN2 8JL",
            "lat": 51.666528,
            "lon": -0.104009,
            "reference": "INCD-626947-Z",
            "status": "planned",
            "type": "3"
          },
          {
            "area": "EN2 8JR",
            "lat": 51.665888,
            "lon": -0.106711,
            "reference": "INCD-626947-Z",
            "status": "planned",
            "type": "3"
          },
          {
            "area": "EN2 8JZ",
            "lat": 51.665325,
            "lon": -0.114702,
            "reference": "INCD-626947-Z",
            "status": "planned",
            "type": "3"
          },
          {
            "area": "EN1 4AE",
            "lat": 51.666073,
            "lon": -0.071665,
            "reference": "INCD-626947-Z",
            "status": "planned",
            "type": "3"
          },
          {
            "area": "EN2 8JF",
            "lat": 51.663037,
            "lon": -0.104429,
            "reference": "INCD-626947-Z",
            "status": "planned",
            "type": "3"
          },
          {
            "area": "EN2 8JG",
            "lat": 51.663664,
            "lon": -0.105415,
            "reference": "INCD-626947-Z",
            "status": "planned",
            "type": "3"
          },
          {
            "area": "EN2 8LE",
            "lat": 51.667199,
            "lon": -0.110489,
            "reference": "INCD-626947-Z",
            "status": "planned",
            "type": "3"
          },
          {
            "area": "EN2 8LP",
            "lat": 51.660604,
            "lon": -0.100815,
            "reference": "INCD-626947-Z",
            "status": "planned",
            "type": "3"
          },
          {
            "area": "EN1 4TX",
            "lat": 51.666665,
            "lon": -0.0672,
            "reference": "INCD-626947-Z",
            "status": "planned",
            "type": "3"
          },
          {
            "area": "EN2 8AE",
            "lat": 51.681446,
            "lon": -0.147883,
            "reference": "INCD-626947-Z",
            "status": "planned",
            "type": "3"
          },
          {
            "area": "EN2 0AB",
            "lat": 51.657529,
            "lon": -0.083088,
            "reference": "INCD-626947-Z",
            "status": "planned",
            "type": "3"
          },
          {
            "area": "EN2 0AD",
            "lat": 51.657741,
            "lon": -0.081228,
            "reference": "INCD-626947-Z",
            "status": "planned",
            "type": "3"
          },
          {
            "area": "EN2 0BE",
            "lat": 51.668124,
            "lon": -0.078808,
            "reference": "INCD-626947-Z",
            "status": "planned",
            "type": "3"
          },
          {
            "area": "EN2 0BH",
            "lat": 51.667173,
            "lon": -0.082811,
            "reference": "INCD-626947-Z",
            "status": "planned",
            "type": "3"
          },
          {
            "area": "EN2 0DG",
            "lat": 51.661924,
            "lon": -0.079678,
            "reference": "INCD-626947-Z",
            "status": "planned",
            "type": "3"
          },
          {
            "area": "EN2 0DJ",
            "lat": 51.661975,
            "lon": -0.082235,
            "reference": "INCD-626947-Z",
            "status": "planned",
            "type": "3"
          },
          {
            "area": "EN2 0DL",
            "lat": 51.663399,
            "lon": -0.081886,
            "reference": "INCD-626947-Z",
            "status": "planned",
            "type": "3"
          },
          {
            "area": "EN2 0EB",
            "lat": 51.66816,
            "lon": -0.07992,
            "reference": "INCD-626947-Z",
            "status": "planned",
            "type": "3"
          },
          {
            "area": "EN2 0EL",
            "lat": 51.665085,
            "lon": -0.082696,
            "reference": "INCD-626947-Z",
            "status": "planned",
            "type": "3"
          },
          {
            "area": "EN2 0EN",
            "lat": 51.665548,
            "lon": -0.082952,
            "reference": "INCD-626947-Z",
            "status": "planned",
            "type": "3"
          },
          {
            "area": "EN2 0ER",
            "lat": 51.665678,
            "lon": -0.085983,
            "reference": "INCD-626947-Z",
            "status": "planned",
            "type": "3"
          },
          {
            "area": "EN2 0EU",
            "lat": 51.666694,
            "lon": -0.08594,
            "reference": "INCD-626947-Z",
            "status": "planned",
            "type": "3"
          },
          {
            "area": "EN2 0HG",
            "lat": 51.667453,
            "lon": -0.08397,
            "reference": "INCD-626947-Z",
            "status": "planned",
            "type": "3"
          },
          {
            "area": "EN1 4AH",
            "lat": 51.664322,
            "lon": -0.069628,
            "reference": "INCD-626947-Z",
            "status": "planned",
            "type": "3"
          },
          {
            "area": "EN1 4AN",
            "lat": 51.664627,
            "lon": -0.068473,
            "reference": "INCD-626947-Z",
            "status": "planned",
            "type": "3"
          },
          {
            "area": "EN2 8LQ",
            "lat": 51.660289,
            "lon": -0.096866,
            "reference": "INCD-626947-Z",
            "status": "planned",
            "type": "3"
          },
          {
            "area": "EN2 8LR",
            "lat": 51.660971,
            "lon": -0.100655,
            "reference": "INCD-626947-Z",
            "status": "planned",
            "type": "3"
          },
          {
            "area": "EN2 8LS",
            "lat": 51.660335,
            "lon": -0.100277,
            "reference": "INCD-626947-Z",
            "status": "planned",
            "type": "3"
          },
          {
            "area": "EN2 8LT",
            "lat": 51.660603,
            "lon": -0.099629,
            "reference": "INCD-626947-Z",
            "status": "planned",
            "type": "3"
          },
          {
            "area": "EN2 8LU",
            "lat": 51.661655,
            "lon": -0.099079,
            "reference": "INCD-626947-Z",
            "status": "planned",
            "type": "3"
          },
          {
            "area": "EN2 8LX",
            "lat": 51.662619,
            "lon": -0.099704,
            "reference": "INCD-626947-Z",
            "status": "planned",
            "type": "3"
          },
          {
            "area": "EN2 8LY",
            "lat": 51.66254,
            "lon": -0.099273,
            "reference": "INCD-626947-Z",
            "status": "planned",
            "type": "3"
          },
          {
            "area": "EN1 2DT",
            "lat": 51.642073,
            "lon": -0.081601,
            "reference": "INCD-626947-Z",
            "status": "planned",
            "type": "3"
          },
          {
            "area": "EN1 2HR",
            "lat": 51.643614,
            "lon": -0.079556,
            "reference": "INCD-626947-Z",
            "status": "planned",
            "type": "3"
          },
          {
            "area": "EN2 8EW",
            "lat": 51.656634,
            "lon": -0.095545,
            "reference": "INCD-626947-Z",
            "status": "planned",
            "type": "3"
          },
          {
            "area": "EN2 8AW",
            "lat": 51.667505,
            "lon": -0.111054,
            "reference": "INCD-626947-Z",
            "status": "planned",
            "type": "3"
          },
          {
            "area": "EN2 0HN",
            "lat": 51.66756,
            "lon": -0.088362,
            "reference": "INCD-626947-Z",
            "status": "planned",
            "type": "3"
          },
          {
            "area": "EN2 0HT",
            "lat": 51.66959,
            "lon": -0.083229,
            "reference": "INCD-626947-Z",
            "status": "planned",
            "type": "3"
          },
          {
            "area": "EN2 0JD",
            "lat": 51.66301,
            "lon": -0.086153,
            "reference": "INCD-626947-Z",
            "status": "planned",
            "type": "3"
          },
          {
            "area": "EN2 0JE",
            "lat": 51.663058,
            "lon": -0.085804,
            "reference": "INCD-626947-Z",
            "status": "planned",
            "type": "3"
          },
          {
            "area": "EN2 0JY",
            "lat": 51.663547,
            "lon": -0.084309,
            "reference": "INCD-626947-Z",
            "status": "planned",
            "type": "3"
          },
          {
            "area": "EN2 0LP",
            "lat": 51.664828,
            "lon": -0.085151,
            "reference": "INCD-626947-Z",
            "status": "planned",
            "type": "3"
          },
          {
            "area": "EN2 0LT",
            "lat": 51.665459,
            "lon": -0.085226,
            "reference": "INCD-626947-Z",
            "status": "planned",
            "type": "3"
          },
          {
            "area": "EN2 0ND",
            "lat": 51.664608,
            "lon": -0.086534,
            "reference": "INCD-626947-Z",
            "status": "planned",
            "type": "3"
          },
          {
            "area": "EN2 0NF",
            "lat": 51.664651,
            "lon": -0.085853,
            "reference": "INCD-626947-Z",
            "status": "planned",
            "type": "3"
          },
          {
            "area": "EN2 0NQ",
            "lat": 51.664809,
            "lon": -0.087263,
            "reference": "INCD-626947-Z",
            "status": "planned",
            "type": "3"
          },
          {
            "area": "EN2 0NU",
            "lat": 51.664848,
            "lon": -0.089112,
            "reference": "INCD-626947-Z",
            "status": "planned",
            "type": "3"
          },
          {
            "area": "EN2 0NW",
            "lat": 51.664803,
            "lon": -0.08803,
            "reference": "INCD-626947-Z",
            "status": "planned",
            "type": "3"
          },
          {
            "area": "EN2 0NY",
            "lat": 51.665477,
            "lon": -0.090214,
            "reference": "INCD-626947-Z",
            "status": "planned",
            "type": "3"
          },
          {
            "area": "EN1 4TL",
            "lat": 51.66666,
            "lon": -0.06908,
            "reference": "INCD-626947-Z",
            "status": "planned",
            "type": "3"
          },
          {
            "area": "EN2 0AL",
            "lat": 51.659196,
            "lon": -0.087196,
            "reference": "INCD-626947-Z",
            "status": "planned",
            "type": "3"
          },
          {
            "area": "EN2 0AX",
            "lat": 51.663153,
            "lon": -0.078382,
            "reference": "INCD-626947-Z",
            "status": "planned",
            "type": "3"
          },
          {
            "area": "EN2 0ED",
            "lat": 51.66635,
            "lon": -0.080864,
            "reference": "INCD-626947-Z",
            "status": "planned",
            "type": "3"
          },
          {
            "area": "EN2 0DW",
            "lat": 51.66408,
            "lon": -0.081163,
            "reference": "INCD-626947-Z",
            "status": "planned",
            "type": "3"
          },
          {
            "area": "EN2 0HQ",
            "lat": 51.66707,
            "lon": -0.083683,
            "reference": "INCD-626947-Z",
            "status": "planned",
            "type": "3"
          },
          {
            "area": "N21 1AE",
            "lat": 51.637982,
            "lon": -0.103769,
            "reference": "INCD-626947-Z",
            "status": "planned",
            "type": "3"
          },
          {
            "area": "N21 1AY",
            "lat": 51.634203,
            "lon": -0.102525,
            "reference": "INCD-626947-Z",
            "status": "planned",
            "type": "3"
          },
          {
            "area": "N21 1DF",
            "lat": 51.647351,
            "lon": -0.100891,
            "reference": "INCD-626947-Z",
            "status": "planned",
            "type": "3"
          },
          {
            "area": "N21 1DG",
            "lat": 51.646199,
            "lon": -0.102486,
            "reference": "INCD-626947-Z",
            "status": "planned",
            "type": "3"
          },
          {
            "area": "N21 1DN",
            "lat": 51.643907,
            "lon": -0.100342,
            "reference": "INCD-626947-Z",
            "status": "planned",
            "type": "3"
          },
          {
            "area": "N21 1DP",
            "lat": 51.643943,
            "lon": -0.099777,
            "reference": "INCD-626947-Z",
            "status": "planned",
            "type": "3"
          },
          {
            "area": "N21 1DR",
            "lat": 51.6446,
            "lon": -0.103175,
            "reference": "INCD-626947-Z",
            "status": "planned",
            "type": "3"
          },
          {
            "area": "N21 1DX",
            "lat": 51.64509,
            "lon": -0.102894,
            "reference": "INCD-626947-Z",
            "status": "planned",
            "type": "3"
          },
          {
            "area": "N21 1EB",
            "lat": 51.643888,
            "lon": -0.101976,
            "reference": "INCD-626947-Z",
            "status": "planned",
            "type": "3"
          },
          {
            "area": "N21 1EH",
            "lat": 51.640668,
            "lon": -0.104163,
            "reference": "INCD-626947-Z",
            "status": "planned",
            "type": "3"
          },
          {
            "area": "N21 1ER",
            "lat": 51.643714,
            "lon": -0.106738,
            "reference": "INCD-626947-Z",
            "status": "planned",
            "type": "3"
          },
          {
            "area": "N21 1EX",
            "lat": 51.642945,
            "lon": -0.10427,
            "reference": "INCD-626947-Z",
            "status": "planned",
            "type": "3"
          },
          {
            "area": "N21 1EY",
            "lat": 51.642926,
            "lon": -0.10362,
            "reference": "INCD-626947-Z",
            "status": "planned",
            "type": "3"
          },
          {
            "area": "N21 1HA",
            "lat": 51.642,
            "lon": -0.10363,
            "reference": "INCD-626947-Z",
            "status": "planned",
            "type": "3"
          },
          {
            "area": "N21 1HD",
            "lat": 51.642394,
            "lon": -0.102414,
            "reference": "INCD-626947-Z",
            "status": "planned",
            "type": "3"
          },
          {
            "area": "N21 1HE",
            "lat": 51.641188,
            "lon": -0.102378,
            "reference": "INCD-626947-Z",
            "status": "planned",
            "type": "3"
          },
          {
            "area": "N21 1HG",
            "lat": 51.640625,
            "lon": -0.102589,
            "reference": "INCD-626947-Z",
            "status": "planned",
            "type": "3"
          },
          {
            "area": "N21 1LH",
            "lat": 51.637403,
            "lon": -0.106308,
            "reference": "INCD-626947-Z",
            "status": "planned",
            "type": "3"
          },
          {
            "area": "N21 1LZ",
            "lat": 51.638488,
            "lon": -0.109471,
            "reference": "INCD-626947-Z",
            "status": "planned",
            "type": "3"
          },
          {
            "area": "N21 1NG",
            "lat": 51.640188,
            "lon": -0.113418,
            "reference": "INCD-626947-Z",
            "status": "planned",
            "type": "3"
          },
          {
            "area": "N21 1NT",
            "lat": 51.643912,
            "lon": -0.110112,
            "reference": "INCD-626947-Z",
            "status": "planned",
            "type": "3"
          },
          {
            "area": "N21 1NY",
            "lat": 51.641967,
            "lon": -0.113329,
            "reference": "INCD-626947-Z",
            "status": "planned",
            "type": "3"
          },
          {
            "area": "N21 1PE",
            "lat": 51.643892,
            "lon": -0.115013,
            "reference": "INCD-626947-Z",
            "status": "planned",
            "type": "3"
          },
          {
            "area": "EN1 4UG",
            "lat": 51.66772,
            "lon": -0.067372,
            "reference": "INCD-626947-Z",
            "status": "planned",
            "type": "3"
          },
          {
            "area": "EN2 0DN",
            "lat": 51.664082,
            "lon": -0.081842,
            "reference": "INCD-626947-Z",
            "status": "planned",
            "type": "3"
          },
          {
            "area": "EN2 0HD",
            "lat": 51.667405,
            "lon": -0.086561,
            "reference": "INCD-626947-Z",
            "status": "planned",
            "type": "3"
          },
          {
            "area": "EN2 0HS",
            "lat": 51.669068,
            "lon": -0.083194,
            "reference": "INCD-626947-Z",
            "status": "planned",
            "type": "3"
          },
          {
            "area": "EN2 0LG",
            "lat": 51.663405,
            "lon": -0.082825,
            "reference": "INCD-626947-Z",
            "status": "planned",
            "type": "3"
          },
          {
            "area": "EN2 0NL",
            "lat": 51.666551,
            "lon": -0.088766,
            "reference": "INCD-626947-Z",
            "status": "planned",
            "type": "3"
          },
          {
            "area": "EN2 0PZ",
            "lat": 51.660327,
            "lon": -0.082637,
            "reference": "INCD-626947-Z",
            "status": "planned",
            "type": "3"
          },
          {
            "area": "EN2 0QA",
            "lat": 51.659889,
            "lon": -0.081152,
            "reference": "INCD-626947-Z",
            "status": "planned",
            "type": "3"
          },
          {
            "area": "EN2 0QB",
            "lat": 51.659865,
            "lon": -0.080227,
            "reference": "INCD-626947-Z",
            "status": "planned",
            "type": "3"
          },
          {
            "area": "EN2 0QE",
            "lat": 51.660533,
            "lon": -0.081472,
            "reference": "INCD-626947-Z",
            "status": "planned",
            "type": "3"
          },
          {
            "area": "EN2 0QF",
            "lat": 51.660555,
            "lon": -0.082309,
            "reference": "INCD-626947-Z",
            "status": "planned",
            "type": "3"
          },
          {
            "area": "N21 2BE",
            "lat": 51.637213,
            "lon": -0.084104,
            "reference": "INCD-626947-Z",
            "status": "planned",
            "type": "3"
          },
          {
            "area": "N21 2BG",
            "lat": 51.639699,
            "lon": -0.088725,
            "reference": "INCD-626947-Z",
            "status": "planned",
            "type": "3"
          },
          {
            "area": "N21 2BN",
            "lat": 51.639025,
            "lon": -0.087698,
            "reference": "INCD-626947-Z",
            "status": "planned",
            "type": "3"
          },
          {
            "area": "N21 2BP",
            "lat": 51.640017,
            "lon": -0.08731,
            "reference": "INCD-626947-Z",
            "status": "planned",
            "type": "3"
          },
          {
            "area": "N21 2BS",
            "lat": 51.641145,
            "lon": -0.086988,
            "reference": "INCD-626947-Z",
            "status": "planned",
            "type": "3"
          },
          {
            "area": "N21 2BT",
            "lat": 51.641826,
            "lon": -0.086294,
            "reference": "INCD-626947-Z",
            "status": "planned",
            "type": "3"
          },
          {
            "area": "N21 2DD",
            "lat": 51.642929,
            "lon": -0.082244,
            "reference": "INCD-626947-Z",
            "status": "planned",
            "type": "3"
          },
          {
            "area": "N21 2DE",
            "lat": 51.641702,
            "lon": -0.085316,
            "reference": "INCD-626947-Z",
            "status": "planned",
            "type": "3"
          },
          {
            "area": "N21 2DH",
            "lat": 51.641308,
            "lon": -0.084307,
            "reference": "INCD-626947-Z",
            "status": "planned",
            "type": "3"
          },
          {
            "area": "N21 2DJ",
            "lat": 51.641972,
            "lon": -0.083643,
            "reference": "INCD-626947-Z",
            "status": "planned",
            "type": "3"
          },
          {
            "area": "N21 2DL",
            "lat": 51.641116,
            "lon": -0.082971,
            "reference": "INCD-626947-Z",
            "status": "planned",
            "type": "3"
          },
          {
            "area": "N21 2DN",
            "lat": 51.640605,
            "lon": -0.084207,
            "reference": "INCD-626947-Z",
            "status": "planned",
            "type": "3"
          },
          {
            "area": "N21 2DP",
            "lat": 51.639065,
            "lon": -0.083477,
            "reference": "INCD-626947-Z",
            "status": "planned",
            "type": "3"
          },
          {
            "area": "N21 2DR",
            "lat": 51.638038,
            "lon": -0.082306,
            "reference": "INCD-626947-Z",
            "status": "planned",
            "type": "3"
          },
          {
            "area": "N21 2DS",
            "lat": 51.637711,
            "lon": -0.082623,
            "reference": "INCD-626947-Z",
            "status": "planned",
            "type": "3"
          },
          {
            "area": "N21 2EA",
            "lat": 51.641042,
            "lon": -0.095577,
            "reference": "INCD-626947-Z",
            "status": "planned",
            "type": "3"
          },
          {
            "area": "N21 2EB",
            "lat": 51.640863,
            "lon": -0.095049,
            "reference": "INCD-626947-Z",
            "status": "planned",
            "type": "3"
          },
          {
            "area": "N21 2ED",
            "lat": 51.643506,
            "lon": -0.094462,
            "reference": "INCD-626947-Z",
            "status": "planned",
            "type": "3"
          },
          {
            "area": "N21 2EE",
            "lat": 51.643354,
            "lon": -0.095089,
            "reference": "INCD-626947-Z",
            "status": "planned",
            "type": "3"
          },
          {
            "area": "N21 2EG",
            "lat": 51.645777,
            "lon": -0.094207,
            "reference": "INCD-626947-Z",
            "status": "planned",
            "type": "3"
          },
          {
            "area": "N21 2EH",
            "lat": 51.645311,
            "lon": -0.09375,
            "reference": "INCD-626947-Z",
            "status": "planned",
            "type": "3"
          },
          {
            "area": "N21 2EL",
            "lat": 51.647375,
            "lon": -0.092969,
            "reference": "INCD-626947-Z",
            "status": "planned",
            "type": "3"
          },
          {
            "area": "N21 2EP",
            "lat": 51.645672,
            "lon": -0.091639,
            "reference": "INCD-626947-Z",
            "status": "planned",
            "type": "3"
          },
          {
            "area": "N21 2ER",
            "lat": 51.645214,
            "lon": -0.092742,
            "reference": "INCD-626947-Z",
            "status": "planned",
            "type": "3"
          },
          {
            "area": "N21 2ES",
            "lat": 51.643306,
            "lon": -0.093241,
            "reference": "INCD-626947-Z",
            "status": "planned",
            "type": "3"
          },
          {
            "area": "N21 2ET",
            "lat": 51.643575,
            "lon": -0.093765,
            "reference": "INCD-626947-Z",
            "status": "planned",
            "type": "3"
          },
          {
            "area": "N21 2EU",
            "lat": 51.640261,
            "lon": -0.093991,
            "reference": "INCD-626947-Z",
            "status": "planned",
            "type": "3"
          },
          {
            "area": "N21 2EW",
            "lat": 51.633813,
            "lon": -0.084031,
            "reference": "INCD-626947-Z",
            "status": "planned",
            "type": "3"
          },
          {
            "area": "N21 2EX",
            "lat": 51.640556,
            "lon": -0.094426,
            "reference": "INCD-626947-Z",
            "status": "planned",
            "type": "3"
          },
          {
            "area": "N21 2HB",
            "lat": 51.641735,
            "lon": -0.094521,
            "reference": "INCD-626947-Z",
            "status": "planned",
            "type": "3"
          },
          {
            "area": "N21 2HD",
            "lat": 51.641974,
            "lon": -0.096477,
            "reference": "INCD-626947-Z",
            "status": "planned",
            "type": "3"
          },
          {
            "area": "N21 2HE",
            "lat": 51.641392,
            "lon": -0.096646,
            "reference": "INCD-626947-Z",
            "status": "planned",
            "type": "3"
          },
          {
            "area": "N21 2HJ",
            "lat": 51.642979,
            "lon": -0.096334,
            "reference": "INCD-626947-Z",
            "status": "planned",
            "type": "3"
          },
          {
            "area": "N21 2HY",
            "lat": 51.634011,
            "lon": -0.087895,
            "reference": "INCD-626947-Z",
            "status": "planned",
            "type": "3"
          },
          {
            "area": "N21 2JA",
            "lat": 51.635123,
            "lon": -0.087747,
            "reference": "INCD-626947-Z",
            "status": "planned",
            "type": "3"
          },
          {
            "area": "N21 2JB",
            "lat": 51.63474,
            "lon": -0.08681,
            "reference": "INCD-626947-Z",
            "status": "planned",
            "type": "3"
          },
          {
            "area": "N21 2JD",
            "lat": 51.634412,
            "lon": -0.086014,
            "reference": "INCD-626947-Z",
            "status": "planned",
            "type": "3"
          },
          {
            "area": "N21 2JG",
            "lat": 51.634684,
            "lon": -0.085584,
            "reference": "INCD-626947-Z",
            "status": "planned",
            "type": "3"
          },
          {
            "area": "N21 2JL",
            "lat": 51.635222,
            "lon": -0.083336,
            "reference": "INCD-626947-Z",
            "status": "planned",
            "type": "3"
          },
          {
            "area": "N21 2JN",
            "lat": 51.634579,
            "lon": -0.08303,
            "reference": "INCD-626947-Z",
            "status": "planned",
            "type": "3"
          },
          {
            "area": "N21 2JR",
            "lat": 51.633653,
            "lon": -0.08528,
            "reference": "INCD-626947-Z",
            "status": "planned",
            "type": "3"
          },
          {
            "area": "N21 2JS",
            "lat": 51.633775,
            "lon": -0.086142,
            "reference": "INCD-626947-Z",
            "status": "planned",
            "type": "3"
          },
          {
            "area": "N21 2LB",
            "lat": 51.638476,
            "lon": -0.094254,
            "reference": "INCD-626947-Z",
            "status": "planned",
            "type": "3"
          },
          {
            "area": "N21 2LD",
            "lat": 51.637193,
            "lon": -0.091706,
            "reference": "INCD-626947-Z",
            "status": "planned",
            "type": "3"
          },
          {
            "area": "N21 2LH",
            "lat": 51.638546,
            "lon": -0.093586,
            "reference": "INCD-626947-Z",
            "status": "planned",
            "type": "3"
          },
          {
            "area": "N21 2LJ",
            "lat": 51.637854,
            "lon": -0.091404,
            "reference": "INCD-626947-Z",
            "status": "planned",
            "type": "3"
          },
          {
            "area": "N21 2LL",
            "lat": 51.639187,
            "lon": -0.093183,
            "reference": "INCD-626947-Z",
            "status": "planned",
            "type": "3"
          },
          {
            "area": "N21 2LP",
            "lat": 51.638062,
            "lon": -0.090918,
            "reference": "INCD-626947-Z",
            "status": "planned",
            "type": "3"
          },
          {
            "area": "N21 2LR",
            "lat": 51.63835,
            "lon": -0.0904,
            "reference": "INCD-626947-Z",
            "status": "planned",
            "type": "3"
          },
          {
            "area": "N21 2LS",
            "lat": 51.640008,
            "lon": -0.092267,
            "reference": "INCD-626947-Z",
            "status": "planned",
            "type": "3"
          },
          {
            "area": "N21 2LT",
            "lat": 51.640437,
            "lon": -0.09209,
            "reference": "INCD-626947-Z",
            "status": "planned",
            "type": "3"
          },
          {
            "area": "N21 2LU",
            "lat": 51.638568,
            "lon": -0.090001,
            "reference": "INCD-626947-Z",
            "status": "planned",
            "type": "3"
          },
          {
            "area": "N21 2LY",
            "lat": 51.6397,
            "lon": -0.095994,
            "reference": "INCD-626947-Z",
            "status": "planned",
            "type": "3"
          },
          {
            "area": "N21 2NE",
            "lat": 51.637813,
            "lon": -0.098328,
            "reference": "INCD-626947-Z",
            "status": "planned",
            "type": "3"
          },
          {
            "area": "N21 2NG",
            "lat": 51.637777,
            "lon": -0.097751,
            "reference": "INCD-626947-Z",
            "status": "planned",
            "type": "3"
          },
          {
            "area": "N21 2NH",
            "lat": 51.64026,
            "lon": -0.096679,
            "reference": "INCD-626947-Z",
            "status": "planned",
            "type": "3"
          },
          {
            "area": "N21 2NP",
            "lat": 51.637616,
            "lon": -0.096168,
            "reference": "INCD-626947-Z",
            "status": "planned",
            "type": "3"
          },
          {
            "area": "N21 2NR",
            "lat": 51.637058,
            "lon": -0.095585,
            "reference": "INCD-626947-Z",
            "status": "planned",
            "type": "3"
          },
          {
            "area": "N21 2NU",
            "lat": 51.636062,
            "lon": -0.093474,
            "reference": "INCD-626947-Z",
            "status": "planned",
            "type": "3"
          },
          {
            "area": "N21 2NX",
            "lat": 51.635798,
            "lon": -0.093831,
            "reference": "INCD-626947-Z",
            "status": "planned",
            "type": "3"
          },
          {
            "area": "N21 2PA",
            "lat": 51.6368,
            "lon": -0.0935,
            "reference": "INCD-626947-Z",
            "status": "planned",
            "type": "3"
          },
          {
            "area": "N21 2QE",
            "lat": 51.635505,
            "lon": -0.099581,
            "reference": "INCD-626947-Z",
            "status": "planned",
            "type": "3"
          },
          {
            "area": "N21 2RJ",
            "lat": 51.635607,
            "lon": -0.085993,
            "reference": "INCD-626947-Z",
            "status": "planned",
            "type": "3"
          },
          {
            "area": "N21 2TE",
            "lat": 51.638861,
            "lon": -0.085321,
            "reference": "INCD-626947-Z",
            "status": "planned",
            "type": "3"
          },
          {
            "area": "EN2 0JT",
            "lat": 51.663901,
            "lon": -0.084554,
            "reference": "INCD-626947-Z",
            "status": "planned",
            "type": "3"
          },
          {
            "area": "EN2 0LR",
            "lat": 51.665246,
            "lon": -0.084859,
            "reference": "INCD-626947-Z",
            "status": "planned",
            "type": "3"
          },
          {
            "area": "EN6 4DJ",
            "lat": 51.69325,
            "lon": -0.122268,
            "reference": "INCD-626947-Z",
            "status": "planned",
            "type": "3"
          },
          {
            "area": "EN2 0NG",
            "lat": 51.664409,
            "lon": -0.087598,
            "reference": "INCD-626947-Z",
            "status": "planned",
            "type": "3"
          },
          {
            "area": "EN2 0PS",
            "lat": 51.659649,
            "lon": -0.083533,
            "reference": "INCD-626947-Z",
            "status": "planned",
            "type": "3"
          },
          {
            "area": "N21 1AX",
            "lat": 51.637694,
            "lon": -0.102639,
            "reference": "INCD-626947-Z",
            "status": "planned",
            "type": "3"
          },
          {
            "area": "N21 1HL",
            "lat": 51.641211,
            "lon": -0.101033,
            "reference": "INCD-626947-Z",
            "status": "planned",
            "type": "3"
          },
          {
            "area": "N21 1HU",
            "lat": 51.634015,
            "lon": -0.103646,
            "reference": "INCD-626947-Z",
            "status": "planned",
            "type": "3"
          },
          {
            "area": "N21 1NE",
            "lat": 51.640551,
            "lon": -0.11307,
            "reference": "INCD-626947-Z",
            "status": "planned",
            "type": "3"
          },
          {
            "area": "N21 1NL",
            "lat": 51.64164,
            "lon": -0.114239,
            "reference": "INCD-626947-Z",
            "status": "planned",
            "type": "3"
          },
          {
            "area": "N21 1NP",
            "lat": 51.641518,
            "lon": -0.112784,
            "reference": "INCD-626947-Z",
            "status": "planned",
            "type": "3"
          },
          {
            "area": "N21 1NU",
            "lat": 51.642135,
            "lon": -0.111458,
            "reference": "INCD-626947-Z",
            "status": "planned",
            "type": "3"
          },
          {
            "area": "N21 1PH",
            "lat": 51.643756,
            "lon": -0.111058,
            "reference": "INCD-626947-Z",
            "status": "planned",
            "type": "3"
          },
          {
            "area": "N21 1PJ",
            "lat": 51.647302,
            "lon": -0.109537,
            "reference": "INCD-626947-Z",
            "status": "planned",
            "type": "3"
          },
          {
            "area": "N21 2TF",
            "lat": 51.638988,
            "lon": -0.085937,
            "reference": "INCD-626947-Z",
            "status": "planned",
            "type": "3"
          },
          {
            "area": "N21 2TH",
            "lat": 51.639457,
            "lon": -0.086047,
            "reference": "INCD-626947-Z",
            "status": "planned",
            "type": "3"
          },
          {
            "area": "N21 2TJ",
            "lat": 51.639483,
            "lon": -0.085439,
            "reference": "INCD-626947-Z",
            "status": "planned",
            "type": "3"
          },
          {
            "area": "N21 3EE",
            "lat": 51.632719,
            "lon": -0.081476,
            "reference": "INCD-626947-Z",
            "status": "planned",
            "type": "3"
          },
          {
            "area": "N21 3EG",
            "lat": 51.633561,
            "lon": -0.082943,
            "reference": "INCD-626947-Z",
            "status": "planned",
            "type": "3"
          },
          {
            "area": "N21 3EH",
            "lat": 51.633553,
            "lon": -0.083551,
            "reference": "INCD-626947-Z",
            "status": "planned",
            "type": "3"
          },
          {
            "area": "N21 3EJ",
            "lat": 51.632994,
            "lon": -0.084557,
            "reference": "INCD-626947-Z",
            "status": "planned",
            "type": "3"
          },
          {
            "area": "N21 3EN",
            "lat": 51.632743,
            "lon": -0.086229,
            "reference": "INCD-626947-Z",
            "status": "planned",
            "type": "3"
          },
          {
            "area": "N9 9FB",
            "lat": 51.635697,
            "lon": -0.082102,
            "reference": "INCD-626947-Z",
            "status": "planned",
            "type": "3"
          },
          {
            "area": "N9 9HS",
            "lat": 51.633242,
            "lon": -0.081006,
            "reference": "INCD-626947-Z",
            "status": "planned",
            "type": "3"
          },
          {
            "area": "N9 9HT",
            "lat": 51.635127,
            "lon": -0.082429,
            "reference": "INCD-626947-Z",
            "status": "planned",
            "type": "3"
          },
          {
            "area": "N9 9HU",
            "lat": 51.63491,
            "lon": -0.080155,
            "reference": "INCD-626947-Z",
            "status": "planned",
            "type": "3"
          },
          {
            "area": "N9 9HX",
            "lat": 51.635139,
            "lon": -0.079885,
            "reference": "INCD-626947-Z",
            "status": "planned",
            "type": "3"
          },
          {
            "area": "N9 9HY",
            "lat": 51.634085,
            "lon": -0.081447,
            "reference": "INCD-626947-Z",
            "status": "planned",
            "type": "3"
          },
          {
            "area": "N9 9JD",
            "lat": 51.634417,
            "lon": -0.080826,
            "reference": "INCD-626947-Z",
            "status": "planned",
            "type": "3"
          },
          {
            "area": "N9 9JP",
            "lat": 51.635286,
            "lon": -0.076772,
            "reference": "INCD-626947-Z",
            "status": "planned",
            "type": "3"
          },
          {
            "area": "N9 9JU",
            "lat": 51.635601,
            "lon": -0.079548,
            "reference": "INCD-626947-Z",
            "status": "planned",
            "type": "3"
          },
          {
            "area": "N9 9JW",
            "lat": 51.63466,
            "lon": -0.076466,
            "reference": "INCD-626947-Z",
            "status": "planned",
            "type": "3"
          },
          {
            "area": "N9 9JY",
            "lat": 51.634069,
            "lon": -0.077705,
            "reference": "INCD-626947-Z",
            "status": "planned",
            "type": "3"
          },
          {
            "area": "N9 9JZ",
            "lat": 51.633349,
            "lon": -0.078762,
            "reference": "INCD-626947-Z",
            "status": "planned",
            "type": "3"
          },
          {
            "area": "N9 9LA",
            "lat": 51.634412,
            "lon": -0.077228,
            "reference": "INCD-626947-Z",
            "status": "planned",
            "type": "3"
          },
          {
            "area": "N9 9SH",
            "lat": 51.631363,
            "lon": -0.078846,
            "reference": "INCD-626947-Z",
            "status": "planned",
            "type": "3"
          },
          {
            "area": "N9 9XJ",
            "lat": 51.632546,
            "lon": -0.079706,
            "reference": "INCD-626947-Z",
            "status": "planned",
            "type": "3"
          },
          {
            "area": "N9 9XL",
            "lat": 51.631981,
            "lon": -0.079773,
            "reference": "INCD-626947-Z",
            "status": "planned",
            "type": "3"
          },
          {
            "area": "EN4 0AP",
            "lat": 51.647659,
            "lon": -0.144908,
            "reference": "INCD-626947-Z",
            "status": "planned",
            "type": "3"
          },
          {
            "area": "EN4 0AR",
            "lat": 51.649172,
            "lon": -0.146176,
            "reference": "INCD-626947-Z",
            "status": "planned",
            "type": "3"
          },
          {
            "area": "EN4 0AU",
            "lat": 51.649623,
            "lon": -0.145681,
            "reference": "INCD-626947-Z",
            "status": "planned",
            "type": "3"
          },
          {
            "area": "EN4 0AX",
            "lat": 51.647867,
            "lon": -0.138149,
            "reference": "INCD-626947-Z",
            "status": "planned",
            "type": "3"
          },
          {
            "area": "EN4 0AY",
            "lat": 51.647849,
            "lon": -0.140419,
            "reference": "INCD-626947-Z",
            "status": "planned",
            "type": "3"
          },
          {
            "area": "EN4 0BA",
            "lat": 51.648607,
            "lon": -0.142296,
            "reference": "INCD-626947-Z",
            "status": "planned",
            "type": "3"
          },
          {
            "area": "EN4 0BB",
            "lat": 51.648987,
            "lon": -0.144175,
            "reference": "INCD-626947-Z",
            "status": "planned",
            "type": "3"
          },
          {
            "area": "EN4 0BD",
            "lat": 51.647314,
            "lon": -0.136148,
            "reference": "INCD-626947-Z",
            "status": "planned",
            "type": "3"
          },
          {
            "area": "EN4 0BJ",
            "lat": 51.647134,
            "lon": -0.138411,
            "reference": "INCD-626947-Z",
            "status": "planned",
            "type": "3"
          },
          {
            "area": "EN4 0BQ",
            "lat": 51.64674,
            "lon": -0.138571,
            "reference": "INCD-626947-Z",
            "status": "planned",
            "type": "3"
          },
          {
            "area": "EN4 0BS",
            "lat": 51.6478,
            "lon": -0.135651,
            "reference": "INCD-626947-Z",
            "status": "planned",
            "type": "3"
          },
          {
            "area": "EN4 0PS",
            "lat": 51.657309,
            "lon": -0.137575,
            "reference": "INCD-626947-Z",
            "status": "planned",
            "type": "3"
          },
          {
            "area": "EN4 0QA",
            "lat": 51.668489,
            "lon": -0.132619,
            "reference": "INCD-626947-Z",
            "status": "planned",
            "type": "3"
          },
          {
            "area": "EN2 8LW",
            "lat": 51.665575,
            "lon": -0.107346,
            "reference": "INCD-626947-Z",
            "status": "planned",
            "type": "3"
          },
          {
            "area": "EN2 8NA",
            "lat": 51.660898,
            "lon": -0.101178,
            "reference": "INCD-626947-Z",
            "status": "planned",
            "type": "3"
          },
          {
            "area": "EN2 8ND",
            "lat": 51.661317,
            "lon": -0.101522,
            "reference": "INCD-626947-Z",
            "status": "planned",
            "type": "3"
          },
          {
            "area": "EN2 8NE",
            "lat": 51.663143,
            "lon": -0.101518,
            "reference": "INCD-626947-Z",
            "status": "planned",
            "type": "3"
          },
          {
            "area": "EN2 8NJ",
            "lat": 51.663282,
            "lon": -0.102322,
            "reference": "INCD-626947-Z",
            "status": "planned",
            "type": "3"
          },
          {
            "area": "EN2 8NN",
            "lat": 51.662402,
            "lon": -0.101304,
            "reference": "INCD-626947-Z",
            "status": "planned",
            "type": "3"
          },
          {
            "area": "N21 1EG",
            "lat": 51.643066,
            "lon": -0.105638,
            "reference": "INCD-626947-Z",
            "status": "planned",
            "type": "3"
          },
          {
            "area": "N21 1HB",
            "lat": 51.64274,
            "lon": -0.102718,
            "reference": "INCD-626947-Z",
            "status": "planned",
            "type": "3"
          },
          {
            "area": "N21 1HH",
            "lat": 51.641974,
            "lon": -0.101492,
            "reference": "INCD-626947-Z",
            "status": "planned",
            "type": "3"
          },
          {
            "area": "N21 1PR",
            "lat": 51.64312,
            "lon": -0.111186,
            "reference": "INCD-626947-Z",
            "status": "planned",
            "type": "3"
          },
          {
            "area": "N21 1DT",
            "lat": 51.645551,
            "lon": -0.104725,
            "reference": "INCD-626947-Z",
            "status": "planned",
            "type": "3"
          },
          {
            "area": "N21 1EA",
            "lat": 51.643781,
            "lon": -0.101474,
            "reference": "INCD-626947-Z",
            "status": "planned",
            "type": "3"
          },
          {
            "area": "N21 1AW",
            "lat": 51.637303,
            "lon": -0.102887,
            "reference": "INCD-626947-Z",
            "status": "planned",
            "type": "3"
          },
          {
            "area": "N21 1BA",
            "lat": 51.634151,
            "lon": -0.102065,
            "reference": "INCD-626947-Z",
            "status": "planned",
            "type": "3"
          },
          {
            "area": "N21 1RR",
            "lat": 51.644778,
            "lon": -0.106376,
            "reference": "INCD-626947-Z",
            "status": "planned",
            "type": "3"
          },
          {
            "area": "N21 1SR",
            "lat": 51.647104,
            "lon": -0.115111,
            "reference": "INCD-626947-Z",
            "status": "planned",
            "type": "3"
          },
          {
            "area": "N21 1SS",
            "lat": 51.647524,
            "lon": -0.112202,
            "reference": "INCD-626947-Z",
            "status": "planned",
            "type": "3"
          },
          {
            "area": "N21 1TF",
            "lat": 51.644994,
            "lon": -0.117005,
            "reference": "INCD-626947-Z",
            "status": "planned",
            "type": "3"
          },
          {
            "area": "N21 1TS",
            "lat": 51.645109,
            "lon": -0.114659,
            "reference": "INCD-626947-Z",
            "status": "planned",
            "type": "3"
          },
          {
            "area": "N21 1TX",
            "lat": 51.64492,
            "lon": -0.112947,
            "reference": "INCD-626947-Z",
            "status": "planned",
            "type": "3"
          },
          {
            "area": "N21 1UA",
            "lat": 51.645108,
            "lon": -0.111782,
            "reference": "INCD-626947-Z",
            "status": "planned",
            "type": "3"
          },
          {
            "area": "N21 2AD",
            "lat": 51.636189,
            "lon": -0.090809,
            "reference": "INCD-626947-Z",
            "status": "planned",
            "type": "3"
          },
          {
            "area": "N21 2AE",
            "lat": 51.636251,
            "lon": -0.09072,
            "reference": "INCD-626947-Z",
            "status": "planned",
            "type": "3"
          },
          {
            "area": "N14 4BA",
            "lat": 51.646788,
            "lon": -0.134797,
            "reference": "INCD-626947-Z",
            "status": "planned",
            "type": "3"
          },
          {
            "area": "N14 4BH",
            "lat": 51.643411,
            "lon": -0.132782,
            "reference": "INCD-626947-Z",
            "status": "planned",
            "type": "3"
          },
          {
            "area": "N14 4DS",
            "lat": 51.642515,
            "lon": -0.13185,
            "reference": "INCD-626947-Z",
            "status": "planned",
            "type": "3"
          },
          {
            "area": "N14 4DT",
            "lat": 51.642049,
            "lon": -0.130829,
            "reference": "INCD-626947-Z",
            "status": "planned",
            "type": "3"
          },
          {
            "area": "N14 4ET",
            "lat": 51.643618,
            "lon": -0.130489,
            "reference": "INCD-626947-Z",
            "status": "planned",
            "type": "3"
          },
          {
            "area": "N14 4EU",
            "lat": 51.645276,
            "lon": -0.131303,
            "reference": "INCD-626947-Z",
            "status": "planned",
            "type": "3"
          },
          {
            "area": "N14 4EX",
            "lat": 51.647052,
            "lon": -0.133282,
            "reference": "INCD-626947-Z",
            "status": "planned",
            "type": "3"
          },
          {
            "area": "N14 4EY",
            "lat": 51.646986,
            "lon": -0.134239,
            "reference": "INCD-626947-Z",
            "status": "planned",
            "type": "3"
          },
          {
            "area": "N21 1SX",
            "lat": 51.646779,
            "lon": -0.11112,
            "reference": "INCD-626947-Z",
            "status": "planned",
            "type": "3"
          },
          {
            "area": "N21 1TB",
            "lat": 51.644692,
            "lon": -0.113867,
            "reference": "INCD-626947-Z",
            "status": "planned",
            "type": "3"
          },
          {
            "area": "N21 1TJ",
            "lat": 51.646143,
            "lon": -0.113561,
            "reference": "INCD-626947-Z",
            "status": "planned",
            "type": "3"
          },
          {
            "area": "N21 1TZ",
            "lat": 51.646212,
            "lon": -0.114483,
            "reference": "INCD-626947-Z",
            "status": "planned",
            "type": "3"
          },
          {
            "area": "N21 1UE",
            "lat": 51.644269,
            "lon": -0.112742,
            "reference": "INCD-626947-Z",
            "status": "planned",
            "type": "3"
          },
          {
            "area": "N21 1UJ",
            "lat": 51.64634,
            "lon": -0.110662,
            "reference": "INCD-626947-Z",
            "status": "planned",
            "type": "3"
          },
          {
            "area": "N14 4AS",
            "lat": 51.645255,
            "lon": -0.137302,
            "reference": "INCD-626947-Z",
            "status": "planned",
            "type": "3"
          },
          {
            "area": "N14 4BS",
            "lat": 51.637456,
            "lon": -0.12924,
            "reference": "INCD-626947-Z",
            "status": "planned",
            "type": "3"
          },
          {
            "area": "N14 4EE",
            "lat": 51.638604,
            "lon": -0.13415,
            "reference": "INCD-626947-Z",
            "status": "planned",
            "type": "3"
          },
          {
            "area": "N14 4EW",
            "lat": 51.642879,
            "lon": -0.130953,
            "reference": "INCD-626947-Z",
            "status": "planned",
            "type": "3"
          },
          {
            "area": "N21 1UB",
            "lat": 51.644886,
            "lon": -0.111965,
            "reference": "INCD-626947-Z",
            "status": "planned",
            "type": "3"
          },
          {
            "area": "N14 4FU",
            "lat": 51.638363,
            "lon": -0.129188,
            "reference": "INCD-626947-Z",
            "status": "planned",
            "type": "3"
          },
          {
            "area": "N14 4HA",
            "lat": 51.646034,
            "lon": -0.137111,
            "reference": "INCD-626947-Z",
            "status": "planned",
            "type": "3"
          },
          {
            "area": "N14 4HB",
            "lat": 51.645593,
            "lon": -0.137664,
            "reference": "INCD-626947-Z",
            "status": "planned",
            "type": "3"
          },
          {
            "area": "N14 4HT",
            "lat": 51.646227,
            "lon": -0.13852,
            "reference": "INCD-626947-Z",
            "status": "planned",
            "type": "3"
          },
          {
            "area": "N14 4HS",
            "lat": 51.645753,
            "lon": -0.140953,
            "reference": "INCD-626947-Z",
            "status": "planned",
            "type": "3"
          },
          {
            "area": "N14 4HU",
            "lat": 51.646764,
            "lon": -0.136633,
            "reference": "INCD-626947-Z",
            "status": "planned",
            "type": "3"
          },
          {
            "area": "N14 4HY",
            "lat": 51.647671,
            "lon": -0.133734,
            "reference": "INCD-626947-Z",
            "status": "planned",
            "type": "3"
          },
          {
            "area": "N14 4JF",
            "lat": 51.636879,
            "lon": -0.128021,
            "reference": "INCD-626947-Z",
            "status": "planned",
            "type": "3"
          },
          {
            "area": "N14 4JH",
            "lat": 51.636581,
            "lon": -0.127918,
            "reference": "INCD-626947-Z",
            "status": "planned",
            "type": "3"
          },
          {
            "area": "N14 4JJ",
            "lat": 51.636843,
            "lon": -0.128557,
            "reference": "INCD-626947-Z",
            "status": "planned",
            "type": "3"
          },
          {
            "area": "N14 4JL",
            "lat": 51.636945,
            "lon": -0.129333,
            "reference": "INCD-626947-Z",
            "status": "planned",
            "type": "3"
          },
          {
            "area": "N14 4JN",
            "lat": 51.637196,
            "lon": -0.129308,
            "reference": "INCD-626947-Z",
            "status": "planned",
            "type": "3"
          },
          {
            "area": "N14 4JP",
            "lat": 51.637925,
            "lon": -0.128223,
            "reference": "INCD-626947-Z",
            "status": "planned",
            "type": "3"
          },
          {
            "area": "N14 4JR",
            "lat": 51.638969,
            "lon": -0.128845,
            "reference": "INCD-626947-Z",
            "status": "planned",
            "type": "3"
          },
          {
            "area": "N14 4JS",
            "lat": 51.63912,
            "lon": -0.129807,
            "reference": "INCD-626947-Z",
            "status": "planned",
            "type": "3"
          },
          {
            "area": "N14 4JX",
            "lat": 51.63983,
            "lon": -0.129821,
            "reference": "INCD-626947-Z",
            "status": "planned",
            "type": "3"
          },
          {
            "area": "N14 4JY",
            "lat": 51.640243,
            "lon": -0.13031,
            "reference": "INCD-626947-Z",
            "status": "planned",
            "type": "3"
          },
          {
            "area": "N14 4LA",
            "lat": 51.641581,
            "lon": -0.130197,
            "reference": "INCD-626947-Z",
            "status": "planned",
            "type": "3"
          },
          {
            "area": "N14 4LD",
            "lat": 51.641896,
            "lon": -0.12965,
            "reference": "INCD-626947-Z",
            "status": "planned",
            "type": "3"
          },
          {
            "area": "N14 4LE",
            "lat": 51.640724,
            "lon": -0.128946,
            "reference": "INCD-626947-Z",
            "status": "planned",
            "type": "3"
          },
          {
            "area": "N14 4LF",
            "lat": 51.640964,
            "lon": -0.13044,
            "reference": "INCD-626947-Z",
            "status": "planned",
            "type": "3"
          },
          {
            "area": "N14 4LH",
            "lat": 51.637355,
            "lon": -0.127438,
            "reference": "INCD-626947-Z",
            "status": "planned",
            "type": "3"
          },
          {
            "area": "N14 4LJ",
            "lat": 51.639653,
            "lon": -0.126591,
            "reference": "INCD-626947-Z",
            "status": "planned",
            "type": "3"
          },
          {
            "area": "N14 4LL",
            "lat": 51.63649,
            "lon": -0.129554,
            "reference": "INCD-626947-Z",
            "status": "planned",
            "type": "3"
          },
          {
            "area": "N14 4LN",
            "lat": 51.636134,
            "lon": -0.1298,
            "reference": "INCD-626947-Z",
            "status": "planned",
            "type": "3"
          },
          {
            "area": "N14 4LP",
            "lat": 51.636136,
            "lon": -0.128225,
            "reference": "INCD-626947-Z",
            "status": "planned",
            "type": "3"
          },
          {
            "area": "N14 4LQ",
            "lat": 51.638076,
            "lon": -0.126425,
            "reference": "INCD-626947-Z",
            "status": "planned",
            "type": "3"
          },
          {
            "area": "N14 4LU",
            "lat": 51.637638,
            "lon": -0.131068,
            "reference": "INCD-626947-Z",
            "status": "planned",
            "type": "3"
          },
          {
            "area": "N14 4LX",
            "lat": 51.637781,
            "lon": -0.129906,
            "reference": "INCD-626947-Z",
            "status": "planned",
            "type": "3"
          },
          {
            "area": "N14 4LY",
            "lat": 51.637746,
            "lon": -0.130529,
            "reference": "INCD-626947-Z",
            "status": "planned",
            "type": "3"
          },
          {
            "area": "N14 4NA",
            "lat": 51.638748,
            "lon": -0.130213,
            "reference": "INCD-626947-Z",
            "status": "planned",
            "type": "3"
          },
          {
            "area": "N14 4NB",
            "lat": 51.638762,
            "lon": -0.132785,
            "reference": "INCD-626947-Z",
            "status": "planned",
            "type": "3"
          },
          {
            "area": "N14 4QX",
            "lat": 51.643468,
            "lon": -0.131276,
            "reference": "INCD-626947-Z",
            "status": "planned",
            "type": "3"
          },
          {
            "area": "N14 4QY",
            "lat": 51.644325,
            "lon": -0.131414,
            "reference": "INCD-626947-Z",
            "status": "planned",
            "type": "3"
          },
          {
            "area": "N14 4RH",
            "lat": 51.646612,
            "lon": -0.131624,
            "reference": "INCD-626947-Z",
            "status": "planned",
            "type": "3"
          },
          {
            "area": "N14 4RJ",
            "lat": 51.645712,
            "lon": -0.129868,
            "reference": "INCD-626947-Z",
            "status": "planned",
            "type": "3"
          },
          {
            "area": "N14 4RR",
            "lat": 51.643977,
            "lon": -0.128798,
            "reference": "INCD-626947-Z",
            "status": "planned",
            "type": "3"
          },
          {
            "area": "N14 4RS",
            "lat": 51.642351,
            "lon": -0.127781,
            "reference": "INCD-626947-Z",
            "status": "planned",
            "type": "3"
          },
          {
            "area": "N14 4RT",
            "lat": 51.642126,
            "lon": -0.128282,
            "reference": "INCD-626947-Z",
            "status": "planned",
            "type": "3"
          },
          {
            "area": "N14 4RU",
            "lat": 51.641113,
            "lon": -0.128497,
            "reference": "INCD-626947-Z",
            "status": "planned",
            "type": "3"
          },
          {
            "area": "N14 4RX",
            "lat": 51.640742,
            "lon": -0.127255,
            "reference": "INCD-626947-Z",
            "status": "planned",
            "type": "3"
          },
          {
            "area": "N14 4SD",
            "lat": 51.645066,
            "lon": -0.130502,
            "reference": "INCD-626947-Z",
            "status": "planned",
            "type": "3"
          },
          {
            "area": "N14 4SE",
            "lat": 51.643987,
            "lon": -0.129434,
            "reference": "INCD-626947-Z",
            "status": "planned",
            "type": "3"
          },
          {
            "area": "N14 4SJ",
            "lat": 51.642741,
            "lon": -0.129095,
            "reference": "INCD-626947-Z",
            "status": "planned",
            "type": "3"
          },
          {
            "area": "N14 4SL",
            "lat": 51.643958,
            "lon": -0.125344,
            "reference": "INCD-626947-Z",
            "status": "planned",
            "type": "3"
          },
          {
            "area": "N14 4SN",
            "lat": 51.644732,
            "lon": -0.125385,
            "reference": "INCD-626947-Z",
            "status": "planned",
            "type": "3"
          },
          {
            "area": "N14 4SP",
            "lat": 51.64519,
            "lon": -0.125322,
            "reference": "INCD-626947-Z",
            "status": "planned",
            "type": "3"
          },
          {
            "area": "N14 4SR",
            "lat": 51.644957,
            "lon": -0.12367,
            "reference": "INCD-626947-Z",
            "status": "planned",
            "type": "3"
          },
          {
            "area": "N14 4SS",
            "lat": 51.644742,
            "lon": -0.123173,
            "reference": "INCD-626947-Z",
            "status": "planned",
            "type": "3"
          },
          {
            "area": "N14 4ST",
            "lat": 51.644125,
            "lon": -0.122866,
            "reference": "INCD-626947-Z",
            "status": "planned",
            "type": "3"
          },
          {
            "area": "N14 4SX",
            "lat": 51.644416,
            "lon": -0.120787,
            "reference": "INCD-626947-Z",
            "status": "planned",
            "type": "3"
          },
          {
            "area": "N14 4TA",
            "lat": 51.643552,
            "lon": -0.120736,
            "reference": "INCD-626947-Z",
            "status": "planned",
            "type": "3"
          },
          {
            "area": "N14 4TB",
            "lat": 51.644011,
            "lon": -0.116858,
            "reference": "INCD-626947-Z",
            "status": "planned",
            "type": "3"
          },
          {
            "area": "N14 4TD",
            "lat": 51.643488,
            "lon": -0.118469,
            "reference": "INCD-626947-Z",
            "status": "planned",
            "type": "3"
          },
          {
            "area": "N14 4TE",
            "lat": 51.643785,
            "lon": -0.124065,
            "reference": "INCD-626947-Z",
            "status": "planned",
            "type": "3"
          },
          {
            "area": "N21 2AS",
            "lat": 51.636528,
            "lon": -0.085621,
            "reference": "INCD-626947-Z",
            "status": "planned",
            "type": "3"
          },
          {
            "area": "N21 2DB",
            "lat": 51.643586,
            "lon": -0.083372,
            "reference": "INCD-626947-Z",
            "status": "planned",
            "type": "3"
          },
          {
            "area": "N21 2HA",
            "lat": 51.642068,
            "lon": -0.094508,
            "reference": "INCD-626947-Z",
            "status": "planned",
            "type": "3"
          },
          {
            "area": "N21 2HG",
            "lat": 51.642193,
            "lon": -0.096135,
            "reference": "INCD-626947-Z",
            "status": "planned",
            "type": "3"
          },
          {
            "area": "N21 2JE",
            "lat": 51.635184,
            "lon": -0.085967,
            "reference": "INCD-626947-Z",
            "status": "planned",
            "type": "3"
          },
          {
            "area": "N21 2JP",
            "lat": 51.634297,
            "lon": -0.083938,
            "reference": "INCD-626947-Z",
            "status": "planned",
            "type": "3"
          },
          {
            "area": "N21 2LA",
            "lat": 51.636912,
            "lon": -0.092079,
            "reference": "INCD-626947-Z",
            "status": "planned",
            "type": "3"
          },
          {
            "area": "N21 2LN",
            "lat": 51.639405,
            "lon": -0.092769,
            "reference": "INCD-626947-Z",
            "status": "planned",
            "type": "3"
          },
          {
            "area": "N21 2LX",
            "lat": 51.638538,
            "lon": -0.088673,
            "reference": "INCD-626947-Z",
            "status": "planned",
            "type": "3"
          },
          {
            "area": "N14 4HX",
            "lat": 51.647616,
            "lon": -0.134792,
            "reference": "INCD-626947-Z",
            "status": "planned",
            "type": "3"
          },
          {
            "area": "N14 4JT",
            "lat": 51.639436,
            "lon": -0.129895,
            "reference": "INCD-626947-Z",
            "status": "planned",
            "type": "3"
          },
          {
            "area": "N14 4JU",
            "lat": 51.639773,
            "lon": -0.129058,
            "reference": "INCD-626947-Z",
            "status": "planned",
            "type": "3"
          },
          {
            "area": "N14 4LG",
            "lat": 51.639852,
            "lon": -0.12839,
            "reference": "INCD-626947-Z",
            "status": "planned",
            "type": "3"
          },
          {
            "area": "N14 4ND",
            "lat": 51.638926,
            "lon": -0.132359,
            "reference": "INCD-626947-Z",
            "status": "planned",
            "type": "3"
          },
          {
            "area": "N14 4RN",
            "lat": 51.645718,
            "lon": -0.129146,
            "reference": "INCD-626947-Z",
            "status": "planned",
            "type": "3"
          },
          {
            "area": "N14 4RP",
            "lat": 51.644068,
            "lon": -0.128274,
            "reference": "INCD-626947-Z",
            "status": "planned",
            "type": "3"
          },
          {
            "area": "N14 4RY",
            "lat": 51.640931,
            "lon": -0.127782,
            "reference": "INCD-626947-Z",
            "status": "planned",
            "type": "3"
          },
          {
            "area": "N14 4SG",
            "lat": 51.643879,
            "lon": -0.129958,
            "reference": "INCD-626947-Z",
            "status": "planned",
            "type": "3"
          },
          {
            "area": "N14 4SY",
            "lat": 51.64413,
            "lon": -0.120336,
            "reference": "INCD-626947-Z",
            "status": "planned",
            "type": "3"
          },
          {
            "area": "EN1 4UW",
            "lat": 51.667869,
            "lon": -0.067655,
            "reference": "INCD-626947-Z",
            "status": "planned",
            "type": "3"
          },
          {
            "area": "N14 4TL",
            "lat": 51.646659,
            "lon": -0.128919,
            "reference": "INCD-626947-Z",
            "status": "planned",
            "type": "3"
          },
          {
            "area": "N14 4TP",
            "lat": 51.646819,
            "lon": -0.128233,
            "reference": "INCD-626947-Z",
            "status": "planned",
            "type": "3"
          },
          {
            "area": "N14 4TR",
            "lat": 51.647793,
            "lon": -0.129002,
            "reference": "INCD-626947-Z",
            "status": "planned",
            "type": "3"
          },
          {
            "area": "N14 4TS",
            "lat": 51.648429,
            "lon": -0.128817,
            "reference": "INCD-626947-Z",
            "status": "planned",
            "type": "3"
          },
          {
            "area": "N14 4TT",
            "lat": 51.648496,
            "lon": -0.127933,
            "reference": "INCD-626947-Z",
            "status": "planned",
            "type": "3"
          },
          {
            "area": "N14 4TU",
            "lat": 51.647231,
            "lon": -0.127594,
            "reference": "INCD-626947-Z",
            "status": "planned",
            "type": "3"
          },
          {
            "area": "N14 4TX",
            "lat": 51.647541,
            "lon": -0.127264,
            "reference": "INCD-626947-Z",
            "status": "planned",
            "type": "3"
          },
          {
            "area": "N14 4TY",
            "lat": 51.646653,
            "lon": -0.12626,
            "reference": "INCD-626947-Z",
            "status": "planned",
            "type": "3"
          },
          {
            "area": "N14 4UB",
            "lat": 51.644616,
            "lon": -0.127095,
            "reference": "INCD-626947-Z",
            "status": "planned",
            "type": "3"
          },
          {
            "area": "N14 4UG",
            "lat": 51.642835,
            "lon": -0.124292,
            "reference": "INCD-626947-Z",
            "status": "planned",
            "type": "3"
          },
          {
            "area": "N14 4UH",
            "lat": 51.642776,
            "lon": -0.126231,
            "reference": "INCD-626947-Z",
            "status": "planned",
            "type": "3"
          },
          {
            "area": "N14 4UJ",
            "lat": 51.642541,
            "lon": -0.123871,
            "reference": "INCD-626947-Z",
            "status": "planned",
            "type": "3"
          },
          {
            "area": "N14 4UT",
            "lat": 51.647605,
            "lon": -0.131843,
            "reference": "INCD-626947-Z",
            "status": "planned",
            "type": "3"
          },
          {
            "area": "N14 4UW",
            "lat": 51.649538,
            "lon": -0.130723,
            "reference": "INCD-626947-Z",
            "status": "planned",
            "type": "3"
          },
          {
            "area": "N14 4XA",
            "lat": 51.648814,
            "lon": -0.129264,
            "reference": "INCD-626947-Z",
            "status": "planned",
            "type": "3"
          },
          {
            "area": "N14 4XB",
            "lat": 51.648839,
            "lon": -0.129147,
            "reference": "INCD-626947-Z",
            "status": "planned",
            "type": "3"
          },
          {
            "area": "N14 4XD",
            "lat": 51.647961,
            "lon": -0.126524,
            "reference": "INCD-626947-Z",
            "status": "planned",
            "type": "3"
          },
          {
            "area": "N14 4XG",
            "lat": 51.645719,
            "lon": -0.124694,
            "reference": "INCD-626947-Z",
            "status": "planned",
            "type": "3"
          },
          {
            "area": "N14 4XH",
            "lat": 51.644909,
            "lon": -0.12068,
            "reference": "INCD-626947-Z",
            "status": "planned",
            "type": "3"
          },
          {
            "area": "N14 4XJ",
            "lat": 51.644182,
            "lon": -0.118556,
            "reference": "INCD-626947-Z",
            "status": "planned",
            "type": "3"
          },
          {
            "area": "N14 4XL",
            "lat": 51.645193,
            "lon": -0.121044,
            "reference": "INCD-626947-Z",
            "status": "planned",
            "type": "3"
          },
          {
            "area": "N14 4XP",
            "lat": 51.648398,
            "lon": -0.126303,
            "reference": "INCD-626947-Z",
            "status": "planned",
            "type": "3"
          },
          {
            "area": "N14 4XR",
            "lat": 51.646255,
            "lon": -0.12444,
            "reference": "INCD-626947-Z",
            "status": "planned",
            "type": "3"
          },
          {
            "area": "N14 5PY",
            "lat": 51.636465,
            "lon": -0.13142,
            "reference": "INCD-626947-Z",
            "status": "planned",
            "type": "3"
          },
          {
            "area": "N14 6AE",
            "lat": 51.634719,
            "lon": -0.123963,
            "reference": "INCD-626947-Z",
            "status": "planned",
            "type": "3"
          },
          {
            "area": "N14 6BE",
            "lat": 51.637952,
            "lon": -0.12091,
            "reference": "INCD-626947-Z",
            "status": "planned",
            "type": "3"
          },
          {
            "area": "N14 6BG",
            "lat": 51.637766,
            "lon": -0.122782,
            "reference": "INCD-626947-Z",
            "status": "planned",
            "type": "3"
          },
          {
            "area": "N14 6FA",
            "lat": 51.631969,
            "lon": -0.126865,
            "reference": "INCD-626947-Z",
            "status": "planned",
            "type": "3"
          },
          {
            "area": "N14 6HB",
            "lat": 51.634244,
            "lon": -0.125774,
            "reference": "INCD-626947-Z",
            "status": "planned",
            "type": "3"
          },
          {
            "area": "N14 6HE",
            "lat": 51.634672,
            "lon": -0.126089,
            "reference": "INCD-626947-Z",
            "status": "planned",
            "type": "3"
          },
          {
            "area": "N14 6HH",
            "lat": 51.635157,
            "lon": -0.127167,
            "reference": "INCD-626947-Z",
            "status": "planned",
            "type": "3"
          },
          {
            "area": "N14 6HJ",
            "lat": 51.635389,
            "lon": -0.125929,
            "reference": "INCD-626947-Z",
            "status": "planned",
            "type": "3"
          },
          {
            "area": "N14 6HN",
            "lat": 51.635787,
            "lon": -0.122155,
            "reference": "INCD-626947-Z",
            "status": "planned",
            "type": "3"
          },
          {
            "area": "N14 6HT",
            "lat": 51.636118,
            "lon": -0.12259,
            "reference": "INCD-626947-Z",
            "status": "planned",
            "type": "3"
          },
          {
            "area": "N14 6HX",
            "lat": 51.635092,
            "lon": -0.127618,
            "reference": "INCD-626947-Z",
            "status": "planned",
            "type": "3"
          },
          {
            "area": "N14 6HY",
            "lat": 51.634586,
            "lon": -0.128,
            "reference": "INCD-626947-Z",
            "status": "planned",
            "type": "3"
          },
          {
            "area": "N14 6HZ",
            "lat": 51.636054,
            "lon": -0.127636,
            "reference": "INCD-626947-Z",
            "status": "planned",
            "type": "3"
          },
          {
            "area": "N14 6JE",
            "lat": 51.633928,
            "lon": -0.129038,
            "reference": "INCD-626947-Z",
            "status": "planned",
            "type": "3"
          },
          {
            "area": "N14 6JF",
            "lat": 51.634337,
            "lon": -0.129874,
            "reference": "INCD-626947-Z",
            "status": "planned",
            "type": "3"
          },
          {
            "area": "N14 6JG",
            "lat": 51.633655,
            "lon": -0.129425,
            "reference": "INCD-626947-Z",
            "status": "planned",
            "type": "3"
          },
          {
            "area": "N14 6JJ",
            "lat": 51.63397,
            "lon": -0.130554,
            "reference": "INCD-626947-Z",
            "status": "planned",
            "type": "3"
          },
          {
            "area": "N14 6QB",
            "lat": 51.638886,
            "lon": -0.12249,
            "reference": "INCD-626947-Z",
            "status": "planned",
            "type": "3"
          },
          {
            "area": "N14 6QG",
            "lat": 51.63856,
            "lon": -0.122344,
            "reference": "INCD-626947-Z",
            "status": "planned",
            "type": "3"
          },
          {
            "area": "N14 6QH",
            "lat": 51.637106,
            "lon": -0.124225,
            "reference": "INCD-626947-Z",
            "status": "planned",
            "type": "3"
          },
          {
            "area": "N14 6QL",
            "lat": 51.637115,
            "lon": -0.123647,
            "reference": "INCD-626947-Z",
            "status": "planned",
            "type": "3"
          },
          {
            "area": "N21 2NN",
            "lat": 51.637991,
            "lon": -0.096514,
            "reference": "INCD-626947-Z",
            "status": "planned",
            "type": "3"
          },
          {
            "area": "N21 2NS",
            "lat": 51.637247,
            "lon": -0.095013,
            "reference": "INCD-626947-Z",
            "status": "planned",
            "type": "3"
          },
          {
            "area": "N21 2QJ",
            "lat": 51.635486,
            "lon": -0.095087,
            "reference": "INCD-626947-Z",
            "status": "planned",
            "type": "3"
          },
          {
            "area": "N21 2RH",
            "lat": 51.63578,
            "lon": -0.083312,
            "reference": "INCD-626947-Z",
            "status": "planned",
            "type": "3"
          },
          {
            "area": "N21 2RL",
            "lat": 51.635919,
            "lon": -0.088566,
            "reference": "INCD-626947-Z",
            "status": "planned",
            "type": "3"
          },
          {
            "area": "N21 2RN",
            "lat": 51.635173,
            "lon": -0.088583,
            "reference": "INCD-626947-Z",
            "status": "planned",
            "type": "3"
          },
          {
            "area": "N21 2RP",
            "lat": 51.635225,
            "lon": -0.089,
            "reference": "INCD-626947-Z",
            "status": "planned",
            "type": "3"
          },
          {
            "area": "N21 2TB",
            "lat": 51.638909,
            "lon": -0.084972,
            "reference": "INCD-626947-Z",
            "status": "planned",
            "type": "3"
          },
          {
            "area": "N21 2TG",
            "lat": 51.639191,
            "lon": -0.08629,
            "reference": "INCD-626947-Z",
            "status": "planned",
            "type": "3"
          },
          {
            "area": "N21 2TL",
            "lat": 51.63933,
            "lon": -0.084867,
            "reference": "INCD-626947-Z",
            "status": "planned",
            "type": "3"
          },
          {
            "area": "N21 3ED",
            "lat": 51.633355,
            "lon": -0.082446,
            "reference": "INCD-626947-Z",
            "status": "planned",
            "type": "3"
          },
          {
            "area": "N21 3EP",
            "lat": 51.63319,
            "lon": -0.087178,
            "reference": "INCD-626947-Z",
            "status": "planned",
            "type": "3"
          },
          {
            "area": "N21 3ES",
            "lat": 51.632479,
            "lon": -0.087728,
            "reference": "INCD-626947-Z",
            "status": "planned",
            "type": "3"
          },
          {
            "area": "N9 9JS",
            "lat": 51.6365,
            "lon": -0.081157,
            "reference": "INCD-626947-Z",
            "status": "planned",
            "type": "3"
          },
          {
            "area": "N9 9JX",
            "lat": 51.634101,
            "lon": -0.07964,
            "reference": "INCD-626947-Z",
            "status": "planned",
            "type": "3"
          },
          {
            "area": "EN4 0BH",
            "lat": 51.646034,
            "lon": -0.142214,
            "reference": "INCD-626947-Z",
            "status": "planned",
            "type": "3"
          },
          {
            "area": "EN4 0BL",
            "lat": 51.646946,
            "lon": -0.14076,
            "reference": "INCD-626947-Z",
            "status": "planned",
            "type": "3"
          },
          {
            "area": "EN2 8LZ",
            "lat": 51.660077,
            "lon": -0.099883,
            "reference": "INCD-626947-Z",
            "status": "planned",
            "type": "3"
          },
          {
            "area": "EN2 8NB",
            "lat": 51.661699,
            "lon": -0.101752,
            "reference": "INCD-626947-Z",
            "status": "planned",
            "type": "3"
          },
          {
            "area": "EN2 8NR",
            "lat": 51.664255,
            "lon": -0.100821,
            "reference": "INCD-626947-Z",
            "status": "planned",
            "type": "3"
          },
          {
            "area": "N21 2BU",
            "lat": 51.644538,
            "lon": -0.090443,
            "reference": "INCD-626947-Z",
            "status": "planned",
            "type": "3"
          },
          {
            "area": "N21 2DG",
            "lat": 51.640158,
            "lon": -0.085483,
            "reference": "INCD-626947-Z",
            "status": "planned",
            "type": "3"
          },
          {
            "area": "N21 2EJ",
            "lat": 51.646438,
            "lon": -0.091751,
            "reference": "INCD-626947-Z",
            "status": "planned",
            "type": "3"
          },
          {
            "area": "N21 2EY",
            "lat": 51.641871,
            "lon": -0.093475,
            "reference": "INCD-626947-Z",
            "status": "planned",
            "type": "3"
          },
          {
            "area": "N21 2JH",
            "lat": 51.635171,
            "lon": -0.085158,
            "reference": "INCD-626947-Z",
            "status": "planned",
            "type": "3"
          },
          {
            "area": "N21 2JJ",
            "lat": 51.634636,
            "lon": -0.084328,
            "reference": "INCD-626947-Z",
            "status": "planned",
            "type": "3"
          },
          {
            "area": "N21 2NJ",
            "lat": 51.639491,
            "lon": -0.095338,
            "reference": "INCD-626947-Z",
            "status": "planned",
            "type": "3"
          },
          {
            "area": "N21 2NL",
            "lat": 51.639289,
            "lon": -0.096142,
            "reference": "INCD-626947-Z",
            "status": "planned",
            "type": "3"
          },
          {
            "area": "N21 2NT",
            "lat": 51.636004,
            "lon": -0.095441,
            "reference": "INCD-626947-Z",
            "status": "planned",
            "type": "3"
          },
          {
            "area": "N14 4TN",
            "lat": 51.647531,
            "lon": -0.130589,
            "reference": "INCD-626947-Z",
            "status": "planned",
            "type": "3"
          },
          {
            "area": "N14 4UA",
            "lat": 51.646307,
            "lon": -0.125999,
            "reference": "INCD-626947-Z",
            "status": "planned",
            "type": "3"
          },
          {
            "area": "N14 4UE",
            "lat": 51.644352,
            "lon": -0.126383,
            "reference": "INCD-626947-Z",
            "status": "planned",
            "type": "3"
          },
          {
            "area": "N14 4XN",
            "lat": 51.644983,
            "lon": -0.118581,
            "reference": "INCD-626947-Z",
            "status": "planned",
            "type": "3"
          },
          {
            "area": "N14 6HG",
            "lat": 51.634315,
            "lon": -0.126291,
            "reference": "INCD-626947-Z",
            "status": "planned",
            "type": "3"
          },
          {
            "area": "N14 6HU",
            "lat": 51.635757,
            "lon": -0.125914,
            "reference": "INCD-626947-Z",
            "status": "planned",
            "type": "3"
          },
          {
            "area": "N14 6HW",
            "lat": 51.635205,
            "lon": -0.124549,
            "reference": "INCD-626947-Z",
            "status": "planned",
            "type": "3"
          },
          {
            "area": "N14 6QE",
            "lat": 51.638538,
            "lon": -0.120972,
            "reference": "INCD-626947-Z",
            "status": "planned",
            "type": "3"
          },
          {
            "area": "N21 3ER",
            "lat": 51.632514,
            "lon": -0.088204,
            "reference": "INCD-626947-Z",
            "status": "planned",
            "type": "3"
          },
          {
            "area": "EN4 0AT",
            "lat": 51.650013,
            "lon": -0.146489,
            "reference": "INCD-626947-Z",
            "status": "planned",
            "type": "3"
          },
          {
            "area": "EN4 0BW",
            "lat": 51.657331,
            "lon": -0.136706,
            "reference": "INCD-626947-Z",
            "status": "planned",
            "type": "3"
          },
          {
            "area": "EN4 0PX",
            "lat": 51.675585,
            "lon": -0.154876,
            "reference": "INCD-626947-Z",
            "status": "planned",
            "type": "3"
          },
          {
            "area": "N14 4SH",
            "lat": 51.64309,
            "lon": -0.129557,
            "reference": "INCD-626947-Z",
            "status": "planned",
            "type": "3"
          },
          {
            "area": "N21 3EB",
            "lat": 51.63254,
            "lon": -0.082047,
            "reference": "INCD-626947-Z",
            "status": "planned",
            "type": "3"
          },
          {
            "area": "N21 3EL",
            "lat": 51.633059,
            "lon": -0.085753,
            "reference": "INCD-626947-Z",
            "status": "planned",
            "type": "3"
          },
          {
            "area": "N9 9JR",
            "lat": 51.636018,
            "lon": -0.079747,
            "reference": "INCD-626947-Z",
            "status": "planned",
            "type": "3"
          },
          {
            "area": "EN4 0BG",
            "lat": 51.646055,
            "lon": -0.144685,
            "reference": "INCD-626947-Z",
            "status": "planned",
            "type": "3"
          },
          {
            "area": "EN2 8NF",
            "lat": 51.663196,
            "lon": -0.102601,
            "reference": "INCD-626947-Z",
            "status": "planned",
            "type": "3"
          },
          {
            "area": "EN2 8NH",
            "lat": 51.662602,
            "lon": -0.103088,
            "reference": "INCD-626947-Z",
            "status": "planned",
            "type": "3"
          },
          {
            "area": "EN2 8NP",
            "lat": 51.663075,
            "lon": -0.10009,
            "reference": "INCD-626947-Z",
            "status": "planned",
            "type": "3"
          },
          {
            "area": "EN2 8NS",
            "lat": 51.655268,
            "lon": -0.097785,
            "reference": "INCD-626947-Z",
            "status": "planned",
            "type": "3"
          },
          {
            "area": "N14 4LB",
            "lat": 51.641581,
            "lon": -0.13079,
            "reference": "INCD-626947-Z",
            "status": "planned",
            "type": "3"
          },
          {
            "area": "N14 4PL",
            "lat": 51.638013,
            "lon": -0.139984,
            "reference": "INCD-626947-Z",
            "status": "planned",
            "type": "3"
          },
          {
            "area": "N14 4RD",
            "lat": 51.645125,
            "lon": -0.132523,
            "reference": "INCD-626947-Z",
            "status": "planned",
            "type": "3"
          },
          {
            "area": "N14 4UY",
            "lat": 51.649725,
            "lon": -0.127781,
            "reference": "INCD-626947-Z",
            "status": "planned",
            "type": "3"
          },
          {
            "area": "N14 6AJ",
            "lat": 51.635154,
            "lon": -0.123641,
            "reference": "INCD-626947-Z",
            "status": "planned",
            "type": "3"
          },
          {
            "area": "N21 2DT",
            "lat": 51.638497,
            "lon": -0.083428,
            "reference": "INCD-626947-Z",
            "status": "planned",
            "type": "3"
          },
          {
            "area": "N21 2PB",
            "lat": 51.636059,
            "lon": -0.091638,
            "reference": "INCD-626947-Z",
            "status": "planned",
            "type": "3"
          },
          {
            "area": "N14 4UX",
            "lat": 51.649793,
            "lon": -0.128616,
            "reference": "INCD-626947-Z",
            "status": "planned",
            "type": "3"
          },
          {
            "area": "N14 6QJ",
            "lat": 51.639009,
            "lon": -0.124551,
            "reference": "INCD-626947-Z",
            "status": "planned",
            "type": "3"
          },
          {
            "area": "EN2 8NU",
            "lat": 51.653931,
            "lon": -0.095224,
            "reference": "INCD-626947-Z",
            "status": "planned",
            "type": "3"
          },
          {
            "area": "EN2 8NW",
            "lat": 51.662843,
            "lon": -0.101892,
            "reference": "INCD-626947-Z",
            "status": "planned",
            "type": "3"
          },
          {
            "area": "EN2 8NX",
            "lat": 51.655059,
            "lon": -0.097664,
            "reference": "INCD-626947-Z",
            "status": "planned",
            "type": "3"
          },
          {
            "area": "EN2 8NY",
            "lat": 51.654757,
            "lon": -0.096765,
            "reference": "INCD-626947-Z",
            "status": "planned",
            "type": "3"
          },
          {
            "area": "EN2 8NZ",
            "lat": 51.655004,
            "lon": -0.09648,
            "reference": "INCD-626947-Z",
            "status": "planned",
            "type": "3"
          },
          {
            "area": "EN2 8PB",
            "lat": 51.656283,
            "lon": -0.098292,
            "reference": "INCD-626947-Z",
            "status": "planned",
            "type": "3"
          },
          {
            "area": "EN2 8PE",
            "lat": 51.657801,
            "lon": -0.098749,
            "reference": "INCD-626947-Z",
            "status": "planned",
            "type": "3"
          },
          {
            "area": "EN2 8PF",
            "lat": 51.658219,
            "lon": -0.098977,
            "reference": "INCD-626947-Z",
            "status": "planned",
            "type": "3"
          },
          {
            "area": "EN2 8PJ",
            "lat": 51.658706,
            "lon": -0.097959,
            "reference": "INCD-626947-Z",
            "status": "planned",
            "type": "3"
          },
          {
            "area": "EN2 8PN",
            "lat": 51.660023,
            "lon": -0.0988,
            "reference": "INCD-626947-Z",
            "status": "planned",
            "type": "3"
          },
          {
            "area": "EN2 8PQ",
            "lat": 51.65687,
            "lon": -0.098426,
            "reference": "INCD-626947-Z",
            "status": "planned",
            "type": "3"
          },
          {
            "area": "EN2 8PS",
            "lat": 51.659835,
            "lon": -0.096625,
            "reference": "INCD-626947-Z",
            "status": "planned",
            "type": "3"
          },
          {
            "area": "EN2 8PT",
            "lat": 51.660928,
            "lon": -0.097447,
            "reference": "INCD-626947-Z",
            "status": "planned",
            "type": "3"
          },
          {
            "area": "EN2 8PX",
            "lat": 51.659819,
            "lon": -0.097262,
            "reference": "INCD-626947-Z",
            "status": "planned",
            "type": "3"
          },
          {
            "area": "EN2 8PY",
            "lat": 51.658475,
            "lon": -0.097058,
            "reference": "INCD-626947-Z",
            "status": "planned",
            "type": "3"
          },
          {
            "area": "EN2 8QA",
            "lat": 51.657618,
            "lon": -0.096299,
            "reference": "INCD-626947-Z",
            "status": "planned",
            "type": "3"
          },
          {
            "area": "EN2 8QD",
            "lat": 51.65672,
            "lon": -0.096972,
            "reference": "INCD-626947-Z",
            "status": "planned",
            "type": "3"
          },
          {
            "area": "EN2 8QH",
            "lat": 51.655176,
            "lon": -0.098757,
            "reference": "INCD-626947-Z",
            "status": "planned",
            "type": "3"
          },
          {
            "area": "EN2 8QJ",
            "lat": 51.656956,
            "lon": -0.099276,
            "reference": "INCD-626947-Z",
            "status": "planned",
            "type": "3"
          },
          {
            "area": "EN2 8QL",
            "lat": 51.656482,
            "lon": -0.100582,
            "reference": "INCD-626947-Z",
            "status": "planned",
            "type": "3"
          },
          {
            "area": "EN2 8QN",
            "lat": 51.657468,
            "lon": -0.100382,
            "reference": "INCD-626947-Z",
            "status": "planned",
            "type": "3"
          },
          {
            "area": "EN2 8QQ",
            "lat": 51.654348,
            "lon": -0.098199,
            "reference": "INCD-626947-Z",
            "status": "planned",
            "type": "3"
          },
          {
            "area": "EN2 8QS",
            "lat": 51.658293,
            "lon": -0.099697,
            "reference": "INCD-626947-Z",
            "status": "planned",
            "type": "3"
          },
          {
            "area": "EN2 8QU",
            "lat": 51.657669,
            "lon": -0.0978,
            "reference": "INCD-626947-Z",
            "status": "planned",
            "type": "3"
          },
          {
            "area": "EN2 8RH",
            "lat": 51.664354,
            "lon": -0.097491,
            "reference": "INCD-626947-Z",
            "status": "planned",
            "type": "3"
          },
          {
            "area": "EN2 8RJ",
            "lat": 51.664268,
            "lon": -0.098261,
            "reference": "INCD-626947-Z",
            "status": "planned",
            "type": "3"
          },
          {
            "area": "EN2 8RL",
            "lat": 51.664856,
            "lon": -0.097904,
            "reference": "INCD-626947-Z",
            "status": "planned",
            "type": "3"
          },
          {
            "area": "EN2 8RN",
            "lat": 51.66456,
            "lon": -0.099088,
            "reference": "INCD-626947-Z",
            "status": "planned",
            "type": "3"
          },
          {
            "area": "EN2 8RT",
            "lat": 51.662878,
            "lon": -0.09683,
            "reference": "INCD-626947-Z",
            "status": "planned",
            "type": "3"
          },
          {
            "area": "EN2 8RU",
            "lat": 51.662066,
            "lon": -0.095013,
            "reference": "INCD-626947-Z",
            "status": "planned",
            "type": "3"
          },
          {
            "area": "EN2 8RW",
            "lat": 51.663755,
            "lon": -0.098818,
            "reference": "INCD-626947-Z",
            "status": "planned",
            "type": "3"
          },
          {
            "area": "EN2 8RX",
            "lat": 51.662021,
            "lon": -0.095565,
            "reference": "INCD-626947-Z",
            "status": "planned",
            "type": "3"
          },
          {
            "area": "EN2 8RY",
            "lat": 51.663182,
            "lon": -0.095632,
            "reference": "INCD-626947-Z",
            "status": "planned",
            "type": "3"
          },
          {
            "area": "EN2 8SF",
            "lat": 51.657995,
            "lon": -0.099623,
            "reference": "INCD-626947-Z",
            "status": "planned",
            "type": "3"
          },
          {
            "area": "EN2 9AA",
            "lat": 51.667481,
            "lon": -0.074179,
            "reference": "INCD-626947-Z",
            "status": "planned",
            "type": "3"
          },
          {
            "area": "EN2 9AD",
            "lat": 51.667345,
            "lon": -0.07686,
            "reference": "INCD-626947-Z",
            "status": "planned",
            "type": "3"
          },
          {
            "area": "EN2 9AE",
            "lat": 51.6695,
            "lon": -0.079936,
            "reference": "INCD-626947-Z",
            "status": "planned",
            "type": "3"
          },
          {
            "area": "EN2 9AF",
            "lat": 51.670433,
            "lon": -0.079246,
            "reference": "INCD-626947-Z",
            "status": "planned",
            "type": "3"
          },
          {
            "area": "EN2 9AG",
            "lat": 51.669949,
            "lon": -0.079888,
            "reference": "INCD-626947-Z",
            "status": "planned",
            "type": "3"
          },
          {
            "area": "EN2 9AN",
            "lat": 51.669831,
            "lon": -0.080949,
            "reference": "INCD-626947-Z",
            "status": "planned",
            "type": "3"
          },
          {
            "area": "EN2 9AQ",
            "lat": 51.67055,
            "lon": -0.080933,
            "reference": "INCD-626947-Z",
            "status": "planned",
            "type": "3"
          },
          {
            "area": "EN2 9AR",
            "lat": 51.670703,
            "lon": -0.082011,
            "reference": "INCD-626947-Z",
            "status": "planned",
            "type": "3"
          },
          {
            "area": "EN2 9AT",
            "lat": 51.667196,
            "lon": -0.07435,
            "reference": "INCD-626947-Z",
            "status": "planned",
            "type": "3"
          },
          {
            "area": "EN2 9BD",
            "lat": 51.674925,
            "lon": -0.096123,
            "reference": "INCD-626947-Z",
            "status": "planned",
            "type": "3"
          },
          {
            "area": "EN2 9BT",
            "lat": 51.681198,
            "lon": -0.09978,
            "reference": "INCD-626947-Z",
            "status": "planned",
            "type": "3"
          },
          {
            "area": "EN2 9BU",
            "lat": 51.68046,
            "lon": -0.099146,
            "reference": "INCD-626947-Z",
            "status": "planned",
            "type": "3"
          },
          {
            "area": "EN2 9BZ",
            "lat": 51.679905,
            "lon": -0.10267,
            "reference": "INCD-626947-Z",
            "status": "planned",
            "type": "3"
          },
          {
            "area": "EN2 9DA",
            "lat": 51.680308,
            "lon": -0.104215,
            "reference": "INCD-626947-Z",
            "status": "planned",
            "type": "3"
          },
          {
            "area": "EN2 9DB",
            "lat": 51.681085,
            "lon": -0.102765,
            "reference": "INCD-626947-Z",
            "status": "planned",
            "type": "3"
          },
          {
            "area": "EN2 9DF",
            "lat": 51.681209,
            "lon": -0.100995,
            "reference": "INCD-626947-Z",
            "status": "planned",
            "type": "3"
          },
          {
            "area": "EN2 9DP",
            "lat": 51.684589,
            "lon": -0.100911,
            "reference": "INCD-626947-Z",
            "status": "planned",
            "type": "3"
          },
          {
            "area": "EN2 9DS",
            "lat": 51.684386,
            "lon": -0.105636,
            "reference": "INCD-626947-Z",
            "status": "planned",
            "type": "3"
          },
          {
            "area": "EN2 9DW",
            "lat": 51.685217,
            "lon": -0.104748,
            "reference": "INCD-626947-Z",
            "status": "planned",
            "type": "3"
          },
          {
            "area": "EN2 9DY",
            "lat": 51.686163,
            "lon": -0.097648,
            "reference": "INCD-626947-Z",
            "status": "planned",
            "type": "3"
          },
          {
            "area": "EN2 9EH",
            "lat": 51.666871,
            "lon": -0.069838,
            "reference": "INCD-626947-Z",
            "status": "planned",
            "type": "3"
          },
          {
            "area": "EN2 9EJ",
            "lat": 51.668502,
            "lon": -0.068944,
            "reference": "INCD-626947-Z",
            "status": "planned",
            "type": "3"
          },
          {
            "area": "EN2 9EQ",
            "lat": 51.667573,
            "lon": -0.068232,
            "reference": "INCD-626947-Z",
            "status": "planned",
            "type": "3"
          },
          {
            "area": "EN2 9EU",
            "lat": 51.668727,
            "lon": -0.06623,
            "reference": "INCD-626947-Z",
            "status": "planned",
            "type": "3"
          },
          {
            "area": "EN2 9HT",
            "lat": 51.666747,
            "lon": -0.071072,
            "reference": "INCD-626947-Z",
            "status": "planned",
            "type": "3"
          },
          {
            "area": "EN2 9JD",
            "lat": 51.672667,
            "lon": -0.093296,
            "reference": "INCD-626947-Z",
            "status": "planned",
            "type": "3"
          },
          {
            "area": "EN2 9JE",
            "lat": 51.673182,
            "lon": -0.096731,
            "reference": "INCD-626947-Z",
            "status": "planned",
            "type": "3"
          },
          {
            "area": "EN2 9JF",
            "lat": 51.673508,
            "lon": -0.09637,
            "reference": "INCD-626947-Z",
            "status": "planned",
            "type": "3"
          },
          {
            "area": "EN2 9JH",
            "lat": 51.674216,
            "lon": -0.092349,
            "reference": "INCD-626947-Z",
            "status": "planned",
            "type": "3"
          },
          {
            "area": "EN2 9JJ",
            "lat": 51.672079,
            "lon": -0.0881,
            "reference": "INCD-626947-Z",
            "status": "planned",
            "type": "3"
          },
          {
            "area": "EN2 9JT",
            "lat": 51.667317,
            "lon": -0.07514,
            "reference": "INCD-626947-Z",
            "status": "planned",
            "type": "3"
          },
          {
            "area": "EN2 0JB",
            "lat": 51.662127,
            "lon": -0.084383,
            "reference": "INCD-626947-Z",
            "status": "planned",
            "type": "3"
          },
          {
            "area": "EN2 8PD",
            "lat": 51.657594,
            "lon": -0.0987,
            "reference": "INCD-626947-Z",
            "status": "planned",
            "type": "3"
          },
          {
            "area": "EN2 8PG",
            "lat": 51.659416,
            "lon": -0.099635,
            "reference": "INCD-626947-Z",
            "status": "planned",
            "type": "3"
          },
          {
            "area": "EN2 8PH",
            "lat": 51.658953,
            "lon": -0.098252,
            "reference": "INCD-626947-Z",
            "status": "planned",
            "type": "3"
          },
          {
            "area": "EN2 8PL",
            "lat": 51.659328,
            "lon": -0.098627,
            "reference": "INCD-626947-Z",
            "status": "planned",
            "type": "3"
          },
          {
            "area": "EN2 8QB",
            "lat": 51.656696,
            "lon": -0.096019,
            "reference": "INCD-626947-Z",
            "status": "planned",
            "type": "3"
          },
          {
            "area": "EN2 8QE",
            "lat": 51.656754,
            "lon": -0.097347,
            "reference": "INCD-626947-Z",
            "status": "planned",
            "type": "3"
          },
          {
            "area": "EN2 8QG",
            "lat": 51.659712,
            "lon": -0.097874,
            "reference": "INCD-626947-Z",
            "status": "planned",
            "type": "3"
          },
          {
            "area": "EN2 8QW",
            "lat": 51.657535,
            "lon": -0.099497,
            "reference": "INCD-626947-Z",
            "status": "planned",
            "type": "3"
          },
          {
            "area": "EN2 8RP",
            "lat": 51.663686,
            "lon": -0.097881,
            "reference": "INCD-626947-Z",
            "status": "planned",
            "type": "3"
          },
          {
            "area": "EN2 8RS",
            "lat": 51.663913,
            "lon": -0.096917,
            "reference": "INCD-626947-Z",
            "status": "planned",
            "type": "3"
          },
          {
            "area": "EN2 8SD",
            "lat": 51.667902,
            "lon": -0.105542,
            "reference": "INCD-626947-Z",
            "status": "planned",
            "type": "3"
          },
          {
            "area": "EN2 9AB",
            "lat": 51.66787,
            "lon": -0.074293,
            "reference": "INCD-626947-Z",
            "status": "planned",
            "type": "3"
          },
          {
            "area": "EN2 9AL",
            "lat": 51.670308,
            "lon": -0.082621,
            "reference": "INCD-626947-Z",
            "status": "planned",
            "type": "3"
          },
          {
            "area": "EN2 9AW",
            "lat": 51.668775,
            "lon": -0.077956,
            "reference": "INCD-626947-Z",
            "status": "planned",
            "type": "3"
          },
          {
            "area": "EN2 9AX",
            "lat": 51.685426,
            "lon": -0.0982,
            "reference": "INCD-626947-Z",
            "status": "planned",
            "type": "3"
          },
          {
            "area": "EN2 9BB",
            "lat": 51.682589,
            "lon": -0.097914,
            "reference": "INCD-626947-Z",
            "status": "planned",
            "type": "3"
          },
          {
            "area": "EN2 9BJ",
            "lat": 51.678576,
            "lon": -0.101655,
            "reference": "INCD-626947-Z",
            "status": "planned",
            "type": "3"
          },
          {
            "area": "EN2 9BN",
            "lat": 51.680765,
            "lon": -0.098019,
            "reference": "INCD-626947-Z",
            "status": "planned",
            "type": "3"
          },
          {
            "area": "EN2 9BW",
            "lat": 51.678739,
            "lon": -0.095645,
            "reference": "INCD-626947-Z",
            "status": "planned",
            "type": "3"
          },
          {
            "area": "EN2 9BY",
            "lat": 51.680254,
            "lon": -0.102568,
            "reference": "INCD-626947-Z",
            "status": "planned",
            "type": "3"
          },
          {
            "area": "EN2 9DD",
            "lat": 51.680803,
            "lon": -0.102618,
            "reference": "INCD-626947-Z",
            "status": "planned",
            "type": "3"
          },
          {
            "area": "EN2 9DE",
            "lat": 51.680784,
            "lon": -0.101403,
            "reference": "INCD-626947-Z",
            "status": "planned",
            "type": "3"
          },
          {
            "area": "EN2 9DH",
            "lat": 51.681774,
            "lon": -0.098686,
            "reference": "INCD-626947-Z",
            "status": "planned",
            "type": "3"
          },
          {
            "area": "EN2 9DX",
            "lat": 51.683273,
            "lon": -0.104106,
            "reference": "INCD-626947-Z",
            "status": "planned",
            "type": "3"
          },
          {
            "area": "EN2 9DZ",
            "lat": 51.68431,
            "lon": -0.099245,
            "reference": "INCD-626947-Z",
            "status": "planned",
            "type": "3"
          },
          {
            "area": "EN2 9HS",
            "lat": 51.681066,
            "lon": -0.077827,
            "reference": "INCD-626947-Z",
            "status": "planned",
            "type": "3"
          },
          {
            "area": "EN2 9HW",
            "lat": 51.682446,
            "lon": -0.089139,
            "reference": "INCD-626947-Z",
            "status": "planned",
            "type": "3"
          },
          {
            "area": "EN2 9JQ",
            "lat": 51.674355,
            "lon": -0.097535,
            "reference": "INCD-626947-Z",
            "status": "planned",
            "type": "3"
          },
          {
            "area": "EN2 9JX",
            "lat": 51.667426,
            "lon": -0.075729,
            "reference": "INCD-626947-Z",
            "status": "planned",
            "type": "3"
          },
          {
            "area": "EN6 4QX",
            "lat": 51.699141,
            "lon": -0.129072,
            "reference": "INCD-626947-Z",
            "status": "planned",
            "type": "3"
          },
          {
            "area": "EN6 4QZ",
            "lat": 51.700152,
            "lon": -0.124225,
            "reference": "INCD-626947-Z",
            "status": "planned",
            "type": "3"
          },
          {
            "area": "EN6 5QS",
            "lat": 51.685407,
            "lon": -0.166514,
            "reference": "INCD-626947-Z",
            "status": "planned",
            "type": "3"
          },
          {
            "area": "EN6 5QT",
            "lat": 51.684828,
            "lon": -0.158841,
            "reference": "INCD-626947-Z",
            "status": "planned",
            "type": "3"
          },
          {
            "area": "N14 4NG",
            "lat": 51.640202,
            "lon": -0.131714,
            "reference": "INCD-626947-Z",
            "status": "planned",
            "type": "3"
          },
          {
            "area": "N14 4JG",
            "lat": 51.637084,
            "lon": -0.127911,
            "reference": "INCD-626947-Z",
            "status": "planned",
            "type": "3"
          },
          {
            "area": "EN2 8PR",
            "lat": 51.654956,
            "lon": -0.098521,
            "reference": "INCD-626947-Z",
            "status": "planned",
            "type": "3"
          },
          {
            "area": "EN2 9BH",
            "lat": 51.680437,
            "lon": -0.094981,
            "reference": "INCD-626947-Z",
            "status": "planned",
            "type": "3"
          },
          {
            "area": "EN2 9BS",
            "lat": 51.679306,
            "lon": -0.096778,
            "reference": "INCD-626947-Z",
            "status": "planned",
            "type": "3"
          },
          {
            "area": "EN2 9DG",
            "lat": 51.682683,
            "lon": -0.098156,
            "reference": "INCD-626947-Z",
            "status": "planned",
            "type": "3"
          },
          {
            "area": "EN2 9DJ",
            "lat": 51.683428,
            "lon": -0.102002,
            "reference": "INCD-626947-Z",
            "status": "planned",
            "type": "3"
          },
          {
            "area": "EN2 9EE",
            "lat": 51.684386,
            "lon": -0.105636,
            "reference": "INCD-626947-Z",
            "status": "planned",
            "type": "3"
          },
          {
            "area": "EN2 9EG",
            "lat": 51.667066,
            "lon": -0.070798,
            "reference": "INCD-626947-Z",
            "status": "planned",
            "type": "3"
          },
          {
            "area": "EN2 9HA",
            "lat": 51.66979,
            "lon": -0.068542,
            "reference": "INCD-626947-Z",
            "status": "planned",
            "type": "3"
          },
          {
            "area": "EN2 9HJ",
            "lat": 51.681712,
            "lon": -0.076136,
            "reference": "INCD-626947-Z",
            "status": "planned",
            "type": "3"
          },
          {
            "area": "EN2 9JA",
            "lat": 51.671584,
            "lon": -0.086428,
            "reference": "INCD-626947-Z",
            "status": "planned",
            "type": "3"
          },
          {
            "area": "EN2 9JP",
            "lat": 51.673925,
            "lon": -0.097669,
            "reference": "INCD-626947-Z",
            "status": "planned",
            "type": "3"
          },
          {
            "area": "EN2 8PP",
            "lat": 51.657314,
            "lon": -0.09861,
            "reference": "INCD-626947-Z",
            "status": "planned",
            "type": "3"
          },
          {
            "area": "EN2 8QT",
            "lat": 51.65777,
            "lon": -0.09956,
            "reference": "INCD-626947-Z",
            "status": "planned",
            "type": "3"
          },
          {
            "area": "EN2 9BQ",
            "lat": 51.677408,
            "lon": -0.097292,
            "reference": "INCD-626947-Z",
            "status": "planned",
            "type": "3"
          },
          {
            "area": "EN2 9BX",
            "lat": 51.680429,
            "lon": -0.100565,
            "reference": "INCD-626947-Z",
            "status": "planned",
            "type": "3"
          },
          {
            "area": "EN2 9EX",
            "lat": 51.669474,
            "lon": -0.065229,
            "reference": "INCD-626947-Z",
            "status": "planned",
            "type": "3"
          },
          {
            "area": "N21 3DS",
            "lat": 51.632061,
            "lon": -0.085781,
            "reference": "INCD-626947-Z",
            "status": "planned",
            "type": "3"
          },
          {
            "area": "N21 3DY",
            "lat": 51.63225,
            "lon": -0.084169,
            "reference": "INCD-626947-Z",
            "status": "planned",
            "type": "3"
          },
          {
            "area": "EN2 8NG",
            "lat": 51.661996,
            "lon": -0.102333,
            "reference": "INCD-626947-Z",
            "status": "planned",
            "type": "3"
          },
          {
            "area": "EN2 8PZ",
            "lat": 51.658293,
            "lon": -0.09802,
            "reference": "INCD-626947-Z",
            "status": "planned",
            "type": "3"
          },
          {
            "area": "EN6 4RD",
            "lat": 51.701641,
            "lon": -0.119518,
            "reference": "INCD-626947-Z",
            "status": "planned",
            "type": "3"
          },
          {
            "area": "EN2 0QD",
            "lat": 51.660526,
            "lon": -0.080518,
            "reference": "INCD-626947-Z",
            "status": "planned",
            "type": "3"
          },
          {
            "area": "EN2 0QG",
            "lat": 51.661023,
            "lon": -0.083432,
            "reference": "INCD-626947-Z",
            "status": "planned",
            "type": "3"
          },
          {
            "area": "EN2 0QJ",
            "lat": 51.661891,
            "lon": -0.08701,
            "reference": "INCD-626947-Z",
            "status": "planned",
            "type": "3"
          },
          {
            "area": "EN2 0QN",
            "lat": 51.660056,
            "lon": -0.087536,
            "reference": "INCD-626947-Z",
            "status": "planned",
            "type": "3"
          },
          {
            "area": "EN2 0QP",
            "lat": 51.661749,
            "lon": -0.088766,
            "reference": "INCD-626947-Z",
            "status": "planned",
            "type": "3"
          },
          {
            "area": "EN2 0QQ",
            "lat": 51.661703,
            "lon": -0.083201,
            "reference": "INCD-626947-Z",
            "status": "planned",
            "type": "3"
          },
          {
            "area": "EN2 0QR",
            "lat": 51.661116,
            "lon": -0.088546,
            "reference": "INCD-626947-Z",
            "status": "planned",
            "type": "3"
          },
          {
            "area": "EN2 0QS",
            "lat": 51.662704,
            "lon": -0.089983,
            "reference": "INCD-626947-Z",
            "status": "planned",
            "type": "3"
          },
          {
            "area": "EN2 0QT",
            "lat": 51.663281,
            "lon": -0.092287,
            "reference": "INCD-626947-Z",
            "status": "planned",
            "type": "3"
          },
          {
            "area": "EN2 0QU",
            "lat": 51.663834,
            "lon": -0.094231,
            "reference": "INCD-626947-Z",
            "status": "planned",
            "type": "3"
          },
          {
            "area": "EN2 0QX",
            "lat": 51.662554,
            "lon": -0.086866,
            "reference": "INCD-626947-Z",
            "status": "planned",
            "type": "3"
          },
          {
            "area": "EN2 0QZ",
            "lat": 51.661684,
            "lon": -0.086469,
            "reference": "INCD-626947-Z",
            "status": "planned",
            "type": "3"
          },
          {
            "area": "EN2 0RA",
            "lat": 51.663345,
            "lon": -0.086284,
            "reference": "INCD-626947-Z",
            "status": "planned",
            "type": "3"
          },
          {
            "area": "EN2 0RD",
            "lat": 51.663996,
            "lon": -0.087066,
            "reference": "INCD-626947-Z",
            "status": "planned",
            "type": "3"
          },
          {
            "area": "EN2 0RE",
            "lat": 51.663311,
            "lon": -0.087529,
            "reference": "INCD-626947-Z",
            "status": "planned",
            "type": "3"
          },
          {
            "area": "EN2 0RF",
            "lat": 51.66269,
            "lon": -0.088017,
            "reference": "INCD-626947-Z",
            "status": "planned",
            "type": "3"
          },
          {
            "area": "EN2 0RG",
            "lat": 51.663244,
            "lon": -0.088891,
            "reference": "INCD-626947-Z",
            "status": "planned",
            "type": "3"
          },
          {
            "area": "EN2 0RJ",
            "lat": 51.661926,
            "lon": -0.09191,
            "reference": "INCD-626947-Z",
            "status": "planned",
            "type": "3"
          },
          {
            "area": "EN2 0RL",
            "lat": 51.661646,
            "lon": -0.088553,
            "reference": "INCD-626947-Z",
            "status": "planned",
            "type": "3"
          },
          {
            "area": "EN2 0RP",
            "lat": 51.659599,
            "lon": -0.088726,
            "reference": "INCD-626947-Z",
            "status": "planned",
            "type": "3"
          },
          {
            "area": "EN2 0RQ",
            "lat": 51.663727,
            "lon": -0.089868,
            "reference": "INCD-626947-Z",
            "status": "planned",
            "type": "3"
          },
          {
            "area": "EN2 0RS",
            "lat": 51.660464,
            "lon": -0.08827,
            "reference": "INCD-626947-Z",
            "status": "planned",
            "type": "3"
          },
          {
            "area": "EN2 0RT",
            "lat": 51.662348,
            "lon": -0.092991,
            "reference": "INCD-626947-Z",
            "status": "planned",
            "type": "3"
          },
          {
            "area": "EN2 0RX",
            "lat": 51.660004,
            "lon": -0.090386,
            "reference": "INCD-626947-Z",
            "status": "planned",
            "type": "3"
          },
          {
            "area": "EN2 0SR",
            "lat": 51.664354,
            "lon": -0.07758,
            "reference": "INCD-626947-Z",
            "status": "planned",
            "type": "3"
          },
          {
            "area": "EN2 9BE",
            "lat": 51.674725,
            "lon": -0.095394,
            "reference": "INCD-626947-Z",
            "status": "planned",
            "type": "3"
          },
          {
            "area": "EN2 9BL",
            "lat": 51.679821,
            "lon": -0.098059,
            "reference": "INCD-626947-Z",
            "status": "planned",
            "type": "3"
          },
          {
            "area": "EN2 9JU",
            "lat": 51.667439,
            "lon": -0.075424,
            "reference": "INCD-626947-Z",
            "status": "planned",
            "type": "3"
          },
          {
            "area": "N14 6HR",
            "lat": 51.637019,
            "lon": -0.120443,
            "reference": "INCD-626947-Z",
            "status": "planned",
            "type": "3"
          },
          {
            "area": "N14 6QA",
            "lat": 51.63922,
            "lon": -0.119239,
            "reference": "INCD-626947-Z",
            "status": "planned",
            "type": "3"
          },
          {
            "area": "EN2 9HH",
            "lat": 51.678334,
            "lon": -0.079591,
            "reference": "INCD-626947-Z",
            "status": "planned",
            "type": "3"
          },
          {
            "area": "EN2 9JL",
            "lat": 51.672862,
            "lon": -0.085955,
            "reference": "INCD-626947-Z",
            "status": "planned",
            "type": "3"
          },
          {
            "area": "EN2 0RB",
            "lat": 51.663218,
            "lon": -0.086217,
            "reference": "INCD-626947-Z",
            "status": "planned",
            "type": "3"
          },
          {
            "area": "EN2 0RH",
            "lat": 51.664235,
            "lon": -0.092883,
            "reference": "INCD-626947-Z",
            "status": "planned",
            "type": "3"
          },
          {
            "area": "EN2 0RU",
            "lat": 51.660212,
            "lon": -0.089958,
            "reference": "INCD-626947-Z",
            "status": "planned",
            "type": "3"
          },
          {
            "area": "EN2 0ST",
            "lat": 51.664688,
            "lon": -0.079301,
            "reference": "INCD-626947-Z",
            "status": "planned",
            "type": "3"
          },
          {
            "area": "EN2 0SU",
            "lat": 51.664215,
            "lon": -0.079552,
            "reference": "INCD-626947-Z",
            "status": "planned",
            "type": "3"
          },
          {
            "area": "EN2 0SY",
            "lat": 51.663938,
            "lon": -0.078002,
            "reference": "INCD-626947-Z",
            "status": "planned",
            "type": "3"
          },
          {
            "area": "EN2 0SZ",
            "lat": 51.66405,
            "lon": -0.077708,
            "reference": "INCD-626947-Z",
            "status": "planned",
            "type": "3"
          },
          {
            "area": "EN2 0TF",
            "lat": 51.665094,
            "lon": -0.090967,
            "reference": "INCD-626947-Z",
            "status": "planned",
            "type": "3"
          },
          {
            "area": "EN2 0TG",
            "lat": 51.664225,
            "lon": -0.091712,
            "reference": "INCD-626947-Z",
            "status": "planned",
            "type": "3"
          },
          {
            "area": "EN2 0TH",
            "lat": 51.666727,
            "lon": -0.091333,
            "reference": "INCD-626947-Z",
            "status": "planned",
            "type": "3"
          },
          {
            "area": "EN2 0TJ",
            "lat": 51.667063,
            "lon": -0.091492,
            "reference": "INCD-626947-Z",
            "status": "planned",
            "type": "3"
          },
          {
            "area": "EN2 0TL",
            "lat": 51.666227,
            "lon": -0.092077,
            "reference": "INCD-626947-Z",
            "status": "planned",
            "type": "3"
          },
          {
            "area": "EN2 0TP",
            "lat": 51.664744,
            "lon": -0.094915,
            "reference": "INCD-626947-Z",
            "status": "planned",
            "type": "3"
          },
          {
            "area": "EN2 0TQ",
            "lat": 51.664668,
            "lon": -0.091347,
            "reference": "INCD-626947-Z",
            "status": "planned",
            "type": "3"
          },
          {
            "area": "EN2 0TR",
            "lat": 51.665185,
            "lon": -0.094347,
            "reference": "INCD-626947-Z",
            "status": "planned",
            "type": "3"
          },
          {
            "area": "EN2 0TS",
            "lat": 51.664568,
            "lon": -0.093462,
            "reference": "INCD-626947-Z",
            "status": "planned",
            "type": "3"
          },
          {
            "area": "EN2 0TX",
            "lat": 51.66525,
            "lon": -0.092812,
            "reference": "INCD-626947-Z",
            "status": "planned",
            "type": "3"
          },
          {
            "area": "EN2 0TZ",
            "lat": 51.665452,
            "lon": -0.093628,
            "reference": "INCD-626947-Z",
            "status": "planned",
            "type": "3"
          },
          {
            "area": "N14 5DJ",
            "lat": 51.630931,
            "lon": -0.141921,
            "reference": "INCD-626947-Z",
            "status": "planned",
            "type": "3"
          },
          {
            "area": "N14 6PX",
            "lat": 51.634437,
            "lon": -0.122067,
            "reference": "INCD-626947-Z",
            "status": "planned",
            "type": "3"
          },
          {
            "area": "EN2 0TT",
            "lat": 51.665064,
            "lon": -0.091894,
            "reference": "INCD-626947-Z",
            "status": "planned",
            "type": "3"
          },
          {
            "area": "EN2 0UD",
            "lat": 51.668571,
            "lon": -0.095218,
            "reference": "INCD-626947-Z",
            "status": "planned",
            "type": "3"
          },
          {
            "area": "EN2 0TN",
            "lat": 51.665819,
            "lon": -0.093569,
            "reference": "INCD-626947-Z",
            "status": "planned",
            "type": "3"
          },
          {
            "area": "EN2 0TU",
            "lat": 51.665072,
            "lon": -0.092414,
            "reference": "INCD-626947-Z",
            "status": "planned",
            "type": "3"
          },
          {
            "area": "EN2 0TY",
            "lat": 51.665889,
            "lon": -0.092337,
            "reference": "INCD-626947-Z",
            "status": "planned",
            "type": "3"
          },
          {
            "area": "EN2 9DN",
            "lat": 51.683157,
            "lon": -0.102476,
            "reference": "INCD-626947-Z",
            "status": "planned",
            "type": "3"
          },
          {
            "area": "EN2 9HN",
            "lat": 51.681712,
            "lon": -0.076136,
            "reference": "INCD-626947-Z",
            "status": "planned",
            "type": "3"
          },
          {
            "area": "EN2 9JN",
            "lat": 51.672661,
            "lon": -0.082435,
            "reference": "INCD-626947-Z",
            "status": "planned",
            "type": "3"
          },
          {
            "area": "EN2 9DR",
            "lat": 51.684056,
            "lon": -0.104116,
            "reference": "INCD-626947-Z",
            "status": "planned",
            "type": "3"
          },
          {
            "area": "EN2 9JB",
            "lat": 51.671488,
            "lon": -0.090988,
            "reference": "INCD-626947-Z",
            "status": "planned",
            "type": "3"
          },
          {
            "area": "N14 6BD",
            "lat": 51.638734,
            "lon": -0.119201,
            "reference": "INCD-626947-Z",
            "status": "planned",
            "type": "3"
          },
          {
            "area": "N14 4EA",
            "lat": 51.640267,
            "lon": -0.132969,
            "reference": "INCD-626947-Z",
            "status": "planned",
            "type": "3"
          },
          {
            "area": "EN2 0SP",
            "lat": 51.664642,
            "lon": -0.077596,
            "reference": "INCD-626947-Z",
            "status": "planned",
            "type": "3"
          },
          {
            "area": "EN2 0SX",
            "lat": 51.665154,
            "lon": -0.078124,
            "reference": "INCD-626947-Z",
            "status": "planned",
            "type": "3"
          },
          {
            "area": "N14 4AB",
            "lat": 51.642305,
            "lon": -0.142959,
            "reference": "INCD-626947-Z",
            "status": "planned",
            "type": "3"
          },
          {
            "area": "N14 4NJ",
            "lat": 51.642012,
            "lon": -0.132463,
            "reference": "INCD-626947-Z",
            "status": "planned",
            "type": "3"
          },
          {
            "area": "N14 6QD",
            "lat": 51.639541,
            "lon": -0.119023,
            "reference": "INCD-626947-Z",
            "status": "planned",
            "type": "3"
          },
          {
            "area": "EN2 6AZ",
            "lat": 51.652088,
            "lon": -0.084691,
            "reference": "INCD-626947-Z",
            "status": "planned",
            "type": "3"
          },
          {
            "area": "EN2 9DU",
            "lat": 51.688302,
            "lon": -0.105907,
            "reference": "INCD-626947-Z",
            "status": "planned",
            "type": "3"
          },
          {
            "area": "N14 4UQ",
            "lat": 51.643319,
            "lon": -0.125891,
            "reference": "INCD-626947-Z",
            "status": "planned",
            "type": "3"
          }
        ],
        "startedAt": null,
        "restoreAt": null,
        "restoreAtText": "22 Aug 13:00 - 14:00",
        "updatedAt": null,
        "officialUrl": "https://www.ukpowernetworks.co.uk/power-cut/map",
        "locationQuality": "postcode_aggregate",
        "rawRecordCount": 1304,
        "coordinateSpreadKm": 5.867
      }
    },
    {
      "type": "Feature",
      "id": "ukpn:planned:incd-80752-n",
      "geometry": {
        "type": "Point",
        "coordinates": [
          0.22517,
          51.43411
        ]
      },
      "properties": {
        "providerId": "ukpn",
        "provider": "UK Power Networks",
        "feedIds": [
          "live"
        ],
        "reference": "INCD-80752-N",
        "category": "planned",
        "status": "planned",
        "type": "2",
        "area": "Published incident location",
        "areas": [
          "Published incident location"
        ],
        "postcodes": [
          "DA1 1DN",
          "DA1 1BZ",
          "DA1 1DA",
          "DA1 1BY"
        ],
        "groupedLocations": [
          {
            "area": "DA1 1DN",
            "lat": 51.444897,
            "lon": 0.218738,
            "reference": "INCD-80752-N",
            "status": "planned",
            "type": "2"
          },
          {
            "area": "DA1 1BZ",
            "lat": 51.444416,
            "lon": 0.218039,
            "reference": "INCD-80752-N",
            "status": "planned",
            "type": "2"
          },
          {
            "area": "DA1 1DA",
            "lat": 51.444528,
            "lon": 0.217828,
            "reference": "INCD-80752-N",
            "status": "planned",
            "type": "2"
          },
          {
            "area": "DA1 1BY",
            "lat": 51.444533,
            "lon": 0.217584,
            "reference": "INCD-80752-N",
            "status": "planned",
            "type": "2"
          }
        ],
        "startedAt": null,
        "restoreAt": null,
        "restoreAtText": "22 Aug 16:00 - 17:00",
        "updatedAt": null,
        "officialUrl": "https://www.ukpowernetworks.co.uk/power-cut/map",
        "locationQuality": "postcode_aggregate",
        "rawRecordCount": 4,
        "coordinateSpreadKm": 0.059
      }
    },
    {
      "type": "Feature",
      "id": "ukpn:planned:incd-458250-g",
      "geometry": {
        "type": "Point",
        "coordinates": [
          -0.31239,
          51.40593
        ]
      },
      "properties": {
        "providerId": "ukpn",
        "provider": "UK Power Networks",
        "feedIds": [
          "live"
        ],
        "reference": "INCD-458250-G",
        "category": "planned",
        "status": "planned",
        "type": "2",
        "area": "Published incident location",
        "areas": [
          "Published incident location"
        ],
        "postcodes": [
          "TW11 9JQ",
          "KT1 4DR",
          "KT1 4DY",
          "KT1 4EF",
          "TW11 9JJ",
          "KT1 4DL",
          "TW11 9HZ",
          "TW11 9FE",
          "TW11 9PS"
        ],
        "groupedLocations": [
          {
            "area": "TW11 9JQ",
            "lat": 51.41884,
            "lon": -0.316911,
            "reference": "INCD-458250-G",
            "status": "planned",
            "type": "2"
          },
          {
            "area": "KT1 4DR",
            "lat": 51.417646,
            "lon": -0.315833,
            "reference": "INCD-458250-G",
            "status": "planned",
            "type": "2"
          },
          {
            "area": "KT1 4DY",
            "lat": 51.415592,
            "lon": -0.313061,
            "reference": "INCD-458250-G",
            "status": "planned",
            "type": "2"
          },
          {
            "area": "KT1 4EF",
            "lat": 51.416681,
            "lon": -0.315596,
            "reference": "INCD-458250-G",
            "status": "planned",
            "type": "2"
          },
          {
            "area": "TW11 9JJ",
            "lat": 51.420671,
            "lon": -0.317937,
            "reference": "INCD-458250-G",
            "status": "planned",
            "type": "2"
          },
          {
            "area": "KT1 4DL",
            "lat": 51.416497,
            "lon": -0.314682,
            "reference": "INCD-458250-G",
            "status": "planned",
            "type": "2"
          },
          {
            "area": "TW11 9HZ",
            "lat": 51.424065,
            "lon": -0.321955,
            "reference": "INCD-458250-G",
            "status": "planned",
            "type": "2"
          },
          {
            "area": "TW11 9FE",
            "lat": 51.418454,
            "lon": -0.315099,
            "reference": "INCD-458250-G",
            "status": "planned",
            "type": "2"
          },
          {
            "area": "TW11 9PS",
            "lat": 51.418983,
            "lon": -0.314332,
            "reference": "INCD-458250-G",
            "status": "planned",
            "type": "2"
          }
        ],
        "startedAt": null,
        "restoreAt": null,
        "restoreAtText": "22 Aug 16:30 - 17:30",
        "updatedAt": null,
        "officialUrl": "https://www.ukpowernetworks.co.uk/power-cut/map",
        "locationQuality": "postcode_aggregate",
        "rawRecordCount": 9,
        "coordinateSpreadKm": 0.728
      }
    },
    {
      "type": "Feature",
      "id": "ukpn:planned:incd-626978-z",
      "geometry": {
        "type": "Point",
        "coordinates": [
          0.22209,
          51.82686
        ]
      },
      "properties": {
        "providerId": "ukpn",
        "provider": "UK Power Networks",
        "feedIds": [
          "live"
        ],
        "reference": "INCD-626978-Z",
        "category": "planned",
        "status": "planned",
        "type": "3",
        "area": "Published incident location",
        "areas": [
          "Published incident location"
        ],
        "postcodes": [
          "CM22 7AA",
          "CM22 7EZ",
          "CM22 7DL",
          "CM22 7DP",
          "CM22 7DS",
          "CM22 7DU",
          "CM22 7DH",
          "CM22 7EE",
          "CM22 7DD",
          "CM22 7EG",
          "CM22 7EU",
          "CM22 7EH",
          "CM22 7EJ",
          "CM22 7EP",
          "CM22 7EN",
          "CM22 7ER",
          "CM22 7ES",
          "CM22 7BL",
          "CM22 7BN",
          "CM22 7LF",
          "CM22 7HB",
          "CM22 7HA",
          "CM22 7HN",
          "CM22 7EB",
          "CM22 7FA",
          "CM22 7ED",
          "CM22 7DR",
          "CM22 7RT",
          "CM22 7RS",
          "CM22 7RU",
          "CM22 7BS",
          "CM22 7BP",
          "CM22 7FB",
          "CM22 7FE",
          "CM22 7ET",
          "CM22 7EL"
        ],
        "groupedLocations": [
          {
            "area": "CM22 7AA",
            "lat": 51.816265,
            "lon": 0.202795,
            "reference": "INCD-626978-Z",
            "status": "planned",
            "type": "3"
          },
          {
            "area": "CM22 7EZ",
            "lat": 51.815314,
            "lon": 0.200761,
            "reference": "INCD-626978-Z",
            "status": "planned",
            "type": "3"
          },
          {
            "area": "CM22 7DL",
            "lat": 51.817884,
            "lon": 0.19797,
            "reference": "INCD-626978-Z",
            "status": "planned",
            "type": "3"
          },
          {
            "area": "CM22 7DP",
            "lat": 51.8141,
            "lon": 0.200267,
            "reference": "INCD-626978-Z",
            "status": "planned",
            "type": "3"
          },
          {
            "area": "CM22 7DS",
            "lat": 51.814676,
            "lon": 0.203124,
            "reference": "INCD-626978-Z",
            "status": "planned",
            "type": "3"
          },
          {
            "area": "CM22 7DU",
            "lat": 51.814589,
            "lon": 0.203439,
            "reference": "INCD-626978-Z",
            "status": "planned",
            "type": "3"
          },
          {
            "area": "CM22 7DH",
            "lat": 51.813906,
            "lon": 0.208658,
            "reference": "INCD-626978-Z",
            "status": "planned",
            "type": "3"
          },
          {
            "area": "CM22 7EE",
            "lat": 51.81503,
            "lon": 0.212035,
            "reference": "INCD-626978-Z",
            "status": "planned",
            "type": "3"
          },
          {
            "area": "CM22 7DD",
            "lat": 51.813778,
            "lon": 0.210248,
            "reference": "INCD-626978-Z",
            "status": "planned",
            "type": "3"
          },
          {
            "area": "CM22 7EG",
            "lat": 51.81434,
            "lon": 0.210928,
            "reference": "INCD-626978-Z",
            "status": "planned",
            "type": "3"
          },
          {
            "area": "CM22 7EU",
            "lat": 51.81344,
            "lon": 0.208127,
            "reference": "INCD-626978-Z",
            "status": "planned",
            "type": "3"
          },
          {
            "area": "CM22 7EH",
            "lat": 51.815214,
            "lon": 0.205588,
            "reference": "INCD-626978-Z",
            "status": "planned",
            "type": "3"
          },
          {
            "area": "CM22 7EJ",
            "lat": 51.815512,
            "lon": 0.204558,
            "reference": "INCD-626978-Z",
            "status": "planned",
            "type": "3"
          },
          {
            "area": "CM22 7EP",
            "lat": 51.81543,
            "lon": 0.203175,
            "reference": "INCD-626978-Z",
            "status": "planned",
            "type": "3"
          },
          {
            "area": "CM22 7EN",
            "lat": 51.814815,
            "lon": 0.203856,
            "reference": "INCD-626978-Z",
            "status": "planned",
            "type": "3"
          },
          {
            "area": "CM22 7ER",
            "lat": 51.815275,
            "lon": 0.207129,
            "reference": "INCD-626978-Z",
            "status": "planned",
            "type": "3"
          },
          {
            "area": "CM22 7ES",
            "lat": 51.816207,
            "lon": 0.203489,
            "reference": "INCD-626978-Z",
            "status": "planned",
            "type": "3"
          },
          {
            "area": "CM22 7BL",
            "lat": 51.817129,
            "lon": 0.217115,
            "reference": "INCD-626978-Z",
            "status": "planned",
            "type": "3"
          },
          {
            "area": "CM22 7BN",
            "lat": 51.818936,
            "lon": 0.215187,
            "reference": "INCD-626978-Z",
            "status": "planned",
            "type": "3"
          },
          {
            "area": "CM22 7LF",
            "lat": 51.824275,
            "lon": 0.231514,
            "reference": "INCD-626978-Z",
            "status": "planned",
            "type": "3"
          },
          {
            "area": "CM22 7HB",
            "lat": 51.826241,
            "lon": 0.239244,
            "reference": "INCD-626978-Z",
            "status": "planned",
            "type": "3"
          },
          {
            "area": "CM22 7HA",
            "lat": 51.826741,
            "lon": 0.233304,
            "reference": "INCD-626978-Z",
            "status": "planned",
            "type": "3"
          },
          {
            "area": "CM22 7HN",
            "lat": 51.824821,
            "lon": 0.242062,
            "reference": "INCD-626978-Z",
            "status": "planned",
            "type": "3"
          },
          {
            "area": "CM22 7EB",
            "lat": 51.812957,
            "lon": 0.208945,
            "reference": "INCD-626978-Z",
            "status": "planned",
            "type": "3"
          },
          {
            "area": "CM22 7FA",
            "lat": 51.813195,
            "lon": 0.209653,
            "reference": "INCD-626978-Z",
            "status": "planned",
            "type": "3"
          },
          {
            "area": "CM22 7ED",
            "lat": 51.8139,
            "lon": 0.212836,
            "reference": "INCD-626978-Z",
            "status": "planned",
            "type": "3"
          },
          {
            "area": "CM22 7DR",
            "lat": 51.813567,
            "lon": 0.190767,
            "reference": "INCD-626978-Z",
            "status": "planned",
            "type": "3"
          },
          {
            "area": "CM22 7RT",
            "lat": 51.82091,
            "lon": 0.193866,
            "reference": "INCD-626978-Z",
            "status": "planned",
            "type": "3"
          },
          {
            "area": "CM22 7RS",
            "lat": 51.821725,
            "lon": 0.191641,
            "reference": "INCD-626978-Z",
            "status": "planned",
            "type": "3"
          },
          {
            "area": "CM22 7RU",
            "lat": 51.820444,
            "lon": 0.194278,
            "reference": "INCD-626978-Z",
            "status": "planned",
            "type": "3"
          },
          {
            "area": "CM22 7BS",
            "lat": 51.825411,
            "lon": 0.218044,
            "reference": "INCD-626978-Z",
            "status": "planned",
            "type": "3"
          },
          {
            "area": "CM22 7BP",
            "lat": 51.824317,
            "lon": 0.216002,
            "reference": "INCD-626978-Z",
            "status": "planned",
            "type": "3"
          },
          {
            "area": "CM22 7FB",
            "lat": 51.817194,
            "lon": 0.205975,
            "reference": "INCD-626978-Z",
            "status": "planned",
            "type": "3"
          },
          {
            "area": "CM22 7FE",
            "lat": 51.816136,
            "lon": 0.204835,
            "reference": "INCD-626978-Z",
            "status": "planned",
            "type": "3"
          },
          {
            "area": "CM22 7ET",
            "lat": 51.815531,
            "lon": 0.205966,
            "reference": "INCD-626978-Z",
            "status": "planned",
            "type": "3"
          },
          {
            "area": "CM22 7EL",
            "lat": 51.8163,
            "lon": 0.205728,
            "reference": "INCD-626978-Z",
            "status": "planned",
            "type": "3"
          }
        ],
        "startedAt": null,
        "restoreAt": null,
        "restoreAtText": "22 Aug 16:30 - 17:30",
        "updatedAt": null,
        "officialUrl": "https://www.ukpowernetworks.co.uk/power-cut/map",
        "locationQuality": "postcode_aggregate",
        "rawRecordCount": 36,
        "coordinateSpreadKm": 2.42
      }
    },
    {
      "type": "Feature",
      "id": "ukpn:current:mult-6b5c9d2c-f7ef-4d07-8d8b-6ddab0100585",
      "geometry": {
        "type": "Point",
        "coordinates": [
          0.95263,
          52.45254
        ]
      },
      "properties": {
        "providerId": "ukpn",
        "provider": "UK Power Networks",
        "feedIds": [
          "live"
        ],
        "reference": "MULT-6b5c9d2c-f7ef-4d07-8d8b-6ddab0100585",
        "category": "current",
        "status": "current",
        "type": "0",
        "area": "Published incident location",
        "areas": [
          "Published incident location"
        ],
        "postcodes": [],
        "groupedLocations": [
          {
            "area": "Published incident location",
            "lat": 52.45254,
            "lon": 0.95263,
            "reference": "MULT-6b5c9d2c-f7ef-4d07-8d8b-6ddab0100585",
            "status": "current",
            "type": "0"
          }
        ],
        "startedAt": null,
        "restoreAt": null,
        "restoreAtText": "",
        "updatedAt": null,
        "officialUrl": "https://www.ukpowernetworks.co.uk/power-cut/map",
        "locationQuality": "postcode_aggregate",
        "rawRecordCount": 1,
        "coordinateSpreadKm": 0
      }
    },
    {
      "type": "Feature",
      "id": "ukpn:current:mult-b3988a88-2f37-4d89-a19c-4493ccaf200d",
      "geometry": {
        "type": "Point",
        "coordinates": [
          0.66584,
          52.05021
        ]
      },
      "properties": {
        "providerId": "ukpn",
        "provider": "UK Power Networks",
        "feedIds": [
          "live"
        ],
        "reference": "MULT-b3988a88-2f37-4d89-a19c-4493ccaf200d",
        "category": "current",
        "status": "current",
        "type": "0",
        "area": "Published incident location",
        "areas": [
          "Published incident location"
        ],
        "postcodes": [],
        "groupedLocations": [
          {
            "area": "Published incident location",
            "lat": 52.05021,
            "lon": 0.66584,
            "reference": "MULT-b3988a88-2f37-4d89-a19c-4493ccaf200d",
            "status": "current",
            "type": "0"
          }
        ],
        "startedAt": null,
        "restoreAt": null,
        "restoreAtText": "",
        "updatedAt": null,
        "officialUrl": "https://www.ukpowernetworks.co.uk/power-cut/map",
        "locationQuality": "postcode_aggregate",
        "rawRecordCount": 1,
        "coordinateSpreadKm": 0
      }
    },
    {
      "type": "Feature",
      "id": "ukpn:current:mult-51a148e4-a4ea-418c-9d67-2ef584316207",
      "geometry": {
        "type": "Point",
        "coordinates": [
          0.02457,
          51.08456
        ]
      },
      "properties": {
        "providerId": "ukpn",
        "provider": "UK Power Networks",
        "feedIds": [
          "live"
        ],
        "reference": "MULT-51a148e4-a4ea-418c-9d67-2ef584316207",
        "category": "current",
        "status": "current",
        "type": "0",
        "area": "Published incident location",
        "areas": [
          "Published incident location"
        ],
        "postcodes": [],
        "groupedLocations": [
          {
            "area": "Published incident location",
            "lat": 51.08456,
            "lon": 0.02457,
            "reference": "MULT-51a148e4-a4ea-418c-9d67-2ef584316207",
            "status": "current",
            "type": "0"
          }
        ],
        "startedAt": null,
        "restoreAt": null,
        "restoreAtText": "",
        "updatedAt": null,
        "officialUrl": "https://www.ukpowernetworks.co.uk/power-cut/map",
        "locationQuality": "postcode_aggregate",
        "rawRecordCount": 1,
        "coordinateSpreadKm": 0
      }
    },
    {
      "type": "Feature",
      "id": "ukpn:current:mult-3f479947-f3a1-4eb0-ba76-c3b152198da6",
      "geometry": {
        "type": "Point",
        "coordinates": [
          -0.17591,
          50.93634
        ]
      },
      "properties": {
        "providerId": "ukpn",
        "provider": "UK Power Networks",
        "feedIds": [
          "live"
        ],
        "reference": "MULT-3f479947-f3a1-4eb0-ba76-c3b152198da6",
        "category": "current",
        "status": "current",
        "type": "0",
        "area": "Published incident location",
        "areas": [
          "Published incident location"
        ],
        "postcodes": [],
        "groupedLocations": [
          {
            "area": "Published incident location",
            "lat": 50.93634,
            "lon": -0.17591,
            "reference": "MULT-3f479947-f3a1-4eb0-ba76-c3b152198da6",
            "status": "current",
            "type": "0"
          }
        ],
        "startedAt": null,
        "restoreAt": null,
        "restoreAtText": "",
        "updatedAt": null,
        "officialUrl": "https://www.ukpowernetworks.co.uk/power-cut/map",
        "locationQuality": "postcode_aggregate",
        "rawRecordCount": 1,
        "coordinateSpreadKm": 0
      }
    }
  ]
}
